-0.046707,0.06933,0.60201,-0.087091,0.056366,0.60799,-6.0774e-05,0.074247,0.59298
-0.047677,0.068874,0.60176,-0.088134,0.05606,0.60765,-0.0008568,0.073963,0.59315
-0.047693,0.06879,0.60112,-0.088227,0.05578,0.60749,-0.00095348,0.073822,0.59276
-0.047502,0.068492,0.60076,-0.088018,0.054907,0.60689,-0.00080474,0.073869,0.59298
-0.047651,0.068406,0.60034,-0.087807,0.054415,0.6062,-0.0010547,0.074033,0.59252
-0.04739,0.06778,0.60028,-0.087562,0.05337,0.6058,-0.00084254,0.07414,0.5925
-0.04732,0.067384,0.59994,-0.086946,0.05246,0.60554,-0.00099913,0.074219,0.59226
-0.046983,0.067003,0.5994,-0.086414,0.051362,0.60465,-0.00090238,0.074004,0.59234
-0.046774,0.066289,0.59898,-0.085781,0.049899,0.60327,-0.0009182,0.073889,0.59218
-0.046575,0.06585,0.59885,-0.085224,0.048447,0.60257,-0.0007424,0.073959,0.59209
-0.046426,0.065131,0.59816,-0.084506,0.047035,0.60101,-0.00068318,0.073705,0.59205
-0.046122,0.064901,0.59768,-0.083626,0.045633,0.5992,-0.00075498,0.073646,0.59197
-0.045919,0.06438,0.59723,-0.082657,0.043724,0.59838,-0.00076795,0.073803,0.59197
-0.04531,0.063784,0.59659,-0.08127,0.041913,0.59671,-0.00049781,0.073789,0.59193
-0.045019,0.062996,0.59637,-0.080093,0.040303,0.59547,-0.0007072,0.07367,0.59184
-0.044689,0.062089,0.59583,-0.078848,0.03835,0.59379,-0.00090523,0.073535,0.5913
-0.044188,0.061472,0.59529,-0.077108,0.037296,0.59195,-0.00073622,0.073256,0.59151
-0.043394,0.060661,0.59467,-0.07548,0.035396,0.59088,-0.00032735,0.073496,0.59135
-0.043095,0.06023,0.59402,-0.073911,0.034096,0.58943,-0.00054658,0.073247,0.59111
-0.042607,0.059477,0.59345,-0.072215,0.032238,0.58831,-0.0005522,0.073266,0.59122
-0.041931,0.058786,0.59298,-0.070573,0.03064,0.5872,-0.00032455,0.07342,0.5911
-0.041228,0.057735,0.59229,-0.068491,0.029212,0.58575,-8.2239e-05,0.073255,0.59115
-0.040519,0.05737,0.59166,-0.066427,0.027979,0.58408,9.656e-05,0.072804,0.59104
-0.040252,0.056439,0.59127,-0.064575,0.02655,0.58323,-0.00018797,0.073098,0.59087
-0.03949,0.056232,0.59089,-0.062677,0.026033,0.58211,-7.2055e-05,0.072938,0.59075
-0.038978,0.055581,0.59042,-0.060253,0.02488,0.58052,-4.8136e-05,0.072813,0.59077
-0.038518,0.0551,0.58989,-0.058581,0.02406,0.5799,-1.2733e-05,0.072743,0.59073
-0.037902,0.054496,0.58971,-0.056557,0.022965,0.57891,-0.00019627,0.072607,0.59073
-0.036999,0.053974,0.58912,-0.05436,0.022377,0.57802,0.00025431,0.072307,0.59095
-0.036321,0.053421,0.58824,-0.052211,0.021578,0.57754,0.00022281,0.07247,0.59061
-0.035462,0.053129,0.58795,-0.050087,0.020718,0.57629,0.00011905,0.072566,0.59037
-0.034935,0.05285,0.5874,-0.048105,0.020294,0.57538,0.00013828,0.072478,0.59041
-0.034094,0.051931,0.58715,-0.045584,0.019714,0.57444,0.0003503,0.07238,0.59023
-0.033318,0.051623,0.58649,-0.043544,0.019231,0.57357,0.00045557,0.072389,0.59004
-0.032833,0.051138,0.58596,-0.041528,0.018791,0.57247,0.00044253,0.072201,0.59015
-0.032044,0.050721,0.5858,-0.039412,0.018627,0.57183,0.00068836,0.071993,0.59013
-0.031489,0.049984,0.58487,-0.037441,0.018202,0.5711,0.00050827,0.071764,0.59006
-0.030674,0.049763,0.58465,-0.035266,0.018262,0.57053,0.0007076,0.071807,0.58995
-0.02986,0.049083,0.58447,-0.033096,0.018134,0.5699,0.00064531,0.07185,0.59008
-0.029205,0.048582,0.58452,-0.031109,0.017454,0.56926,0.00093431,0.071701,0.58999
-0.028639,0.048379,0.58374,-0.028958,0.017447,0.56873,0.00091798,0.071468,0.58959
-0.028045,0.048163,0.58342,-0.027173,0.017581,0.56852,0.00095025,0.071269,0.58981
-0.027123,0.047356,0.58313,-0.025079,0.017462,0.56806,0.0013316,0.071284,0.58927
-0.026532,0.046947,0.5825,-0.023041,0.017543,0.56748,0.0013587,0.07094,0.58939
-0.025731,0.046531,0.5821,-0.021081,0.017172,0.56709,0.0014379,0.070708,0.58911
-0.024738,0.045595,0.58191,-0.019012,0.017164,0.56628,0.0013699,0.070794,0.58895
-0.054992,0.06893,0.60227,-0.095333,0.055839,0.60821,-0.0083994,0.074326,0.59386
-0.05456,0.068635,0.60227,-0.094908,0.055671,0.60785,-0.0079681,0.074247,0.5935
-0.054323,0.068744,0.6015,-0.094698,0.055545,0.60736,-0.0077953,0.073995,0.59337
-0.05417,0.068382,0.60112,-0.094532,0.05497,0.60679,-0.0077075,0.07405,0.59316
-0.054327,0.068165,0.60092,-0.094446,0.053778,0.60678,-0.0077529,0.074209,0.5927
-0.053926,0.067547,0.60031,-0.094133,0.052596,0.60626,-0.0076431,0.073921,0.59269
-0.053866,0.067153,0.60018,-0.093684,0.051499,0.60563,-0.0076259,0.074081,0.59277
-0.053811,0.066618,0.60016,-0.093378,0.050807,0.60492,-0.0076905,0.073906,0.59242
-0.053621,0.066187,0.59984,-0.09271,0.049372,0.60356,-0.0075803,0.073955,0.59244
-0.053287,0.065588,0.59891,-0.092231,0.047892,0.60276,-0.0076133,0.073668,0.59259
-0.052947,0.065129,0.59855,-0.091208,0.046494,0.60106,-0.0074966,0.073735,0.59239
-0.052842,0.064617,0.59813,-0.090308,0.04523,0.60036,-0.0074795,0.073796,0.59243
-0.052361,0.06402,0.59771,-0.089129,0.043504,0.59853,-0.007401,0.073641,0.59242
-0.052092,0.063377,0.59719,-0.087915,0.041571,0.59689,-0.0073684,0.073579,0.59233
-0.051621,0.062464,0.59655,-0.086722,0.039776,0.5956,-0.00732,0.073177,0.59165
-0.051016,0.061852,0.59607,-0.085146,0.038103,0.59382,-0.0074286,0.073428,0.59201
-0.050651,0.061073,0.59574,-0.0838,0.036626,0.59247,-0.0073259,0.073392,0.5919
-0.050363,0.060763,0.59511,-0.082193,0.03492,0.59158,-0.0072094,0.073242,0.59162
-0.049787,0.060018,0.59484,-0.080405,0.033313,0.59018,-0.0072681,0.073421,0.59164
-0.049225,0.059128,0.59441,-0.078902,0.032,0.58859,-0.0071018,0.072999,0.59175
-0.048515,0.058656,0.59348,-0.077025,0.030713,0.58733,-0.0071226,0.073106,0.5916
-0.04798,0.057795,0.5928,-0.075494,0.028827,0.58608,-0.0071714,0.072766,0.59165
-0.047374,0.057073,0.59216,-0.073263,0.02781,0.58504,-0.0071794,0.072831,0.59143
-0.046788,0.056329,0.59155,-0.071416,0.026134,0.58388,-0.0070079,0.072857,0.59128
-0.046387,0.055601,0.59142,-0.069551,0.025371,0.5826,-0.0068991,0.072578,0.59125
-0.045639,0.055379,0.59079,-0.067433,0.024491,0.58105,-0.0068591,0.072512,0.59114
-0.045223,0.054935,0.59044,-0.065564,0.02383,0.58012,-0.0068125,0.072445,0.59132
-0.044565,0.054478,0.58996,-0.063373,0.022894,0.57908,-0.0067906,0.072459,0.59092
-0.04396,0.053903,0.58955,-0.060989,0.022142,0.57819,-0.0066982,0.072517,0.59102
-0.043284,0.053422,0.58877,-0.059025,0.021508,0.57775,-0.0064695,0.072063,0.59086
-0.042759,0.052902,0.58851,-0.056821,0.020646,0.57685,-0.0064971,0.072372,0.59075
-0.041769,0.052139,0.58766,-0.054722,0.02012,0.57579,-0.0064497,0.072054,0.59093
-0.041089,0.0518,0.5873,-0.052442,0.019545,0.57489,-0.0065268,0.072151,0.59075
-0.040206,0.051317,0.58695,-0.050441,0.019191,0.57407,-0.006376,0.07207,0.59059
-0.039485,0.050665,0.58657,-0.048221,0.018886,0.57287,-0.0062027,0.07175,0.59061
-0.0389,0.050639,0.58615,-0.046091,0.018188,0.57239,-0.0061446,0.0716,0.59064
-0.038209,0.049904,0.5855,-0.043984,0.018028,0.57164,-0.0061194,0.071479,0.5905
-0.037411,0.049517,0.5854,-0.042051,0.017744,0.57089,-0.0061812,0.071566,0.59044
-0.036851,0.048991,0.58502,-0.040163,0.017801,0.57054,-0.0061111,0.071156,0.59041
-0.036038,0.048692,0.58446,-0.038082,0.017312,0.56974,-0.0059395,0.071223,0.59014
-0.03545,0.0484,0.58382,-0.036051,0.017461,0.56962,-0.0056814,0.071351,0.59012
-0.034572,0.047699,0.58385,-0.034406,0.017392,0.5691,-0.0055418,0.07135,0.58982
-0.034079,0.047497,0.5833,-0.032111,0.017073,0.56863,-0.005457,0.071131,0.58974
-0.03304,0.046653,0.5831,-0.030084,0.017354,0.56817,-0.005253,0.071201,0.58954
-0.032172,0.046079,0.58285,-0.027833,0.016917,0.56735,-0.0053169,0.070991,0.58929
-0.031321,0.045665,0.5824,-0.025867,0.016885,0.56697,-0.0052304,0.070458,0.58954
-0.063519,0.068227,0.60316,-0.10387,0.05499,0.60869,-0.016929,0.074264,0.59449
-0.063184,0.068164,0.60279,-0.10357,0.054736,0.60848,-0.016641,0.074061,0.59429
-0.062926,0.068028,0.60207,-0.10345,0.054876,0.60819,-0.016377,0.073923,0.59364
-0.062881,0.067681,0.6019,-0.10309,0.05421,0.60697,-0.01641,0.073853,0.59379
-0.062883,0.067468,0.60157,-0.10283,0.05314,0.6069,-0.016394,0.073822,0.59351
-0.062688,0.066933,0.60134,-0.10257,0.052112,0.60603,-0.016291,0.073642,0.5934
-0.062279,0.066605,0.60065,-0.10242,0.051203,0.6057,-0.016252,0.073752,0.59317
-0.062451,0.066036,0.60035,-0.10205,0.050303,0.60476,-0.016281,0.073806,0.59313
-0.062091,0.065845,0.59958,-0.1015,0.048807,0.60408,-0.016087,0.07388,0.59311
-0.061757,0.065316,0.5992,-0.10079,0.047477,0.60298,-0.016148,0.073695,0.59296
-0.061507,0.064664,0.5991,-0.09997,0.046465,0.60176,-0.016094,0.073648,0.59302
-0.061379,0.064219,0.59893,-0.099309,0.044454,0.60027,-0.016155,0.073911,0.59305
-0.060891,0.063239,0.59838,-0.098104,0.042814,0.59876,-0.016042,0.073497,0.59269
-0.060679,0.062787,0.59744,-0.096786,0.041049,0.59717,-0.016084,0.07336,0.5926
-0.060147,0.062068,0.5975,-0.095596,0.039226,0.59618,-0.015866,0.073189,0.59256
-0.059752,0.061034,0.59703,-0.093865,0.037869,0.59458,-0.016033,0.07326,0.5923
-0.059375,0.060609,0.59636,-0.092448,0.035836,0.59326,-0.015813,0.073322,0.59234
-0.058735,0.059901,0.5958,-0.09077,0.034384,0.59149,-0.015706,0.073413,0.59214
-0.058221,0.059175,0.5952,-0.089118,0.032749,0.58997,-0.015657,0.073268,0.59195
-0.057797,0.058763,0.59491,-0.087337,0.031258,0.58926,-0.015645,0.072892,0.59215
-0.057203,0.057856,0.5942,-0.085583,0.030079,0.58769,-0.015665,0.073023,0.59164
-0.056677,0.057146,0.59343,-0.08386,0.028397,0.58648,-0.015715,0.07298,0.59176
-0.055967,0.056478,0.5927,-0.081787,0.026969,0.58514,-0.01556,0.072918,0.59162
-0.055414,0.056181,0.59199,-0.079932,0.025824,0.58407,-0.015541,0.072755,0.5914
-0.054822,0.055777,0.5914,-0.077832,0.024714,0.58321,-0.015307,0.072362,0.59163
-0.054212,0.055017,0.59119,-0.076007,0.024161,0.58215,-0.015384,0.072451,0.59145
-0.053724,0.054308,0.5907,-0.073894,0.023186,0.58085,-0.015364,0.072275,0.59123
-0.05319,0.054059,0.59066,-0.072136,0.022282,0.57961,-0.015427,0.07238,0.59119
-0.052562,0.053476,0.59017,-0.06991,0.021633,0.57857,-0.01526,0.072322,0.59098
-0.05175,0.052983,0.58975,-0.067816,0.020985,0.57818,-0.015058,0.072162,0.59151
-0.051079,0.052578,0.58896,-0.065479,0.020223,0.57714,-0.015137,0.072107,0.59122
-0.050526,0.052094,0.58856,-0.063255,0.019558,0.57617,-0.01505,0.071955,0.59106
-0.04967,0.051375,0.58802,-0.061124,0.018917,0.57574,-0.015063,0.072162,0.59093
-0.049082,0.050869,0.5875,-0.059049,0.018653,0.57486,-0.014905,0.071842,0.59118
-0.048244,0.050284,0.58694,-0.056691,0.018128,0.57371,-0.014945,0.071574,0.5908
-0.047456,0.050078,0.58654,-0.054659,0.017648,0.57301,-0.014635,0.071603,0.591
-0.04695,0.049261,0.58622,-0.052486,0.017675,0.57216,-0.014649,0.071473,0.59048
-0.046248,0.048956,0.58586,-0.050642,0.017555,0.57143,-0.014649,0.071515,0.59057
-0.045503,0.049007,0.58556,-0.048441,0.017294,0.57104,-0.014603,0.071151,0.59078
-0.044806,0.048381,0.58521,-0.04659,0.017179,0.5703,-0.014522,0.07115,0.59073
-0.044282,0.047848,0.58477,-0.044682,0.016652,0.57033,-0.014262,0.070952,0.59054
-0.043636,0.047547,0.58434,-0.042841,0.017376,0.56946,-0.014105,0.070779,0.59051
-0.042726,0.046625,0.584,-0.040882,0.016858,0.56913,-0.013971,0.070639,0.59048
-0.041597,0.046142,0.58383,-0.038997,0.016493,0.56868,-0.013879,0.071074,0.59019
-0.040908,0.045868,0.58339,-0.036852,0.016443,0.56866,-0.013723,0.070421,0.58988
-0.03995,0.045436,0.5828,-0.034904,0.016659,0.56755,-0.013693,0.070137,0.58985
-0.072399,0.06798,0.60371,-0.11232,0.054574,0.60932,-0.025753,0.073665,0.59493
-0.071927,0.067942,0.60312,-0.11197,0.054675,0.60854,-0.025313,0.073904,0.59494
-0.071873,0.067882,0.60303,-0.11177,0.05431,0.60799,-0.025211,0.073674,0.59487
-0.071807,0.067426,0.60258,-0.11189,0.05393,0.6078,-0.025303,0.073691,0.59422
-0.071732,0.067086,0.60243,-0.11125,0.05312,0.60697,-0.025172,0.07365,0.59416
-0.071327,0.066477,0.60224,-0.11106,0.051736,0.60672,-0.025007,0.073711,0.59411
-0.071176,0.065981,0.60201,-0.1108,0.050879,0.6061,-0.024984,0.073797,0.59398
-0.071121,0.06555,0.60152,-0.11045,0.049782,0.60552,-0.024924,0.073632,0.59386
-0.070822,0.065446,0.60071,-0.10973,0.048455,0.60424,-0.024875,0.073699,0.59389
-0.070686,0.064931,0.60042,-0.10933,0.046791,0.6033,-0.024927,0.073559,0.59376
-0.070352,0.064083,0.6001,-0.10865,0.04532,0.6023,-0.024846,0.073467,0.59366
-0.069977,0.063554,0.59935,-0.10759,0.043871,0.60055,-0.024883,0.073212,0.59343
-0.069602,0.062881,0.59901,-0.10665,0.042165,0.59942,-0.024769,0.073479,0.59343
-0.069241,0.062439,0.59818,-0.10547,0.040415,0.59766,-0.024942,0.073205,0.59341
-0.068518,0.061238,0.59769,-0.10419,0.038479,0.59659,-0.024755,0.07326,0.59327
-0.06817,0.060677,0.59707,-0.10293,0.037201,0.59508,-0.024659,0.072887,0.59322
-0.067776,0.060164,0.59681,-0.1015,0.035668,0.59306,-0.02466,0.0727,0.59295
-0.067226,0.059566,0.5962,-0.099932,0.033764,0.59217,-0.024522,0.072584,0.59272
-0.066939,0.058928,0.59579,-0.098009,0.032585,0.59036,-0.02451,0.072486,0.59279
-0.066483,0.058048,0.59549,-0.096359,0.031227,0.58903,-0.02446,0.072516,0.59263
-0.065766,0.057736,0.59442,-0.094453,0.029514,0.58812,-0.024361,0.072339,0.59261
-0.065115,0.057002,0.59372,-0.092632,0.028079,0.58658,-0.02444,0.072456,0.59266
-0.06456,0.056092,0.59323,-0.090632,0.026994,0.5855,-0.024311,0.072295,0.59241
-0.063974,0.055716,0.59281,-0.088655,0.025595,0.58417,-0.024237,0.071957,0.59255
-0.063458,0.05476,0.59228,-0.086551,0.024433,0.58356,-0.024256,0.071988,0.5923
-0.062799,0.05438,0.59179,-0.084654,0.023734,0.5824,-0.024269,0.07218,0.59217
-0.062252,0.054108,0.59121,-0.082638,0.022909,0.58134,-0.024161,0.071911,0.5922
-0.061664,0.053557,0.59116,-0.08068,0.02178,0.5803,-0.024108,0.071752,0.59188
-0.061025,0.053274,0.59077,-0.078573,0.020967,0.57952,-0.023992,0.071572,0.592
-0.060382,0.052372,0.59026,-0.076532,0.020669,0.57839,-0.023906,0.071599,0.592
-0.059582,0.051776,0.58945,-0.074156,0.019801,0.57735,-0.023914,0.071665,0.59175
-0.058807,0.051318,0.58918,-0.072069,0.019266,0.57669,-0.023729,0.071735,0.59152
-0.058222,0.050874,0.58907,-0.069806,0.018755,0.57593,-0.023777,0.07138,0.59132
-0.057616,0.050445,0.58837,-0.067822,0.01846,0.57534,-0.023758,0.071714,0.59137
-0.056847,0.050189,0.58784,-0.065442,0.017957,0.5743,-0.023767,0.071473,0.5914
-0.056057,0.049362,0.58732,-0.063196,0.017329,0.57358,-0.023602,0.071367,0.59144
-0.055373,0.049283,0.58686,-0.061234,0.017283,0.57291,-0.0235,0.071528,0.59092
-0.054778,0.048726,0.5866,-0.059026,0.017017,0.57223,-0.023441,0.071483,0.59125
-0.05402,0.048102,0.58579,-0.057022,0.016855,0.5715,-0.023298,0.071543,0.59104
-0.053429,0.047959,0.58542,-0.055092,0.016924,0.57083,-0.023275,0.071347,0.59071
-0.052623,0.047347,0.58518,-0.053146,0.016519,0.57062,-0.023102,0.071223,0.59095
-0.052069,0.046855,0.58478,-0.051462,0.016523,0.57012,-0.02297,0.071007,0.59067
-0.051421,0.046395,0.58494,-0.049411,0.016294,0.56967,-0.023068,0.070612,0.59056
-0.0506,0.046047,0.58417,-0.047434,0.016336,0.56927,-0.022732,0.07033,0.59055
-0.049738,0.045013,0.58386,-0.045405,0.016143,0.56888,-0.022451,0.070002,0.5906
-0.048898,0.044813,0.58365,-0.043319,0.016051,0.56818,-0.022427,0.070213,0.5902
-0.080972,0.067661,0.60421,-0.12113,0.054566,0.60943,-0.034461,0.073864,0.59592
-0.080354,0.067446,0.60378,-0.12076,0.054315,0.60884,-0.033909,0.07389,0.59576
-0.080297,0.067512,0.60362,-0.12073,0.054139,0.60843,-0.033863,0.073993,0.59551
-0.080318,0.067045,0.60371,-0.12053,0.053674,0.60809,-0.033729,0.073799,0.59535
-0.080133,0.066674,0.60303,-0.12012,0.052381,0.60739,-0.033744,0.073981,0.59499
-0.080018,0.066269,0.60297,-0.11994,0.051085,0.60692,-0.033653,0.073868,0.59507
-0.080043,0.065809,0.60235,-0.11975,0.0507,0.60612,-0.033683,0.073676,0.59473
-0.079718,0.065556,0.60212,-0.11928,0.049446,0.60554,-0.033561,0.073775,0.59466
-0.079652,0.065014,0.60121,-0.11868,0.0486,0.60441,-0.033553,0.073785,0.59442
-0.079267,0.06471,0.60081,-0.11807,0.047012,0.60337,-0.033449,0.073617,0.59439
-0.079219,0.063795,0.60079,-0.11734,0.045164,0.60184,-0.033436,0.073367,0.59421
-0.078952,0.063231,0.59973,-0.11648,0.043105,0.60102,-0.03355,0.073686,0.59426
-0.07842,0.062499,0.59944,-0.11526,0.041952,0.59947,-0.033421,0.073454,0.59406
-0.078321,0.061943,0.59886,-0.11423,0.040228,0.59818,-0.033349,0.07326,0.59385
-0.077698,0.06122,0.59808,-0.11283,0.038257,0.59671,-0.033284,0.073337,0.59382
-0.077321,0.060424,0.59769,-0.11162,0.036694,0.59507,-0.033301,0.073168,0.5942
-0.076935,0.059764,0.59741,-0.1101,0.035092,0.59374,-0.033319,0.073215,0.594
-0.076528,0.059281,0.5971,-0.1085,0.033485,0.59241,-0.033141,0.073134,0.59358
-0.07594,0.05864,0.5963,-0.10673,0.032314,0.59084,-0.033183,0.073062,0.59359
-0.075387,0.057726,0.59606,-0.1052,0.030822,0.58962,-0.033137,0.073074,0.59352
-0.074753,0.057039,0.59543,-0.10328,0.028954,0.58833,-0.033089,0.072823,0.59332
-0.074162,0.056754,0.59478,-0.10102,0.027727,0.58707,-0.032961,0.072643,0.59327
-0.073662,0.056197,0.59385,-0.099253,0.026619,0.5857,-0.033003,0.072588,0.59315
-0.072692,0.05534,0.59331,-0.097338,0.025178,0.58448,-0.032943,0.072521,0.59273
-0.072246,0.054855,0.59256,-0.095294,0.02444,0.58368,-0.032776,0.072201,0.593
-0.071592,0.054409,0.59195,-0.093498,0.02368,0.58299,-0.032733,0.072383,0.59285
-0.071096,0.053749,0.59183,-0.09135,0.022653,0.58145,-0.032786,0.072304,0.59279
-0.070547,0.053455,0.5919,-0.089442,0.021636,0.5807,-0.032723,0.072183,0.59253
-0.069857,0.052866,0.59114,-0.087432,0.021067,0.57943,-0.032757,0.072105,0.59234
-0.069239,0.052316,0.59076,-0.085392,0.020158,0.57885,-0.032591,0.071936,0.59233
-0.06848,0.051681,0.59048,-0.083053,0.019668,0.57799,-0.032402,0.071847,0.59205
-0.067864,0.051126,0.59012,-0.080854,0.019113,0.57713,-0.032296,0.071989,0.59198
-0.067072,0.050599,0.58937,-0.078848,0.018598,0.57652,-0.032336,0.071822,0.59223
-0.066542,0.050009,0.58886,-0.076679,0.01806,0.57561,-0.032293,0.071914,0.59187
-0.065658,0.049559,0.58849,-0.074522,0.017708,0.5749,-0.032103,0.071625,0.59172
-0.065184,0.049021,0.58775,-0.072395,0.017435,0.57418,-0.032086,0.071705,0.59154
-0.064038,0.049263,0.58736,-0.070079,0.017143,0.57318,-0.031849,0.071309,0.5917
-0.063532,0.048229,0.58687,-0.068101,0.016905,0.57283,-0.031925,0.071448,0.59155
-0.062912,0.047695,0.5869,-0.065888,0.016878,0.57208,-0.031869,0.071357,0.59145
-0.062213,0.047696,0.58635,-0.063882,0.016685,0.57144,-0.031878,0.071277,0.59126
-0.061448,0.046956,0.58607,-0.061759,0.016495,0.57105,-0.031788,0.07114,0.59113
-0.061174,0.047116,0.58569,-0.059933,0.016572,0.5706,-0.03167,0.070777,0.59124
-0.060097,0.046266,0.58552,-0.057822,0.016862,0.56992,-0.031447,0.070681,0.59091
-0.059371,0.045305,0.58484,-0.055986,0.01616,0.56967,-0.031265,0.070183,0.59103
-0.058781,0.045138,0.58431,-0.054061,0.016073,0.5695,-0.031134,0.07043,0.59114
-0.057644,0.044475,0.58382,-0.051872,0.015925,0.56878,-0.031015,0.07007,0.59094
-0.089866,0.067229,0.60453,-0.13007,0.054296,0.60966,-0.0431,0.074004,0.5961
-0.08936,0.067271,0.60455,-0.12956,0.054161,0.60876,-0.042687,0.073824,0.59579
-0.089225,0.067281,0.60403,-0.12939,0.054047,0.60872,-0.042594,0.073722,0.59562
-0.08913,0.066939,0.60358,-0.12937,0.052955,0.6082,-0.042708,0.073971,0.59576
-0.089041,0.066454,0.60355,-0.12915,0.052185,0.60744,-0.042666,0.073713,0.59554
-0.088824,0.066035,0.60298,-0.12886,0.051301,0.60719,-0.042636,0.073958,0.59536
-0.08872,0.065686,0.60246,-0.12829,0.050219,0.6065,-0.04257,0.073905,0.59555
-0.088407,0.065338,0.60256,-0.12764,0.049249,0.60583,-0.042421,0.07409,0.59527
-0.088331,0.064946,0.60224,-0.12716,0.048565,0.60475,-0.042432,0.073939,0.59519
-0.088061,0.064228,0.60144,-0.12656,0.046784,0.60349,-0.042424,0.073631,0.59512
-0.087771,0.06364,0.60117,-0.12598,0.044982,0.60248,-0.042359,0.073553,0.59499
-0.087647,0.06315,0.60006,-0.1252,0.042902,0.60144,-0.04239,0.073453,0.59473
-0.087177,0.062572,0.59983,-0.12397,0.04165,0.59953,-0.042299,0.073562,0.59487
-0.086895,0.061646,0.59936,-0.12282,0.039687,0.59857,-0.042162,0.073349,0.59474
-0.086205,0.061079,0.59842,-0.12159,0.037988,0.59713,-0.042281,0.073334,0.59471
-0.085899,0.060144,0.59806,-0.11995,0.03643,0.59532,-0.042054,0.073327,0.59454
-0.085526,0.05953,0.59745,-0.11867,0.034534,0.5941,-0.04209,0.073154,0.59431
-0.084997,0.058781,0.59708,-0.11716,0.03346,0.59243,-0.041981,0.072944,0.59432
-0.08455,0.058237,0.59673,-0.11559,0.032218,0.591,-0.042075,0.072872,0.59403
-0.084187,0.057815,0.59657,-0.11372,0.030739,0.58967,-0.041937,0.072917,0.59398
-0.083412,0.057058,0.59608,-0.11187,0.029225,0.58815,-0.041882,0.072683,0.59392
-0.082946,0.056255,0.59513,-0.11,0.027638,0.58745,-0.0418,0.072508,0.59389
-0.082202,0.055596,0.59447,-0.10812,0.026341,0.5862,-0.041785,0.072244,0.59387
-0.081703,0.055201,0.59416,-0.10615,0.024687,0.58489,-0.041585,0.072297,0.59332
-0.08115,0.054705,0.59343,-0.10415,0.02402,0.58366,-0.041629,0.072173,0.59338
-0.080638,0.054007,0.59274,-0.10191,0.023029,0.58266,-0.041596,0.072193,0.59342
-0.079927,0.053579,0.5925,-0.10001,0.022361,0.58167,-0.041419,0.07203,0.59333
-0.079588,0.052781,0.5922,-0.098169,0.02148,0.58087,-0.041522,0.072116,0.59291
-0.078821,0.052775,0.59195,-0.095914,0.020703,0.57993,-0.041305,0.071861,0.59295
-0.078068,0.051741,0.59146,-0.093982,0.01993,0.57903,-0.04137,0.071886,0.59286
-0.077157,0.051359,0.59092,-0.091712,0.019451,0.57796,-0.041317,0.071771,0.59282
-0.076399,0.050917,0.59046,-0.089529,0.018678,0.57737,-0.041153,0.071866,0.59263
-0.075672,0.050444,0.58993,-0.087524,0.018433,0.57699,-0.041178,0.071651,0.59223
-0.075117,0.049871,0.58914,-0.085299,0.018136,0.57587,-0.04126,0.07158,0.59216
-0.07422,0.049428,0.58918,-0.083151,0.017529,0.57526,-0.041098,0.071343,0.59251
-0.073491,0.048865,0.58847,-0.080951,0.017072,0.57474,-0.041044,0.07135,0.59222
-0.073004,0.04855,0.58805,-0.079002,0.016788,0.57359,-0.040947,0.071348,0.59208
-0.072338,0.048083,0.5878,-0.077046,0.016775,0.57325,-0.040937,0.07101,0.59191
-0.07162,0.048006,0.58749,-0.075154,0.016358,0.57247,-0.040976,0.070943,0.59185
-0.070985,0.047336,0.58698,-0.0728,0.016425,0.57178,-0.040643,0.070958,0.59179
-0.070038,0.046659,0.58663,-0.071105,0.016424,0.5713,-0.040608,0.070861,0.59183
-0.069345,0.046098,0.58642,-0.069131,0.016505,0.57089,-0.040497,0.07059,0.59166
-0.068841,0.045628,0.5859,-0.067171,0.016376,0.57083,-0.040486,0.070236,0.59164
-0.067967,0.045139,0.58553,-0.064635,0.016125,0.57023,-0.04004,0.069958,0.59168
-0.067011,0.044686,0.58483,-0.062463,0.015547,0.56995,-0.040073,0.070175,0.59126
-0.066374,0.044203,0.58467,-0.060587,0.015293,0.56932,-0.040031,0.069849,0.59138
-0.098216,0.067136,0.60487,-0.13879,0.054258,0.60972,-0.051583,0.073948,0.59674
-0.097644,0.066937,0.60438,-0.13825,0.05376,0.60938,-0.051264,0.07397,0.59652
-0.097637,0.066546,0.60465,-0.13805,0.053613,0.60894,-0.051188,0.07392,0.59622
-0.097681,0.06633,0.60429,-0.13803,0.052763,0.60861,-0.051263,0.073885,0.59649
-0.09744,0.066182,0.60372,-0.13775,0.052191,0.60809,-0.051193,0.07384,0.59581
-0.097207,0.065731,0.60351,-0.13736,0.051601,0.60719,-0.051102,0.073968,0.59601
-0.097197,0.065302,0.60327,-0.13716,0.050508,0.60643,-0.051112,0.073942,0.59585
-0.097138,0.064685,0.60293,-0.13653,0.049432,0.60607,-0.051129,0.073666,0.59575
-0.096897,0.064429,0.60278,-0.13598,0.047949,0.60452,-0.050801,0.073682,0.59579
-0.096668,0.06395,0.60228,-0.13539,0.046161,0.60412,-0.050858,0.073681,0.59551
-0.096273,0.063312,0.60179,-0.13459,0.044409,0.60245,-0.050733,0.073653,0.59541
-0.096088,0.062642,0.60123,-0.1336,0.042697,0.60118,-0.050878,0.073493,0.59549
-0.095632,0.062196,0.60039,-0.13241,0.041488,0.59986,-0.050727,0.073385,0.59551
-0.095293,0.061088,0.59959,-0.13135,0.039757,0.59851,-0.050803,0.073216,0.59544
-0.094916,0.060131,0.59938,-0.12998,0.037625,0.59727,-0.050849,0.073126,0.59563
-0.094363,0.059792,0.5984,-0.12858,0.036298,0.59555,-0.05063,0.072854,0.59534
-0.094018,0.059194,0.59793,-0.12727,0.034689,0.59373,-0.050618,0.072605,0.5953
-0.093537,0.058607,0.59741,-0.12573,0.033576,0.59238,-0.050606,0.072643,0.59504
-0.092989,0.05796,0.59682,-0.12393,0.031809,0.59124,-0.050606,0.072613,0.59494
-0.092644,0.057304,0.59673,-0.1224,0.030219,0.59005,-0.050637,0.072628,0.59475
-0.09207,0.056849,0.59623,-0.12058,0.029018,0.58863,-0.050608,0.072481,0.59458
-0.091413,0.056178,0.59579,-0.11844,0.027511,0.58729,-0.05041,0.072128,0.59462
-0.090811,0.055281,0.59507,-0.11682,0.025654,0.58626,-0.050395,0.07208,0.5945
-0.090343,0.055177,0.59413,-0.11479,0.024813,0.58518,-0.050355,0.072105,0.59456
-0.089667,0.054332,0.59365,-0.11273,0.023713,0.58387,-0.05034,0.072134,0.59414
-0.089204,0.053395,0.59307,-0.11078,0.022785,0.58291,-0.050186,0.07193,0.59413
-0.088605,0.053116,0.59244,-0.10891,0.02198,0.58195,-0.050277,0.072104,0.59409
-0.087966,0.052335,0.59249,-0.10695,0.021388,0.58074,-0.050103,0.071916,0.59403
-0.087469,0.051804,0.59224,-0.10491,0.020454,0.57978,-0.050245,0.071847,0.59355
-0.086735,0.05153,0.59189,-0.10235,0.019635,0.57928,-0.049998,0.071672,0.59338
-0.086135,0.05081,0.59181,-0.10025,0.019141,0.57822,-0.049825,0.071525,0.59358
-0.085323,0.050472,0.59091,-0.098221,0.018308,0.57762,-0.049814,0.0713,0.59335
-0.084632,0.050138,0.59036,-0.096038,0.017996,0.57681,-0.049729,0.071327,0.59318
-0.084131,0.049799,0.59013,-0.093959,0.01775,0.57626,-0.049867,0.071309,0.59314
-0.083385,0.048815,0.58955,-0.091767,0.017232,0.57559,-0.049702,0.071096,0.59316
-0.082746,0.048748,0.58924,-0.089819,0.016859,0.57457,-0.049684,0.071335,0.59302
-0.081907,0.04852,0.58853,-0.087696,0.016495,0.57435,-0.049388,0.07082,0.5929
-0.080953,0.047639,0.58821,-0.085395,0.016523,0.57328,-0.04952,0.071053,0.59273
-0.08028,0.047342,0.58771,-0.083613,0.016003,0.57254,-0.0495,0.070442,0.59286
-0.079633,0.046805,0.58725,-0.081647,0.015833,0.57237,-0.049303,0.070403,0.59295
-0.078915,0.046335,0.58715,-0.079829,0.015815,0.5721,-0.049288,0.070242,0.59269
-0.078206,0.046208,0.58651,-0.077846,0.016369,0.57123,-0.049055,0.070128,0.59276
-0.077501,0.045608,0.58627,-0.075838,0.01612,0.57073,-0.048895,0.070109,0.59205
-0.076513,0.044893,0.58586,-0.073877,0.015432,0.57031,-0.048644,0.069646,0.59203
-0.075549,0.044022,0.58546,-0.071709,0.01515,0.56998,-0.048503,0.069776,0.59203
-0.074782,0.043683,0.58512,-0.069985,0.015393,0.56993,-0.048488,0.069237,0.59205
-0.10687,0.066676,0.60548,-0.14726,0.053857,0.61011,-0.060525,0.07355,0.5977
-0.10648,0.066729,0.60515,-0.14681,0.053903,0.60957,-0.060122,0.07359,0.59765
-0.10653,0.066638,0.60471,-0.14659,0.053739,0.60914,-0.060173,0.073789,0.59714
-0.10622,0.066255,0.60431,-0.14641,0.053242,0.60864,-0.060166,0.073609,0.59735
-0.10614,0.065876,0.60398,-0.14636,0.052254,0.60816,-0.060146,0.073528,0.59703
-0.10581,0.065152,0.60388,-0.14607,0.050998,0.60737,-0.05998,0.073384,0.5969
-0.10587,0.064959,0.6033,-0.14587,0.050073,0.60694,-0.059899,0.073349,0.59651
-0.1056,0.064488,0.60309,-0.14526,0.049298,0.60598,-0.05986,0.073235,0.59677
-0.10542,0.06405,0.60285,-0.14491,0.047777,0.60531,-0.059892,0.073378,0.59618
-0.10514,0.063092,0.60207,-0.14435,0.045545,0.60404,-0.059857,0.073116,0.59657
-0.10477,0.062857,0.60192,-0.14363,0.044433,0.60317,-0.059722,0.073083,0.59634
-0.10468,0.062382,0.60176,-0.14279,0.042918,0.60133,-0.05987,0.073239,0.59625
-0.10439,0.06161,0.6009,-0.14171,0.040737,0.60001,-0.059798,0.073019,0.5963
-0.10388,0.060737,0.6003,-0.14055,0.039107,0.59878,-0.059718,0.072903,0.59625
-0.10346,0.060001,0.59963,-0.13946,0.037538,0.59721,-0.059832,0.072632,0.59631
-0.10286,0.059079,0.59866,-0.13752,0.035809,0.59568,-0.059566,0.072729,0.59578
-0.10233,0.05845,0.59801,-0.13592,0.034272,0.59412,-0.059476,0.072409,0.59589
-0.10212,0.058076,0.59761,-0.13437,0.033383,0.59236,-0.059507,0.072359,0.59582
-0.10148,0.057557,0.59724,-0.13278,0.03169,0.5913,-0.059386,0.07234,0.59543
-0.10092,0.056642,0.59702,-0.13097,0.030022,0.58975,-0.059318,0.072075,0.59555
-0.10038,0.056298,0.59664,-0.12917,0.02865,0.58857,-0.059251,0.072203,0.59559
-0.099855,0.055555,0.59558,-0.12727,0.026911,0.58737,-0.05919,0.071881,0.59537
-0.099331,0.054751,0.59554,-0.12549,0.025545,0.58638,-0.059206,0.071862,0.59559
-0.098805,0.05423,0.59494,-0.12347,0.024781,0.58513,-0.059144,0.071751,0.59543
-0.098299,0.053884,0.59431,-0.12153,0.023657,0.58403,-0.058961,0.071299,0.59495
-0.09753,0.053097,0.59362,-0.11958,0.022421,0.58302,-0.058948,0.071298,0.59511
-0.096959,0.052578,0.59314,-0.11773,0.021488,0.58199,-0.058885,0.071091,0.59508
-0.096505,0.051811,0.59288,-0.11568,0.020777,0.58092,-0.058904,0.071432,0.59473
-0.095921,0.051433,0.59238,-0.11366,0.019977,0.58004,-0.058777,0.07114,0.59437
-0.09526,0.051025,0.59182,-0.11148,0.019406,0.57948,-0.058837,0.070921,0.59455
-0.094674,0.050735,0.59176,-0.10922,0.018745,0.57828,-0.058745,0.070946,0.59449
-0.093748,0.050048,0.59136,-0.10696,0.018369,0.57788,-0.058572,0.070748,0.5943
-0.093139,0.049683,0.59084,-0.10448,0.017895,0.57721,-0.058559,0.070784,0.5942
-0.092479,0.049223,0.59031,-0.1023,0.017512,0.57654,-0.058469,0.070904,0.59403
-0.091749,0.048423,0.58961,-0.10024,0.01687,0.57576,-0.05831,0.070496,0.59403
-0.091034,0.047972,0.58962,-0.098115,0.016579,0.57513,-0.058122,0.070514,0.59348
-0.090433,0.047827,0.58913,-0.096308,0.016429,0.57448,-0.058166,0.070512,0.59349
-0.089668,0.047132,0.58865,-0.094009,0.015963,0.57387,-0.058184,0.070442,0.59352
-0.088953,0.047215,0.58821,-0.092126,0.016081,0.57305,-0.058082,0.070307,0.59344
-0.088352,0.046323,0.58752,-0.090061,0.015595,0.57246,-0.057954,0.070049,0.59321
-0.087704,0.045877,0.58734,-0.088237,0.015524,0.57216,-0.057673,0.069929,0.5933
-0.086904,0.045288,0.5871,-0.086446,0.015855,0.57196,-0.057785,0.06999,0.59327
-0.086265,0.044881,0.58666,-0.084391,0.015361,0.57135,-0.05759,0.069734,0.59279
-0.085437,0.044247,0.58639,-0.082443,0.015054,0.57067,-0.0574,0.06941,0.59285
-0.084448,0.043514,0.58586,-0.080435,0.015051,0.57047,-0.057254,0.069472,0.59279
-0.083501,0.043321,0.58544,-0.078447,0.014919,0.57026,-0.056971,0.069122,0.59254
-0.1157,0.066681,0.60585,-0.15747,0.058428,0.60738,-0.069197,0.073662,0.59819
-0.11531,0.066435,0.60536,-0.15685,0.058025,0.60581,-0.068757,0.073923,0.5978
-0.11515,0.066536,0.60531,-0.15644,0.057853,0.60561,-0.068553,0.073939,0.59775
-0.11498,0.066117,0.60494,-0.15623,0.057235,0.60509,-0.068521,0.073741,0.59781
-0.11499,0.065854,0.60439,-0.15629,0.056609,0.60533,-0.068536,0.073807,0.59737
-0.11471,0.065418,0.60458,-0.15593,0.05565,0.60447,-0.068322,0.073698,0.59728
-0.11471,0.064609,0.60402,-0.15584,0.054397,0.60328,-0.068505,0.073576,0.59714
-0.11454,0.064383,0.60375,-0.15413,0.049577,0.60639,-0.068441,0.073392,0.59732
-0.11444,0.063821,0.60323,-0.15335,0.047895,0.60518,-0.068306,0.073393,0.59689
-0.11428,0.062894,0.60268,-0.15288,0.046014,0.60424,-0.068368,0.072868,0.59699
-0.11416,0.062523,0.60199,-0.15234,0.044498,0.60333,-0.068326,0.072826,0.59668
-0.1135,0.06181,0.60181,-0.15113,0.043027,0.60111,-0.06812,0.073141,0.59655
-0.11341,0.061049,0.60093,-0.15037,0.040626,0.60024,-0.068351,0.072709,0.59633
-0.11303,0.060275,0.60085,-0.14898,0.038863,0.59885,-0.068279,0.072829,0.59665
-0.11231,0.059523,0.59961,-0.14774,0.037265,0.59736,-0.068184,0.07248,0.59622
-0.1117,0.058798,0.59922,-0.14634,0.035785,0.59605,-0.067855,0.072293,0.59649
-0.1111,0.058368,0.59858,-0.14454,0.03428,0.59414,-0.067865,0.07231,0.59625
-0.11064,0.057808,0.59816,-0.14322,0.032773,0.59313,-0.067691,0.072074,0.596
-0.11041,0.057437,0.5973,-0.14156,0.031226,0.59119,-0.067877,0.072163,0.59597
-0.10971,0.056838,0.59661,-0.13976,0.029905,0.58985,-0.067883,0.072147,0.59605
-0.10926,0.056042,0.59642,-0.1379,0.027923,0.58877,-0.067821,0.071868,0.59588
-0.10885,0.055164,0.59581,-0.13574,0.026799,0.58735,-0.06775,0.071794,0.59578
-0.10815,0.054578,0.59548,-0.13409,0.025373,0.58627,-0.067626,0.071755,0.59578
-0.1076,0.054076,0.59478,-0.13194,0.024388,0.58501,-0.06765,0.071583,0.59569
-0.10706,0.053356,0.59453,-0.13017,0.023132,0.58421,-0.067632,0.07129,0.59578
-0.10658,0.052652,0.59406,-0.12839,0.022469,0.58295,-0.067572,0.07149,0.59541
-0.10596,0.052256,0.59371,-0.12625,0.021187,0.58184,-0.067634,0.071572,0.59529
-0.10542,0.051576,0.59305,-0.12425,0.020481,0.5808,-0.067471,0.071058,0.5955
-0.10475,0.050912,0.59269,-0.12231,0.020014,0.57991,-0.067428,0.070862,0.59509
-0.10419,0.050236,0.5923,-0.12013,0.019284,0.57968,-0.067334,0.070642,0.5954
-0.10342,0.050026,0.5925,-0.1181,0.018541,0.57848,-0.067254,0.070619,0.59505
-0.1029,0.049397,0.59184,-0.11582,0.018024,0.57788,-0.0672,0.070307,0.59513
-0.10213,0.049161,0.59137,-0.11385,0.017299,0.57708,-0.067158,0.070412,0.59503
-0.10122,0.048361,0.59059,-0.11166,0.017089,0.57681,-0.067017,0.070385,0.59468
-0.10077,0.047969,0.59062,-0.1096,0.016523,0.57617,-0.067086,0.070123,0.59461
-0.1001,0.047645,0.58989,-0.10765,0.016294,0.57545,-0.067021,0.070113,0.59445
-0.099328,0.04709,0.58941,-0.10505,0.01626,0.57452,-0.066949,0.070142,0.59448
-0.09858,0.047024,0.58899,-0.10279,0.015894,0.57401,-0.066781,0.069814,0.59411
-0.098093,0.046251,0.58876,-0.10091,0.015492,0.57361,-0.066856,0.069403,0.59406
-0.097284,0.045674,0.58809,-0.098717,0.015224,0.57298,-0.0665,0.069525,0.59379
-0.096631,0.045233,0.58794,-0.096906,0.015196,0.57245,-0.066517,0.069372,0.594
-0.096135,0.044948,0.58748,-0.095151,0.015337,0.57231,-0.066359,0.069059,0.59363
-0.095255,0.043833,0.58732,-0.093054,0.014876,0.57157,-0.066322,0.068641,0.59372
-0.094598,0.043732,0.58675,-0.091117,0.014752,0.57119,-0.066261,0.068817,0.59361
-0.093426,0.043216,0.58659,-0.088948,0.014579,0.57066,-0.066083,0.068465,0.5933
-0.092914,0.042834,0.58607,-0.087165,0.014462,0.57027,-0.066072,0.068207,0.59295
-0.1242,0.0661,0.606,-0.16477,0.054267,0.60982,-0.077808,0.073343,0.59824
-0.12406,0.066001,0.60593,-0.16461,0.053924,0.60981,-0.077403,0.073509,0.59784
-0.12372,0.066022,0.60547,-0.16409,0.053483,0.60947,-0.077231,0.073655,0.59766
-0.12379,0.065664,0.6052,-0.16425,0.053117,0.60917,-0.077255,0.073555,0.59748
-0.12363,0.065324,0.60479,-0.16381,0.052605,0.60845,-0.077179,0.073604,0.59721
-0.12339,0.064789,0.6043,-0.16328,0.051307,0.60778,-0.077177,0.073609,0.59734
-0.12327,0.064432,0.60392,-0.16419,0.0543,0.60336,-0.077099,0.073257,0.59749
-0.12306,0.063699,0.60366,-0.16422,0.053525,0.60347,-0.0771,0.072877,0.59695
-0.12304,0.063237,0.60332,-0.16409,0.052515,0.603,-0.077009,0.072897,0.59716
-0.12271,0.062404,0.60296,-0.1632,0.051042,0.60183,-0.077087,0.072886,0.59712
-0.12256,0.061819,0.60257,-0.16241,0.049393,0.59997,-0.077178,0.072742,0.59681
-0.12231,0.061521,0.60184,-0.16166,0.047831,0.59878,-0.077182,0.072745,0.59684
-0.12192,0.060852,0.60105,-0.16046,0.045574,0.59673,-0.077081,0.072764,0.59664
-0.12141,0.059894,0.60063,-0.1594,0.04367,0.59596,-0.077045,0.072328,0.59658
-0.12113,0.059346,0.60011,-0.15798,0.041769,0.59459,-0.076969,0.072469,0.59638
-0.12057,0.05843,0.59977,-0.15686,0.040111,0.59317,-0.076843,0.072163,0.59634
-0.12022,0.058129,0.5991,-0.15509,0.038109,0.59114,-0.076992,0.072107,0.59647
-0.11986,0.057502,0.59833,-0.15363,0.036396,0.59011,-0.076784,0.071971,0.59632
-0.11917,0.05686,0.59774,-0.15206,0.034978,0.58924,-0.076837,0.071758,0.59616
-0.11875,0.056202,0.59695,-0.15036,0.033202,0.58777,-0.07681,0.0716,0.59641
-0.11809,0.055643,0.59632,-0.14872,0.031669,0.58658,-0.076688,0.071927,0.5962
-0.1177,0.054769,0.59609,-0.14476,0.026814,0.58751,-0.07677,0.071537,0.59607
-0.11698,0.054235,0.5953,-0.14304,0.025203,0.58657,-0.076675,0.071141,0.59622
-0.11665,0.053708,0.59524,-0.1409,0.024268,0.58551,-0.076696,0.071043,0.59604
-0.11576,0.052774,0.59463,-0.13884,0.023145,0.58436,-0.076588,0.071042,0.59601
-0.11509,0.052401,0.59419,-0.13669,0.021874,0.58316,-0.076354,0.07082,0.59613
-0.11449,0.051617,0.5939,-0.13457,0.021149,0.58208,-0.076359,0.070972,0.59559
-0.11411,0.051198,0.59367,-0.13276,0.020296,0.58116,-0.076564,0.07054,0.59592
-0.11341,0.050393,0.59353,-0.13097,0.019772,0.58042,-0.076481,0.070276,0.59593
-0.11275,0.050184,0.59271,-0.12886,0.018954,0.57954,-0.076164,0.070204,0.59581
-0.11195,0.049418,0.59214,-0.12659,0.018247,0.57849,-0.076329,0.070552,0.59556
-0.11148,0.048808,0.59223,-0.12442,0.017396,0.57794,-0.076101,0.070187,0.5955
-0.11066,0.04842,0.59151,-0.12231,0.016993,0.57748,-0.076141,0.069901,0.59539
-0.11003,0.048197,0.59116,-0.1202,0.016611,0.57692,-0.076084,0.069948,0.5951
-0.10909,0.047153,0.59066,-0.11795,0.01612,0.57591,-0.075848,0.0696,0.59529
-0.10867,0.04702,0.59044,-0.11607,0.015885,0.57548,-0.075803,0.06964,0.59511
-0.10768,0.046222,0.59007,-0.11381,0.015613,0.57481,-0.075655,0.069309,0.59492
-0.10713,0.046185,0.5894,-0.11189,0.015465,0.57437,-0.07587,0.069202,0.59486
-0.10631,0.045855,0.58904,-0.10983,0.015214,0.57383,-0.07557,0.069241,0.59468
-0.10588,0.045281,0.58876,-0.10788,0.015073,0.57298,-0.075383,0.069142,0.59465
-0.10506,0.045088,0.58837,-0.10571,0.014917,0.57263,-0.075309,0.068981,0.59451
-0.10452,0.044632,0.58817,-0.10373,0.014762,0.57224,-0.075328,0.068695,0.59433
-0.10365,0.044133,0.5875,-0.10181,0.014315,0.57209,-0.075122,0.068536,0.59419
-0.10295,0.043047,0.5873,-0.099733,0.014411,0.57145,-0.074996,0.068378,0.59402
-0.10203,0.042747,0.58661,-0.097628,0.014038,0.57089,-0.074785,0.068209,0.59366
-0.10122,0.042044,0.58616,-0.095382,0.014188,0.5706,-0.074908,0.068104,0.59373
-0.13272,0.065999,0.60632,-0.17334,0.054623,0.61029,-0.08614,0.073463,0.59855
-0.13255,0.065938,0.60622,-0.17314,0.054413,0.61054,-0.085933,0.073721,0.59851
-0.13233,0.066082,0.60584,-0.1728,0.05421,0.60979,-0.085843,0.073597,0.5984
-0.13241,0.065671,0.60576,-0.1729,0.05329,0.60965,-0.0858,0.073398,0.5981
-0.13235,0.065129,0.60547,-0.17264,0.052536,0.60875,-0.085903,0.073524,0.59776
-0.13209,0.064766,0.60513,-0.17209,0.051715,0.60807,-0.08559,0.073294,0.59788
-0.13183,0.063924,0.60445,-0.17191,0.050131,0.60744,-0.085679,0.073149,0.59789
-0.13151,0.063335,0.60379,-0.17151,0.048959,0.60679,-0.085528,0.072796,0.59744
-0.1315,0.062749,0.60383,-0.17094,0.047907,0.60573,-0.08567,0.072753,0.59779
-0.13138,0.06209,0.60294,-0.17199,0.050613,0.60124,-0.085597,0.072546,0.59751
-0.13101,0.061654,0.60239,-0.17115,0.049302,0.60036,-0.085627,0.072214,0.59729
-0.13071,0.060732,0.60196,-0.17001,0.047814,0.59836,-0.085584,0.072049,0.59756
-0.13047,0.060302,0.60143,-0.16936,0.045725,0.59766,-0.085755,0.072277,0.59729
-0.1298,0.059678,0.60051,-0.16797,0.043795,0.59614,-0.085422,0.071906,0.59718
-0.1296,0.05886,0.60018,-0.16662,0.041774,0.59452,-0.085511,0.071569,0.59695
-0.12904,0.058252,0.60019,-0.16569,0.040093,0.59322,-0.085426,0.07156,0.59701
-0.12866,0.05776,0.59962,-0.16399,0.038116,0.59126,-0.085232,0.071425,0.5968
-0.12817,0.056839,0.59911,-0.1625,0.036302,0.5898,-0.085183,0.071579,0.59672
-0.12757,0.05627,0.59825,-0.1589,0.030762,0.59198,-0.085285,0.071387,0.59679
-0.12721,0.05567,0.59779,-0.15935,0.033474,0.58861,-0.085237,0.071362,0.59679
-0.12658,0.054826,0.59647,-0.1574,0.031626,0.58562,-0.085076,0.071001,0.59657
-0.12601,0.054241,0.59624,-0.15563,0.030315,0.58471,-0.085064,0.070784,0.59656
-0.12534,0.053515,0.59575,-0.154,0.028865,0.58354,-0.085018,0.070977,0.59648
-0.12497,0.052777,0.59538,-0.15148,0.027174,0.5822,-0.085012,0.070958,0.59626
-0.12431,0.051983,0.59505,-0.14957,0.026277,0.58148,-0.084852,0.070752,0.59633
-0.1239,0.051737,0.59423,-0.14559,0.021952,0.58322,-0.084838,0.070605,0.59609
-0.12321,0.051061,0.59415,-0.14327,0.020671,0.58229,-0.084762,0.070706,0.59598
-0.12278,0.050657,0.59365,-0.14122,0.020239,0.58108,-0.084885,0.070147,0.59606
-0.12217,0.05003,0.59333,-0.13928,0.019609,0.57987,-0.084833,0.070198,0.59622
-0.1212,0.049246,0.59302,-0.1371,0.018723,0.57954,-0.084576,0.070154,0.59598
-0.12072,0.049038,0.59282,-0.13488,0.018135,0.57866,-0.084682,0.069964,0.596
-0.11991,0.048668,0.59201,-0.1329,0.017699,0.57796,-0.084652,0.069808,0.59594
-0.11922,0.048038,0.59136,-0.13065,0.017056,0.57748,-0.08449,0.069702,0.59608
-0.11824,0.047425,0.59139,-0.1285,0.016481,0.57678,-0.084406,0.069718,0.59567
-0.11766,0.046724,0.59111,-0.12653,0.016208,0.57605,-0.084375,0.069547,0.59587
-0.11713,0.0468,0.59056,-0.12433,0.015645,0.57517,-0.08438,0.06912,0.59557
-0.11648,0.045987,0.5903,-0.1224,0.01501,0.57469,-0.084414,0.069348,0.59524
-0.11589,0.045866,0.59017,-0.1205,0.015042,0.57454,-0.084241,0.06916,0.59516
-0.11502,0.045425,0.58948,-0.11839,0.014811,0.57392,-0.084158,0.06915,0.59525
-0.11436,0.045037,0.58903,-0.11642,0.014693,0.57296,-0.084069,0.069066,0.59508
-0.11371,0.044644,0.5887,-0.11467,0.014492,0.57268,-0.083818,0.06848,0.59521
-0.11305,0.04384,0.5881,-0.11268,0.014728,0.57242,-0.083903,0.068348,0.595
-0.11255,0.043625,0.58786,-0.11088,0.014015,0.57252,-0.083868,0.068174,0.5947
-0.11161,0.042796,0.58758,-0.1087,0.013849,0.57162,-0.083612,0.067565,0.59504
-0.11067,0.042659,0.58689,-0.10643,0.013864,0.57111,-0.083363,0.067606,0.59429
-0.10965,0.04179,0.58659,-0.10459,0.013473,0.57087,-0.083282,0.067541,0.59448
-0.14044,0.061817,0.60936,-0.18179,0.053809,0.61104,-0.094722,0.072525,0.59932
-0.13993,0.062067,0.60882,-0.18137,0.053719,0.61022,-0.094133,0.0726,0.59897
-0.14019,0.061727,0.60889,-0.18131,0.053207,0.60987,-0.094311,0.072901,0.59884
-0.14009,0.061205,0.60845,-0.18112,0.05309,0.60934,-0.094164,0.072729,0.59872
-0.13977,0.061132,0.6081,-0.18083,0.052091,0.60869,-0.094272,0.072768,0.59833
-0.13952,0.060281,0.60786,-0.18078,0.050951,0.60804,-0.094202,0.072872,0.59848
-0.13929,0.060392,0.60753,-0.18054,0.050245,0.60754,-0.094085,0.072772,0.59846
-0.13938,0.059261,0.60748,-0.18006,0.049457,0.60638,-0.094068,0.072798,0.59828
-0.13881,0.059266,0.60656,-0.1796,0.048146,0.60597,-0.094036,0.072648,0.59821
-0.1386,0.059557,0.60581,-0.17898,0.046453,0.60516,-0.094021,0.072533,0.59837
-0.13859,0.058249,0.60591,-0.17855,0.045089,0.60347,-0.094163,0.072267,0.59797
-0.13806,0.058213,0.60511,-0.17765,0.042974,0.60209,-0.094337,0.072066,0.59808
-0.13893,0.060507,0.60139,-0.17848,0.045729,0.59783,-0.094235,0.072171,0.59782
-0.13833,0.059539,0.60034,-0.1768,0.043698,0.59606,-0.093861,0.07173,0.59787
-0.13823,0.058582,0.60015,-0.17586,0.041696,0.595,-0.094012,0.071705,0.59757
-0.13788,0.058085,0.59983,-0.17447,0.040122,0.59311,-0.093837,0.071116,0.59729
-0.13736,0.057431,0.59993,-0.1731,0.03817,0.59209,-0.093716,0.071178,0.59722
-0.13677,0.056982,0.59895,-0.17123,0.036289,0.59002,-0.093746,0.071146,0.59704
-0.13632,0.056163,0.59835,-0.16962,0.034972,0.58929,-0.09372,0.07104,0.59731
-0.13586,0.055298,0.59796,-0.16575,0.029109,0.5901,-0.093682,0.07095,0.5972
-0.1353,0.054455,0.59713,-0.16595,0.031764,0.58576,-0.093581,0.070809,0.59696
-0.13489,0.053775,0.59633,-0.16426,0.030241,0.58463,-0.093559,0.070729,0.5968
-0.13429,0.052927,0.5958,-0.16235,0.028955,0.58398,-0.09352,0.070418,0.59669
-0.13367,0.052132,0.59563,-0.158,0.02373,0.58476,-0.093615,0.070443,0.5965
-0.13326,0.051602,0.59517,-0.15634,0.022667,0.58414,-0.093517,0.069968,0.59679
-0.13258,0.051062,0.59485,-0.15414,0.021664,0.58328,-0.09333,0.070021,0.59669
-0.13209,0.050209,0.59447,-0.15424,0.024257,0.57936,-0.093297,0.070105,0.5966
-0.13134,0.050001,0.59414,-0.15034,0.019853,0.58138,-0.093134,0.070101,0.59639
-0.13098,0.049651,0.59367,-0.14835,0.019515,0.58059,-0.09342,0.069603,0.59651
-0.1303,0.049186,0.59293,-0.14618,0.018341,0.57931,-0.093282,0.069789,0.59641
-0.12968,0.048515,0.59231,-0.14381,0.017779,0.5785,-0.093266,0.069789,0.59651
-0.12872,0.048106,0.5923,-0.14165,0.017086,0.57836,-0.092873,0.069183,0.59625
-0.12834,0.047431,0.59207,-0.13978,0.016638,0.57716,-0.093056,0.069513,0.59588
-0.12762,0.047105,0.5919,-0.13739,0.016649,0.57663,-0.093118,0.069104,0.59597
-0.1267,0.046114,0.59164,-0.13513,0.015491,0.57623,-0.093066,0.068979,0.59608
-0.12596,0.045993,0.59064,-0.13294,0.015392,0.57516,-0.09284,0.06911,0.59581
-0.12539,0.045733,0.59034,-0.13086,0.015001,0.57511,-0.092699,0.068869,0.59562
-0.12465,0.045295,0.58987,-0.12913,0.014789,0.57452,-0.092758,0.068804,0.59566
-0.12409,0.045119,0.58958,-0.12687,0.014883,0.57351,-0.092771,0.068359,0.59554
-0.12331,0.044704,0.58929,-0.12498,0.014625,0.57309,-0.092492,0.067991,0.59538
-0.1225,0.044012,0.58912,-0.12286,0.014349,0.573,-0.092262,0.067917,0.59514
-0.12183,0.043267,0.5886,-0.12132,0.014231,0.57256,-0.09242,0.068078,0.59513
-0.12096,0.042437,0.58819,-0.11911,0.013831,0.57203,-0.092151,0.067589,0.59501
-0.11967,0.04253,0.58797,-0.11691,0.013665,0.57167,-0.09196,0.067293,0.59495
-0.11895,0.04215,0.58747,-0.11487,0.013676,0.57115,-0.091831,0.067025,0.59492
-0.11829,0.041401,0.58668,-0.11302,0.013244,0.57095,-0.091676,0.066853,0.59447
-0.1494,0.061262,0.60966,-0.19043,0.053723,0.61088,-0.10312,0.072015,0.5998
-0.14877,0.061104,0.60951,-0.19013,0.053304,0.61047,-0.10282,0.071924,0.5992
-0.14885,0.061065,0.60909,-0.19009,0.053111,0.61017,-0.10292,0.071918,0.59917
-0.14877,0.059879,0.60924,-0.18998,0.052586,0.60949,-0.10284,0.0715,0.59903
-0.14852,0.060147,0.60841,-0.1897,0.051843,0.60896,-0.10267,0.071889,0.59868
-0.14853,0.059949,0.60816,-0.18926,0.050541,0.60792,-0.10279,0.071836,0.59876
-0.14798,0.059446,0.60757,-0.18884,0.049285,0.60758,-0.10273,0.071691,0.59874
-0.14811,0.058981,0.60733,-0.18862,0.048449,0.60676,-0.10267,0.071684,0.59848
-0.14721,0.058415,0.60696,-0.18825,0.047379,0.60612,-0.10247,0.071899,0.59832
-0.14707,0.058106,0.60638,-0.18733,0.04577,0.60488,-0.10253,0.071788,0.59861
-0.14666,0.057506,0.60589,-0.18685,0.044602,0.60353,-0.10266,0.071834,0.59837
-0.14655,0.057563,0.60555,-0.18582,0.043216,0.60199,-0.10257,0.071678,0.59833
-0.1474,0.060257,0.60157,-0.18691,0.04631,0.59798,-0.10266,0.071614,0.59824
-0.14715,0.05959,0.6012,-0.18582,0.044448,0.59706,-0.10275,0.071611,0.59813
-0.14511,0.058941,0.60002,-0.18439,0.041835,0.59551,-0.1011,0.071901,0.59781
-0.14609,0.057315,0.60012,-0.18297,0.039666,0.59325,-0.10262,0.070666,0.59816
-0.14586,0.057069,0.59937,-0.18099,0.03763,0.59137,-0.10238,0.070681,0.59776
-0.14538,0.056258,0.59896,-0.17942,0.036301,0.59036,-0.1023,0.070145,0.59754
-0.1452,0.055794,0.59906,-0.1782,0.034903,0.5893,-0.10239,0.070088,0.59761
-0.14432,0.0551,0.59818,-0.17644,0.033373,0.58737,-0.10229,0.070144,0.59742
-0.14396,0.054092,0.59733,-0.1747,0.031778,0.58657,-0.10241,0.069709,0.59728
-0.14343,0.053283,0.59676,-0.17294,0.030345,0.58513,-0.10236,0.069812,0.59742
-0.14248,0.052541,0.59617,-0.17059,0.028919,0.58324,-0.10219,0.069828,0.59747
-0.14229,0.052006,0.59547,-0.16853,0.027445,0.5818,-0.10238,0.069619,0.59724
-0.1417,0.051788,0.59503,-0.16671,0.026405,0.58063,-0.10224,0.069659,0.59734
-0.14096,0.050675,0.59428,-0.16279,0.02182,0.58317,-0.10226,0.06968,0.59723
-0.14062,0.050513,0.59365,-0.16076,0.020577,0.58175,-0.10208,0.069287,0.5973
-0.13992,0.050059,0.59358,-0.15904,0.019908,0.58129,-0.10217,0.069503,0.59699
-0.1395,0.049306,0.59361,-0.15707,0.019439,0.58048,-0.10233,0.068881,0.59726
-0.13887,0.048858,0.59311,-0.15485,0.018779,0.57954,-0.1021,0.068647,0.59703
-0.13824,0.048293,0.59283,-0.15288,0.017938,0.57904,-0.10211,0.069002,0.59715
-0.13752,0.048072,0.59249,-0.15068,0.01707,0.5781,-0.10204,0.06867,0.5969
-0.13682,0.047266,0.59179,-0.14849,0.01648,0.57746,-0.10199,0.068416,0.59677
-0.13633,0.046874,0.5916,-0.14632,0.015819,0.57684,-0.1019,0.068283,0.59671
-0.1356,0.045881,0.59144,-0.14392,0.015516,0.57611,-0.10178,0.06822,0.59656
-0.13499,0.045978,0.59143,-0.1416,0.015233,0.57548,-0.10189,0.068351,0.59639
-0.13389,0.045562,0.59046,-0.13962,0.014992,0.57451,-0.10175,0.068377,0.59611
-0.13348,0.04517,0.59027,-0.13756,0.014687,0.5741,-0.10153,0.06822,0.59626
-0.13268,0.044632,0.5898,-0.13557,0.014262,0.57401,-0.10143,0.067667,0.59612
-0.13205,0.043964,0.58944,-0.13357,0.014401,0.57343,-0.10132,0.067587,0.59604
-0.13131,0.043869,0.58911,-0.13176,0.014609,0.5726,-0.10123,0.067354,0.59548
-0.13077,0.043142,0.5889,-0.12986,0.01431,0.5724,-0.10123,0.067338,0.59541
-0.12998,0.042613,0.58843,-0.12779,0.013771,0.57236,-0.10111,0.067338,0.59557
-0.12919,0.042163,0.5879,-0.12553,0.013732,0.57169,-0.10068,0.066974,0.59546
-0.12824,0.041529,0.58746,-0.12355,0.013318,0.57125,-0.10071,0.066766,0.59518
-0.12761,0.041321,0.58688,-0.12175,0.013397,0.57091,-0.10065,0.066516,0.59527
-0.15934,0.067967,0.60374,-0.19888,0.05336,0.6112,-0.11185,0.071389,0.59994
-0.15928,0.06794,0.6035,-0.19861,0.053046,0.61084,-0.1115,0.071275,0.59958
-0.15912,0.067954,0.60335,-0.19883,0.053032,0.61048,-0.11149,0.071179,0.59918
-0.15928,0.067713,0.60313,-0.19844,0.052068,0.60959,-0.11134,0.071412,0.59894
-0.15897,0.067246,0.6028,-0.1981,0.051828,0.60903,-0.1114,0.071155,0.59922
-0.15877,0.067022,0.60189,-0.1979,0.050461,0.60832,-0.11137,0.07098,0.5987
-0.15889,0.066259,0.60166,-0.19768,0.049555,0.60785,-0.11144,0.071089,0.59868
-0.15858,0.066114,0.60132,-0.19713,0.048959,0.60708,-0.11134,0.071125,0.59874
-0.15792,0.065702,0.60077,-0.19655,0.047288,0.60586,-0.11121,0.071012,0.59877
-0.15834,0.065247,0.6005,-0.19589,0.045727,0.60467,-0.11138,0.071075,0.59861
-0.15788,0.064601,0.59994,-0.19504,0.044615,0.6031,-0.1114,0.07103,0.59868
-0.15772,0.064112,0.59967,-0.19427,0.042841,0.60205,-0.11126,0.071023,0.59864
-0.15671,0.06332,0.59825,-0.1933,0.04022,0.60096,-0.11118,0.07094,0.59841
-0.15646,0.062878,0.59812,-0.19377,0.043988,0.5969,-0.111,0.070526,0.59847
-0.15636,0.061902,0.59694,-0.19254,0.041719,0.59532,-0.11088,0.070876,0.59827
-0.15579,0.061289,0.5972,-0.19095,0.04007,0.59335,-0.11111,0.070448,0.59826
-0.15566,0.0606,0.59672,-0.18975,0.038353,0.5926,-0.11122,0.070366,0.59818
-0.15482,0.05988,0.59592,-0.18805,0.036587,0.591,-0.1111,0.070167,0.59817
-0.1536,0.055179,0.59899,-0.18692,0.03494,0.58992,-0.11108,0.069765,0.59772
-0.15305,0.054781,0.5982,-0.18497,0.033362,0.58812,-0.11113,0.06968,0.59774
-0.15232,0.054125,0.59738,-0.18332,0.031808,0.58713,-0.11105,0.069945,0.59762
-0.15166,0.053266,0.59706,-0.18122,0.030363,0.58497,-0.11104,0.069142,0.59746
-0.15131,0.0524,0.5964,-0.17944,0.029115,0.58359,-0.11108,0.069408,0.59762
-0.15055,0.052035,0.59547,-0.17699,0.027596,0.5817,-0.11098,0.069268,0.59749
-0.15007,0.051615,0.59503,-0.17479,0.026611,0.5806,-0.11097,0.069112,0.59753
-0.14964,0.050935,0.59455,-0.17292,0.025418,0.57942,-0.11091,0.069053,0.59747
-0.1487,0.050494,0.59404,-0.17098,0.024466,0.57893,-0.11083,0.069007,0.59737
-0.14844,0.049443,0.59357,-0.16909,0.0234,0.57813,-0.11076,0.068932,0.59725
-0.14789,0.049005,0.59372,-0.16556,0.019006,0.58132,-0.11078,0.06855,0.59739
-0.14734,0.048384,0.59334,-0.16566,0.021995,0.57727,-0.11086,0.06861,0.59717
-0.14667,0.048079,0.59283,-0.16135,0.01784,0.57922,-0.11085,0.06846,0.59694
-0.14592,0.047374,0.5925,-0.15897,0.01701,0.57806,-0.11061,0.068437,0.59705
-0.14524,0.047056,0.59207,-0.15692,0.016529,0.57725,-0.11053,0.068253,0.59702
-0.14457,0.046815,0.5914,-0.15462,0.016149,0.57689,-0.11053,0.068015,0.597
-0.1438,0.0464,0.59113,-0.1527,0.015223,0.57642,-0.11044,0.068127,0.59697
-0.14339,0.045689,0.59161,-0.15081,0.014901,0.57569,-0.11052,0.06766,0.59683
-0.14236,0.045196,0.59086,-0.14852,0.014656,0.57523,-0.11038,0.067741,0.59677
-0.14191,0.044728,0.59044,-0.14867,0.018027,0.57147,-0.11045,0.067707,0.59672
-0.14109,0.044416,0.59007,-0.1464,0.017897,0.57057,-0.11017,0.067465,0.59658
-0.14053,0.043824,0.58953,-0.14475,0.017505,0.5706,-0.11026,0.067266,0.59667
-0.13998,0.043648,0.58934,-0.1429,0.017503,0.57054,-0.10988,0.067157,0.59623
-0.1393,0.0428,0.58888,-0.13854,0.014047,0.57272,-0.10994,0.066891,0.59632
-0.13859,0.042465,0.58842,-0.13637,0.013804,0.5721,-0.1097,0.066623,0.59593
-0.13784,0.041871,0.58808,-0.13441,0.013892,0.57201,-0.1097,0.066567,0.59601
-0.13686,0.041439,0.58794,-0.1325,0.01363,0.57115,-0.10976,0.066488,0.59562
-0.13589,0.041101,0.5873,-0.13051,0.013199,0.57086,-0.10966,0.066133,0.59561
-0.16518,0.064409,0.60714,-0.20616,0.053112,0.61199,-0.11827,0.070698,0.59975
-0.1666,0.063969,0.60699,-0.20768,0.053714,0.61153,-0.1196,0.070339,0.5997
-0.16636,0.063878,0.60681,-0.20711,0.053247,0.61042,-0.11942,0.070681,0.59943
-0.1665,0.063714,0.6064,-0.20714,0.052615,0.61,-0.11975,0.070714,0.59941
-0.16611,0.063282,0.60605,-0.20664,0.0516,0.60992,-0.11935,0.070472,0.59939
-0.16605,0.063102,0.60538,-0.20644,0.050752,0.60848,-0.11957,0.070571,0.59927
-0.16595,0.062379,0.60508,-0.2065,0.049233,0.60865,-0.11958,0.070602,0.59898
-0.16572,0.062368,0.60493,-0.20601,0.048526,0.60752,-0.11947,0.070233,0.59917
-0.16542,0.061662,0.60442,-0.20503,0.047143,0.60645,-0.11949,0.070158,0.5993
-0.16514,0.061331,0.60347,-0.20434,0.045539,0.6054,-0.11945,0.070444,0.5991
-0.16524,0.06093,0.60359,-0.20375,0.044301,0.60408,-0.11952,0.070182,0.59921
-0.16483,0.060387,0.60265,-0.20272,0.042551,0.60239,-0.11953,0.070397,0.59896
-0.16425,0.059625,0.60196,-0.20151,0.040727,0.60093,-0.11959,0.070502,0.59905
-0.164,0.059136,0.60125,-0.20067,0.038683,0.59985,-0.11963,0.069978,0.59862
-0.16367,0.058167,0.60069,-0.19953,0.036541,0.5987,-0.11926,0.070267,0.59856
-0.16326,0.057649,0.60033,-0.19829,0.035153,0.59681,-0.11944,0.07015,0.59835
-0.16271,0.056698,0.59965,-0.19671,0.033362,0.59517,-0.11926,0.070033,0.59806
-0.1634,0.060118,0.59617,-0.19734,0.036704,0.59119,-0.11923,0.069863,0.59814
-0.16292,0.059342,0.59565,-0.19587,0.035127,0.59003,-0.11807,0.067619,0.60019
-0.16232,0.058862,0.59532,-0.19371,0.033603,0.58728,-0.1191,0.069863,0.59788
-0.16182,0.057885,0.59417,-0.19187,0.032082,0.58622,-0.11927,0.069706,0.59799
-0.16172,0.057527,0.5947,-0.19025,0.030579,0.5851,-0.11953,0.069421,0.59782
-0.16114,0.056612,0.59379,-0.18824,0.029256,0.58373,-0.11922,0.069267,0.59799
-0.16013,0.056171,0.59272,-0.18581,0.028023,0.58247,-0.11908,0.069269,0.59787
-0.15917,0.055413,0.59109,-0.1838,0.026866,0.58089,-0.11903,0.068845,0.5975
-0.15873,0.054994,0.59145,-0.18183,0.025705,0.57947,-0.11923,0.069106,0.59761
-0.15847,0.054483,0.59081,-0.17977,0.024779,0.57831,-0.11915,0.068612,0.5974
-0.15767,0.054066,0.59021,-0.17849,0.024033,0.57847,-0.11906,0.068746,0.59752
-0.15787,0.053502,0.59097,-0.1767,0.022928,0.57794,-0.11931,0.068437,0.59764
-0.15727,0.053059,0.59007,-0.1749,0.022366,0.57771,-0.11904,0.068094,0.59727
-0.15624,0.052413,0.58889,-0.17199,0.02133,0.57588,-0.11899,0.068292,0.59727
-0.15557,0.052041,0.58877,-0.17015,0.020824,0.57544,-0.11902,0.067978,0.59726
-0.1551,0.051567,0.5885,-0.16783,0.020346,0.57452,-0.11899,0.067893,0.597
-0.15435,0.051034,0.58859,-0.16531,0.019528,0.5736,-0.11889,0.067733,0.59709
-0.15392,0.05072,0.58843,-0.1612,0.015699,0.57642,-0.11898,0.067748,0.59701
-0.1532,0.050082,0.58746,-0.15927,0.015268,0.5756,-0.1189,0.067573,0.59671
-0.15242,0.04988,0.5872,-0.15715,0.014999,0.57486,-0.11896,0.067335,0.59675
-0.15175,0.049677,0.58703,-0.1551,0.01438,0.57438,-0.11875,0.067275,0.59672
-0.1512,0.048923,0.58738,-0.15295,0.014568,0.574,-0.11865,0.067194,0.59681
-0.14898,0.044146,0.58988,-0.15103,0.01471,0.57339,-0.11864,0.067088,0.5967
-0.14842,0.0436,0.58957,-0.14919,0.014362,0.57274,-0.11855,0.066725,0.59656
-0.14782,0.043429,0.58881,-0.14959,0.017786,0.5703,-0.11841,0.066559,0.5965
-0.14698,0.043032,0.58846,-0.14752,0.017579,0.57018,-0.11816,0.066676,0.59627
-0.14619,0.042073,0.58819,-0.14526,0.017259,0.5697,-0.11805,0.066047,0.59633
-0.14542,0.041424,0.58754,-0.14335,0.017229,0.56871,-0.11807,0.06596,0.59601
-0.14432,0.040699,0.5872,-0.13899,0.013235,0.57129,-0.11803,0.065597,0.59612
-0.17117,0.064084,0.60753,-0.21225,0.053067,0.61212,-0.12434,0.070346,0.60023
-0.17118,0.064029,0.60698,-0.21202,0.053385,0.61134,-0.12434,0.070397,0.59989
-0.17246,0.064515,0.60664,-0.21355,0.052984,0.61131,-0.12554,0.070091,0.59944
-0.17247,0.06355,0.60678,-0.21296,0.052311,0.61027,-0.12566,0.070427,0.59973
-0.17153,0.06321,0.60632,-0.21211,0.051667,0.60952,-0.12401,0.067371,0.60192
-0.17186,0.063041,0.60588,-0.21237,0.05054,0.60912,-0.12525,0.070083,0.59953
-0.17166,0.062438,0.60544,-0.21218,0.049542,0.6087,-0.1251,0.070051,0.59921
-0.1714,0.062388,0.60506,-0.21169,0.0489,0.60756,-0.12507,0.070173,0.59919
-0.17114,0.061951,0.60429,-0.21094,0.047253,0.60691,-0.1252,0.070258,0.59932
-0.17128,0.061361,0.60415,-0.20865,0.04053,0.60758,-0.12545,0.069989,0.59922
-0.17149,0.060672,0.6038,-0.20956,0.038968,0.60648,-0.1258,0.069893,0.59899
-0.17104,0.060176,0.60274,-0.2082,0.036976,0.60551,-0.12584,0.070164,0.59894
-0.17091,0.059715,0.60257,-0.20861,0.040727,0.60124,-0.12595,0.069992,0.59911
-0.17051,0.058818,0.60166,-0.20756,0.038729,0.60008,-0.12611,0.070264,0.59879
-0.16911,0.058102,0.60115,-0.20502,0.037008,0.59879,-0.12488,0.070032,0.59896
-0.16892,0.057632,0.60063,-0.20393,0.035441,0.59706,-0.12517,0.06982,0.59888
-0.16903,0.05686,0.60001,-0.20314,0.033536,0.59594,-0.12542,0.069828,0.59875
-0.16876,0.056424,0.59964,-0.20146,0.032343,0.59411,-0.12556,0.069586,0.5986
-0.16799,0.055206,0.59928,-0.19913,0.030545,0.59245,-0.12507,0.069394,0.59847
-0.1683,0.054577,0.59898,-0.19828,0.028904,0.59123,-0.12585,0.069311,0.59831
-0.16739,0.053758,0.59833,-0.19599,0.02799,0.58924,-0.12668,0.071993,0.59575
-0.16669,0.053372,0.59784,-0.1941,0.026313,0.58852,-0.12584,0.07182,0.59538
-0.16633,0.052509,0.59683,-0.19256,0.024983,0.5871,-0.12649,0.071828,0.59544
-0.16599,0.051946,0.59619,-0.19058,0.023994,0.58558,-0.12643,0.071717,0.59497
-0.16502,0.051389,0.59563,-0.18819,0.023071,0.58431,-0.12597,0.071633,0.59541
-0.16474,0.050875,0.5952,-0.18653,0.022102,0.58332,-0.1262,0.071475,0.59498
-0.16408,0.05043,0.59456,-0.18438,0.021105,0.5822,-0.12637,0.071377,0.59488
-0.16414,0.054116,0.58977,-0.1841,0.024252,0.57792,-0.12496,0.068286,0.59798
-0.16317,0.048956,0.59422,-0.18067,0.019419,0.58119,-0.12601,0.071097,0.59513
-0.16268,0.048781,0.59356,-0.17857,0.018707,0.58004,-0.12603,0.070763,0.59507
-0.16331,0.052936,0.5897,-0.17883,0.021699,0.57644,-0.12561,0.067983,0.59752
-0.16238,0.052208,0.58862,-0.17696,0.02134,0.5751,-0.12546,0.067904,0.59743
-0.16114,0.051796,0.58803,-0.17371,0.020665,0.57467,-0.12522,0.06776,0.59752
-0.16094,0.051206,0.58797,-0.17227,0.020063,0.57383,-0.12521,0.067648,0.59706
-0.16032,0.050893,0.588,-0.16987,0.01942,0.57343,-0.12523,0.067546,0.59723
-0.15987,0.050464,0.5879,-0.168,0.018935,0.5729,-0.12522,0.067685,0.59664
-0.15918,0.050202,0.58728,-0.16578,0.018863,0.57205,-0.12527,0.067453,0.5968
-0.15818,0.049713,0.58741,-0.16147,0.014898,0.57433,-0.12522,0.067038,0.59675
-0.15647,0.049497,0.58722,-0.16032,0.018221,0.57117,-0.12423,0.067038,0.59654
-0.15689,0.048914,0.58694,-0.15741,0.014451,0.57357,-0.12478,0.066775,0.59637
-0.1555,0.048065,0.58582,-0.15527,0.014346,0.57288,-0.12446,0.066763,0.59612
-0.15452,0.047724,0.58604,-0.15325,0.014213,0.57307,-0.12426,0.066544,0.59648
-0.15489,0.047267,0.58523,-0.1519,0.014066,0.57228,-0.1248,0.066711,0.59649
-0.15392,0.046769,0.58514,-0.14961,0.014083,0.57187,-0.1244,0.066498,0.5962
-0.1531,0.046155,0.58455,-0.14927,0.017533,0.56868,-0.12447,0.06601,0.59608
-0.1525,0.045382,0.58398,-0.14736,0.01722,0.5684,-0.12424,0.066017,0.59593
