-0.15373,-0.0021917,0.38472,-0.17253,-0.0036072,0.38495,-0.17631,0.025213,0.38521,-0.16259,0.020783,0.37908,-0.17975,0.038433,0.38497,-0.17458,0.0083022,0.38549,-0.16649,0.046079,0.37893,-0.1661,0.03231,0.37907,-0.17853,0.034961,0.4234,-0.16841,-0.00072845,0.42246,-0.17702,0.01529,0.41254,-0.18343,0.027992,0.40017,-0.17834,-0.0049887,0.39902,-0.14361,0.040858,0.38658,-0.13905,-0.00068605,0.38878,-0.137,0.026671,0.39958,-0.13476,0.043731,0.41167,-0.1275,0.0033393,0.41153
-0.15475,-0.0023211,0.38586,-0.17268,-0.0036197,0.38523,-0.17643,0.025141,0.38509,-0.16291,0.020559,0.37938,-0.17959,0.038641,0.38519,-0.17498,0.0083369,0.38625,-0.16181,0.045893,0.38196,-0.16658,0.032381,0.38009,-0.17806,0.035187,0.42368,-0.16826,-0.00089729,0.42258,-0.17794,0.014897,0.41202,-0.1842,0.027633,0.39975,-0.17946,-0.0053885,0.3988,-0.144,0.04097,0.38765,-0.13946,-0.00072,0.39116,-0.13699,0.026744,0.40073,-0.13458,0.043671,0.41111,-0.12847,0.0037249,0.41552
-0.15428,-0.0022598,0.38577,-0.17327,-0.0037221,0.38539,-0.17662,0.025091,0.3848,-0.16259,0.020731,0.3788,-0.17953,0.038611,0.385,-0.17503,0.0082896,0.38562,-0.16714,0.04586,0.3792,-0.16607,0.032847,0.38055,-0.17758,0.035201,0.42432,-0.16785,-0.00074246,0.42282,-0.17689,0.015348,0.41262,-0.18415,0.027657,0.39978,-0.1788,-0.0051381,0.39916,-0.14407,0.04099,0.38783,-0.13967,-0.00072103,0.39176,-0.13748,0.026699,0.40163,-0.1349,0.043777,0.41211,-0.12831,0.0034239,0.41454
-0.15446,-0.0020217,0.38573,-0.17265,-0.0035854,0.38569,-0.17697,0.025325,0.38537,-0.16223,0.020973,0.38,-0.17993,0.038662,0.38574,-0.17522,0.0085263,0.38605,-0.16728,0.045726,0.3791,-0.16665,0.032597,0.38035,-0.17809,0.035169,0.42366,-0.16762,-0.00065305,0.42296,-0.17832,0.014737,0.4118,-0.18364,0.027896,0.40006,-0.17899,-0.0047646,0.39879,-0.14396,0.040718,0.38792,-0.13944,-0.00077943,0.38996,-0.13763,0.02652,0.40162,-0.13523,0.043883,0.41311,-0.12849,0.0034278,0.41512
-0.15364,-0.0018048,0.38606,-0.17143,-0.0030649,0.38656,-0.17612,0.025474,0.3854,-0.16268,0.020784,0.3798,-0.17871,0.039134,0.38587,-0.175,0.0086381,0.38642,-0.16614,0.046167,0.3788,-0.16633,0.032753,0.38033,-0.17752,0.035641,0.42461,-0.16812,-0.0003314,0.423,-0.17734,0.01512,0.41196,-0.18348,0.027968,0.40014,-0.17771,-0.0043411,0.39988,-0.14438,0.04066,0.38868,-0.13983,-0.00092696,0.39068,-0.1374,0.026361,0.40139,-0.13469,0.043708,0.41146,-0.12845,0.0032727,0.41402
-0.15449,-0.0018238,0.3862,-0.1724,-0.0035392,0.38543,-0.17684,0.025293,0.38505,-0.16234,0.020889,0.37925,-0.17889,0.039007,0.38562,-0.17516,0.0083563,0.38573,-0.1675,0.045684,0.37855,-0.167,0.032491,0.38036,-0.17729,0.035755,0.42475,-0.16735,1.5508e-05,0.42365,-0.17741,0.015533,0.41246,-0.18486,0.027323,0.39938,-0.17883,-0.0043765,0.39941,-0.14421,0.040435,0.38783,-0.13984,-0.00084985,0.3901,-0.13734,0.026348,0.40121,-0.13503,0.043817,0.41249,-0.12887,0.0032844,0.41538
-0.15462,-0.0019104,0.3858,-0.17342,-0.0037491,0.38538,-0.17684,0.025184,0.38463,-0.16255,0.020767,0.379,-0.17982,0.038453,0.3848,-0.1757,0.0082488,0.38603,-0.16673,0.045907,0.37905,-0.16676,0.032332,0.3799,-0.17747,0.035863,0.42493,-0.16789,0.00016139,0.42328,-0.17881,0.014609,0.41162,-0.18481,0.027347,0.39941,-0.17918,-0.0045089,0.39922,-0.14448,0.04069,0.38896,-0.14041,-0.00085329,0.39171,-0.13737,0.026355,0.4013,-0.13454,0.043658,0.41099,-0.12861,0.0032776,0.41452
-0.15488,-0.0018686,0.38623,-0.17266,-0.0034322,0.38554,-0.17745,0.025215,0.38573,-0.16415,0.020275,0.37968,-0.17978,0.038584,0.38483,-0.17577,0.0082947,0.38573,-0.16206,0.045963,0.38254,-0.16666,0.032461,0.38031,-0.17684,0.036164,0.42531,-0.16858,-0.00016463,0.42329,-0.17918,0.014775,0.41145,-0.18527,0.027132,0.39916,-0.17921,-0.0045221,0.3992,-0.14439,0.040664,0.38871,-0.14027,-0.00089147,0.39092,-0.13769,0.026336,0.40096,-0.13483,0.043583,0.41108,-0.12933,0.0034354,0.41587
-0.1572,-0.0017309,0.38022,-0.17213,-0.0030035,0.38746,-0.17626,0.025451,0.38453,-0.16176,0.020934,0.37937,-0.1791,0.039039,0.38523,-0.17569,0.0085171,0.38512,-0.16532,0.04667,0.37952,-0.16606,0.032623,0.3801,-0.17624,0.036576,0.4255,-0.16716,0.00020072,0.42454,-0.17829,0.015154,0.41196,-0.18381,0.02811,0.40031,-0.17878,-0.0040837,0.39978,-0.14527,0.040911,0.39108,-0.14066,-0.0011358,0.39151,-0.13733,0.026176,0.40075,-0.13491,0.04378,0.41214,-0.12942,0.003182,0.41642
-0.15718,-0.00167,0.38067,-0.17306,-0.0034357,0.38624,-0.177,0.025425,0.3855,-0.16124,0.021107,0.37936,-0.17942,0.038839,0.38532,-0.17572,0.0085209,0.38576,-0.16519,0.046588,0.37906,-0.16665,0.032396,0.38,-0.17757,0.035815,0.42487,-0.16981,-0.00080043,0.42298,-0.17947,0.015169,0.4112,-0.18471,0.027584,0.40003,-0.178,-0.0038517,0.4006,-0.14376,0.040309,0.38663,-0.14052,-0.0010291,0.3908,-0.13728,0.026168,0.40062,-0.13503,0.043459,0.41114,-0.12859,0.0029211,0.41255
-0.15723,-0.0014243,0.38091,-0.17426,-0.0028658,0.38421,-0.17733,0.025385,0.38486,-0.16056,0.021438,0.37988,-0.17959,0.039043,0.38521,-0.17595,0.0085772,0.38577,-0.1669,0.045887,0.37873,-0.16731,0.032073,0.37999,-0.17856,0.035466,0.4241,-0.16755,0.00045598,0.42407,-0.17857,0.015441,0.41194,-0.18477,0.027664,0.39978,-0.17986,-0.0043356,0.39974,-0.14455,0.040709,0.38915,-0.14065,-0.0010301,0.39118,-0.13718,0.026149,0.40033,-0.13477,0.043373,0.41033,-0.12945,0.0029409,0.4153
-0.15731,-0.0016784,0.38051,-0.17269,-0.0030838,0.38645,-0.17678,0.025327,0.38471,-0.16096,0.021301,0.37987,-0.17928,0.039123,0.38563,-0.17588,0.0084868,0.38565,-0.16714,0.045728,0.37847,-0.16695,0.032217,0.38006,-0.17755,0.035949,0.42471,-0.16776,0.00061745,0.4248,-0.17916,0.015479,0.41196,-0.18416,0.02795,0.40012,-0.17901,-0.004125,0.40042,-0.14425,0.040624,0.38833,-0.1407,-0.0010304,0.3913,-0.13716,0.026144,0.40025,-0.13502,0.043455,0.41111,-0.12983,0.0030321,0.41701
-0.15855,-0.0023625,0.37969,-0.17301,-0.0031697,0.38621,-0.1772,0.025206,0.38444,-0.16254,0.020646,0.3789,-0.17969,0.039109,0.3852,-0.17575,0.0085493,0.38521,-0.16654,0.046009,0.37911,-0.16691,0.032134,0.37964,-0.17714,0.03602,0.42513,-0.16883,0.00021022,0.42417,-0.17906,0.015523,0.41201,-0.18498,0.027568,0.39967,-0.17915,-0.004178,0.40034,-0.14368,0.040287,0.38642,-0.14094,-0.0014513,0.39197,-0.13767,0.02602,0.40048,-0.13472,0.04314,0.41021,-0.12987,0.0029594,0.41603
-0.15816,-0.0020005,0.38,-0.17411,-0.003225,0.3871,-0.17788,0.025289,0.38537,-0.16228,0.020935,0.3798,-0.18004,0.039074,0.38554,-0.17603,0.0086721,0.38508,-0.16739,0.045725,0.37893,-0.16679,0.032321,0.38027,-0.17642,0.036891,0.42549,-0.16954,0.00017455,0.42361,-0.17913,0.015519,0.4118,-0.18467,0.028196,0.40021,-0.181,-0.0043938,0.39965,-0.14486,0.040793,0.38996,-0.14135,-0.0014498,0.39192,-0.13785,0.026053,0.401,-0.13484,0.042959,0.41058,-0.13003,0.0028461,0.41561
-0.15808,-0.0018968,0.38064,-0.17404,-0.0032188,0.38727,-0.1775,0.025499,0.38517,-0.16339,0.020252,0.38001,-0.17978,0.039226,0.38542,-0.17612,0.008805,0.38492,-0.16698,0.045723,0.37871,-0.16731,0.032264,0.38034,-0.17839,0.035729,0.42433,-0.1695,0.00040784,0.42344,-0.17998,0.015128,0.41149,-0.18593,0.027608,0.39952,-0.1796,-0.0039148,0.401,-0.14483,0.040368,0.3899,-0.14186,-0.001455,0.39333,-0.13815,0.025914,0.40102,-0.13484,0.042959,0.41058,-0.12986,0.0028453,0.41565
-0.15797,-0.0021174,0.38036,-0.17524,-0.0025154,0.38441,-0.17743,0.02535,0.38495,-0.16265,0.020728,0.37982,-0.18103,0.038628,0.38486,-0.17608,0.0086187,0.38483,-0.16666,0.045879,0.37887,-0.16694,0.032441,0.38054,-0.17796,0.035937,0.42459,-0.16993,0.00054891,0.42362,-0.18104,0.014674,0.41088,-0.18558,0.027997,0.39957,-0.17687,-0.0037921,0.39719,-0.14505,0.040595,0.38933,-0.14212,-0.0014543,0.39335,-0.13764,0.025817,0.39952,-0.13493,0.042985,0.41083,-0.13041,0.0027712,0.41636
-0.15668,-0.0019343,0.38021,-0.17374,-0.0030992,0.38621,-0.177,0.025336,0.38346,-0.16187,0.02068,0.37878,-0.18002,0.038999,0.38452,-0.17592,0.0085216,0.3844,-0.16731,0.04535,0.37809,-0.16674,0.032256,0.37945,-0.1774,0.036746,0.42485,-0.16942,0.00060821,0.42408,-0.17987,0.015876,0.41205,-0.18572,0.028152,0.39967,-0.18222,-0.0045799,0.39963,-0.14408,0.039933,0.38558,-0.14168,-0.0018661,0.39161,-0.13759,0.025498,0.39896,-0.13429,0.042705,0.40943,-0.1301,0.0027595,0.41458
-0.15829,-0.0022522,0.37951,-0.17174,-0.0029056,0.38888,-0.17714,0.025705,0.38367,-0.16102,0.02105,0.37887,-0.1795,0.039199,0.38456,-0.17603,0.0086909,0.3846,-0.16606,0.045942,0.3783,-0.16782,0.031903,0.37923,-0.17701,0.03671,0.42498,-0.16949,0.0012037,0.42431,-0.18154,0.01556,0.41123,-0.18652,0.027777,0.39923,-0.1823,-0.004205,0.40027,-0.14495,0.040172,0.3879,-0.14139,-0.0019986,0.39042,-0.13759,0.025809,0.39939,-0.13434,0.042723,0.40961,-0.12993,0.0027591,0.41347
-0.15772,-0.0022748,0.37996,-0.17415,-0.0025957,0.38654,-0.17691,0.0257,0.38367,-0.16223,0.020687,0.37852,-0.17943,0.039077,0.38398,-0.17641,0.0085855,0.384,-0.16673,0.045558,0.37819,-0.16718,0.032223,0.37964,-0.17796,0.036476,0.42451,-0.1712,0.0006895,0.4238,-0.18139,0.01551,0.41153,-0.18643,0.027816,0.39927,-0.1823,-0.0039562,0.40041,-0.14426,0.039744,0.38646,-0.14302,-0.0019342,0.39378,-0.13803,0.025385,0.39939,-0.13462,0.042812,0.41046,-0.13014,0.0023941,0.41366
-0.15804,-0.0022407,0.38109,-0.17542,-0.003,0.38715,-0.17797,0.02571,0.38497,-0.16273,0.020999,0.3798,-0.17995,0.039281,0.38549,-0.1765,0.0088828,0.38491,-0.16606,0.046117,0.37933,-0.16757,0.032106,0.37998,-0.17803,0.03665,0.42524,-0.17137,0.0008101,0.42387,-0.18383,0.01486,0.41027,-0.18771,0.027583,0.39934,-0.18338,-0.0045361,0.39996,-0.14485,0.039972,0.38928,-0.14205,-0.0022828,0.39146,-0.13827,0.025429,0.40008,-0.13472,0.0427,0.41021,-0.13069,0.0027327,0.41503
-0.15729,-0.001881,0.381,-0.17706,-0.0026198,0.38491,-0.177,0.026031,0.38517,-0.16172,0.020944,0.38052,-0.17911,0.039615,0.38561,-0.17607,0.0091676,0.3846,-0.16666,0.045738,0.37875,-0.16656,0.032535,0.38004,-0.17779,0.036758,0.42521,-0.17107,0.0012256,0.4243,-0.18108,0.016052,0.41186,-0.18685,0.027798,0.39925,-0.1829,-0.0038556,0.40014,-0.1443,0.039578,0.38618,-0.14302,-0.0022904,0.39293,-0.13857,0.025485,0.40096,-0.1348,0.042726,0.41046,-0.13096,0.0024021,0.41483
-0.15824,-0.002191,0.38125,-0.17603,-0.0025954,0.38836,-0.1787,0.025912,0.38626,-0.16412,0.020384,0.38087,-0.18017,0.039301,0.38562,-0.17662,0.0093403,0.38561,-0.16253,0.045629,0.38196,-0.16782,0.032146,0.38028,-0.17821,0.036679,0.42533,-0.17206,0.0011491,0.42415,-0.18174,0.015709,0.41188,-0.18727,0.027787,0.39958,-0.18456,-0.004331,0.39979,-0.14423,0.03956,0.38599,-0.14326,-0.0024289,0.39279,-0.13872,0.025428,0.40103,-0.13523,0.042773,0.41176,-0.13118,0.0022561,0.41504
-0.15909,-0.0022289,0.38217,-0.17567,-0.0026448,0.38713,-0.17843,0.02616,0.3859,-0.16339,0.020361,0.38067,-0.17956,0.039495,0.38572,-0.18073,0.0092385,0.38446,-0.16635,0.046146,0.37986,-0.16741,0.032229,0.38026,-0.17842,0.036578,0.4252,-0.17257,0.00095196,0.42384,-0.18286,0.015459,0.4114,-0.18758,0.028157,0.39933,-0.18441,-0.0041147,0.40042,-0.14514,0.039922,0.38958,-0.14373,-0.0026343,0.39416,-0.13853,0.024973,0.39958,-0.13498,0.042782,0.411,-0.1321,0.0023505,0.41658
-0.15975,-0.002486,0.38206,-0.17666,-0.0027232,0.38755,-0.17888,0.025942,0.38609,-0.16326,0.020761,0.38218,-0.18014,0.039512,0.38519,-0.17729,0.0093957,0.38704,-0.16674,0.045587,0.37878,-0.16798,0.031866,0.3798,-0.17869,0.036868,0.42459,-0.17399,0.00079622,0.42356,-0.17977,0.017319,0.41311,-0.18858,0.027683,0.39877,-0.18622,-0.0045903,0.39958,-0.14497,0.039877,0.38915,-0.14385,-0.0030305,0.39371,-0.13886,0.025363,0.40246,-0.13482,0.042732,0.41052,-0.13207,0.0020925,0.41567
-0.16005,-0.0024927,0.38175,-0.17643,-0.0027065,0.38697,-0.17854,0.025879,0.38507,-0.16406,0.020121,0.38061,-0.17952,0.039722,0.38519,-0.1777,0.0091869,0.38606,-0.16719,0.045486,0.379,-0.16797,0.031897,0.3795,-0.17786,0.037268,0.4251,-0.1732,0.0011013,0.42403,-0.18126,0.016677,0.41271,-0.18765,0.028125,0.39929,-0.18618,-0.0045771,0.3996,-0.14513,0.039957,0.38908,-0.14393,-0.0030395,0.39344,-0.13851,0.02471,0.39996,-0.1352,0.042851,0.41166,-0.13159,0.0019587,0.41396
-0.16049,-0.0026325,0.38219,-0.17639,-0.0026787,0.38759,-0.17858,0.025881,0.38534,-0.16364,0.0203,0.38016,-0.17991,0.039758,0.38555,-0.17778,0.0094572,0.38689,-0.16639,0.045691,0.37869,-0.1675,0.032155,0.3799,-0.17823,0.037375,0.42531,-0.17379,0.0011679,0.42405,-0.18172,0.016649,0.41256,-0.18772,0.028093,0.39926,-0.18606,-0.0040929,0.39998,-0.14539,0.039992,0.39027,-0.14387,-0.0029605,0.39288,-0.13904,0.024805,0.4015,-0.13495,0.042584,0.4109,-0.13201,0.0016713,0.41575
-0.16086,-0.0028064,0.38206,-0.17677,-0.0023609,0.38777,-0.17915,0.025964,0.3852,-0.16421,0.020207,0.38103,-0.18087,0.039522,0.38555,-0.17848,0.0093349,0.38702,-0.16696,0.045716,0.37914,-0.16769,0.032156,0.38004,-0.17848,0.037254,0.42515,-0.17302,0.0017088,0.42494,-0.1805,0.017536,0.4137,-0.18804,0.028185,0.39916,-0.18725,-0.0043932,0.39987,-0.14522,0.039946,0.38981,-0.14413,-0.0027136,0.39358,-0.13903,0.024766,0.40181,-0.13507,0.042622,0.41128,-0.13258,0.0017074,0.41767
-0.16172,-0.0031447,0.38256,-0.17692,-0.002378,0.3873,-0.17934,0.026335,0.38495,-0.16462,0.020141,0.38106,-0.18108,0.039512,0.38574,-0.17802,0.009644,0.38643,-0.16635,0.045671,0.37857,-0.16824,0.03194,0.37986,-0.1788,0.037099,0.42496,-0.17408,0.0013974,0.42464,-0.18198,0.017176,0.41272,-0.18832,0.028051,0.399,-0.18524,-0.002956,0.40147,-0.14476,0.039501,0.38819,-0.14437,-0.0029865,0.39267,-0.13959,0.024734,0.40264,-0.13498,0.042267,0.41024,-0.13202,0.0016626,0.41296
-0.16197,-0.0031296,0.38224,-0.17703,-0.0023935,0.38747,-0.17974,0.026262,0.38525,-0.16497,0.01988,0.38059,-0.18066,0.03953,0.38524,-0.178,0.0095485,0.38624,-0.16705,0.045457,0.37873,-0.16789,0.032104,0.38024,-0.17846,0.037267,0.42517,-0.17415,0.0017124,0.42538,-0.18091,0.017706,0.41353,-0.18866,0.028655,0.39916,-0.18571,-0.0028635,0.40155,-0.14517,0.03945,0.38903,-0.14466,-0.0031262,0.39266,-0.13959,0.024734,0.40264,-0.13485,0.042224,0.40983,-0.1323,0.0015181,0.41336
-0.162,-0.0033432,0.3824,-0.17763,-0.0020861,0.38787,-0.17947,0.026381,0.38537,-0.1657,0.019927,0.38171,-0.18094,0.039581,0.38542,-0.17862,0.0096772,0.38645,-0.16759,0.045348,0.37925,-0.16858,0.03189,0.38007,-0.17828,0.037351,0.42528,-0.17347,0.0018025,0.4256,-0.18041,0.018445,0.41375,-0.18904,0.028245,0.39923,-0.18423,-0.0019032,0.40251,-0.14608,0.03976,0.39212,-0.14469,-0.0031168,0.39158,-0.14001,0.024678,0.40311,-0.13549,0.042366,0.41119,-0.13313,0.0011704,0.41484
-0.16321,-0.0032765,0.38282,-0.17819,-0.0021144,0.38829,-0.17955,0.026591,0.38546,-0.16636,0.01961,0.38126,-0.18076,0.039575,0.38532,-0.17923,0.0098608,0.38718,-0.16745,0.045365,0.37897,-0.16798,0.032061,0.38043,-0.17825,0.037821,0.42538,-0.17362,0.0024746,0.42578,-0.18154,0.017947,0.41309,-0.19022,0.028309,0.39883,-0.18628,-0.0022078,0.40164,-0.14598,0.039809,0.39091,-0.1451,-0.0035453,0.39269,-0.14056,0.024907,0.40546,-0.13514,0.042258,0.41014,-0.13331,0.0010863,0.41652
-0.16193,-0.0032951,0.38306,-0.17838,-0.002008,0.3887,-0.18003,0.026672,0.38523,-0.16654,0.01968,0.38136,-0.18129,0.039792,0.38534,-0.17926,0.0098404,0.38743,-0.16589,0.045917,0.37885,-0.16816,0.031972,0.38019,-0.1786,0.037652,0.42517,-0.17435,0.0021507,0.42559,-0.18049,0.018653,0.41378,-0.18878,0.028995,0.39963,-0.18526,-0.0019152,0.40207,-0.14644,0.039803,0.39252,-0.14612,-0.0035519,0.39356,-0.14012,0.024441,0.4025,-0.13495,0.042199,0.40956,-0.13434,0.0010895,0.41689
-0.16237,-0.0032774,0.38303,-0.17839,-0.0018303,0.38832,-0.18011,0.026681,0.38556,-0.16622,0.019729,0.38115,-0.18122,0.039888,0.38561,-0.17947,0.010048,0.38696,-0.16666,0.045579,0.37865,-0.16785,0.031908,0.38015,-0.17905,0.038092,0.42517,-0.17403,0.0026639,0.42619,-0.17909,0.019205,0.4151,-0.19017,0.028574,0.39893,-0.18542,-0.0015418,0.40288,-0.14662,0.03965,0.39266,-0.14603,-0.0036756,0.39169,-0.14092,0.024462,0.40521,-0.13541,0.042138,0.41068,-0.13478,0.0010926,0.41765
-0.16252,-0.0032052,0.38326,-0.17862,-0.0015523,0.388,-0.18106,0.026718,0.38577,-0.16647,0.019771,0.38129,-0.18112,0.039997,0.38524,-0.18219,0.010303,0.38572,-0.16697,0.045447,0.37858,-0.1632,0.032363,0.38276,-0.17906,0.038085,0.42516,-0.17508,0.0032544,0.42619,-0.17924,0.019959,0.41529,-0.19023,0.029049,0.3989,-0.18407,-0.00042953,0.40384,-0.14653,0.039349,0.39218,-0.14674,-0.0035519,0.39358,-0.14058,0.024365,0.40358,-0.13583,0.042032,0.41224,-0.13491,0.0006484,0.41867
-0.16289,-0.0030664,0.38358,-0.17922,-0.0015479,0.38894,-0.18112,0.026883,0.38576,-0.16667,0.019688,0.38123,-0.18126,0.04012,0.38535,-0.18385,0.010222,0.38571,-0.16546,0.046339,0.37942,-0.16722,0.032623,0.38062,-0.17875,0.038545,0.42542,-0.17625,0.0027937,0.42548,-0.18013,0.019691,0.41517,-0.18847,0.029846,0.40029,-0.18618,-0.0010977,0.40321,-0.14753,0.039619,0.39486,-0.14754,-0.0038044,0.3956,-0.14139,0.02431,0.40553,-0.13571,0.041994,0.41186,-0.13556,0.00073948,0.41868
-0.16443,-0.0035828,0.38341,-0.1793,-0.0015041,0.38903,-0.18126,0.026969,0.38588,-0.16714,0.019546,0.38131,-0.18144,0.040128,0.38492,-0.18091,0.010198,0.38878,-0.16754,0.04525,0.37888,-0.16878,0.031914,0.38,-0.18013,0.03808,0.42492,-0.1766,0.0030537,0.42603,-0.18093,0.019286,0.41511,-0.18867,0.029748,0.40017,-0.18698,-0.00083411,0.40296,-0.14746,0.0396,0.39468,-0.14763,-0.0042247,0.3948,-0.14152,0.024493,0.40567,-0.13569,0.04199,0.41183,-0.13573,0.00052847,0.41824
-0.16148,-0.0023087,0.38494,-0.17927,-0.0013899,0.38939,-0.18164,0.026764,0.38626,-0.16683,0.019627,0.38116,-0.18106,0.040365,0.38563,-0.18374,0.010491,0.38592,-0.16767,0.04524,0.37907,-0.16737,0.032554,0.38088,-0.17885,0.038884,0.42567,-0.17668,0.0034858,0.42633,-0.1811,0.020253,0.41485,-0.18743,0.031048,0.40135,-0.18838,-0.00094774,0.40308,-0.14669,0.039392,0.39261,-0.14874,-0.0040968,0.39571,-0.1419,0.024394,0.40578,-0.13609,0.042003,0.41126,-0.1364,0.00031762,0.41869
-0.1643,-0.0032907,0.38362,-0.18068,-0.0015205,0.38954,-0.18122,0.026865,0.38552,-0.16734,0.019651,0.38102,-0.18115,0.040354,0.38549,-0.18115,0.010631,0.38766,-0.16699,0.0454,0.37882,-0.16879,0.031758,0.37995,-0.17897,0.039257,0.42575,-0.178,0.0031942,0.4257,-0.18207,0.019771,0.4147,-0.18906,0.030268,0.40044,-0.18864,-0.0011625,0.40314,-0.14644,0.039323,0.39193,-0.14866,-0.0040951,0.3955,-0.14181,0.024035,0.40521,-0.13573,0.041868,0.41058,-0.13617,0.00031656,0.41797
-0.16317,-0.0026437,0.38554,-0.18072,-0.0012448,0.3897,-0.18224,0.026811,0.38604,-0.1674,0.019582,0.381,-0.18153,0.040238,0.38541,-0.18155,0.010636,0.38784,-0.1666,0.045462,0.37867,-0.16798,0.032212,0.38031,-0.17869,0.039394,0.42592,-0.17831,0.0032977,0.42631,-0.18328,0.019246,0.4146,-0.18813,0.031231,0.40088,-0.18898,-0.0011376,0.4035,-0.1475,0.039609,0.39477,-0.14895,-0.0041505,0.39481,-0.14194,0.024057,0.40558,-0.13573,0.041868,0.41058,-0.13641,0.00065078,0.41764
-0.16394,-0.0028235,0.3857,-0.1807,-0.00091665,0.38951,-0.18178,0.027082,0.38591,-0.16777,0.019391,0.38116,-0.18214,0.040218,0.38542,-0.18453,0.010759,0.38644,-0.16569,0.046137,0.37921,-0.1684,0.032046,0.3802,-0.17856,0.039708,0.42618,-0.17955,0.0032099,0.4257,-0.18187,0.02028,0.41557,-0.18836,0.031355,0.40091,-0.19077,-0.00091065,0.40273,-0.14728,0.039549,0.39418,-0.14946,-0.0043071,0.3956,-0.14228,0.024042,0.40527,-0.1368,0.042197,0.4138,-0.1367,0.00020601,0.41796
-0.16517,-0.0030543,0.38618,-0.18099,-0.0010664,0.38982,-0.18145,0.027315,0.38586,-0.16776,0.019647,0.38125,-0.18149,0.040453,0.38566,-0.18539,0.010702,0.3863,-0.16568,0.046175,0.37935,-0.1669,0.032634,0.38072,-0.17911,0.039978,0.42576,-0.17884,0.0041275,0.42687,-0.18273,0.020892,0.41533,-0.18693,0.031805,0.40155,-0.18955,-0.0002045,0.40358,-0.14747,0.039603,0.39471,-0.14939,-0.0040842,0.39454,-0.1421,0.024124,0.40465,-0.13642,0.041843,0.41175,-0.1377,-1.5238e-05,0.41846
-0.1661,-0.0033227,0.38581,-0.18173,-0.00073834,0.38945,-0.18251,0.026974,0.38565,-0.16837,0.019477,0.38118,-0.18161,0.040455,0.38583,-0.18192,0.010806,0.3871,-0.16678,0.045653,0.37892,-0.16798,0.032451,0.38133,-0.17986,0.039612,0.42531,-0.17972,0.0038351,0.42612,-0.18387,0.020616,0.41482,-0.18736,0.032203,0.40148,-0.19092,-0.00034022,0.40332,-0.14806,0.039609,0.39558,-0.14997,-0.0045526,0.39558,-0.14215,0.023819,0.40442,-0.13676,0.041949,0.41279,-0.13792,0.0002088,0.41948
-0.16721,-0.0035898,0.38585,-0.18223,-0.00039364,0.38941,-0.18184,0.027469,0.38603,-0.16824,0.019549,0.38132,-0.18214,0.040512,0.38571,-0.18291,0.011283,0.38881,-0.16665,0.045773,0.37917,-0.1687,0.032165,0.38085,-0.18028,0.039638,0.42502,-0.18086,0.0035479,0.42601,-0.18357,0.020752,0.415,-0.18729,0.032684,0.40155,-0.19122,0.00045145,0.4036,-0.14773,0.039346,0.39346,-0.15046,-0.0044083,0.39533,-0.1421,0.023725,0.40352,-0.1373,0.04213,0.41533,-0.13802,6.1443e-05,0.41791
-0.16709,-0.0035738,0.38594,-0.18328,-0.00051392,0.39108,-0.18131,0.027992,0.38699,-0.16858,0.019247,0.38087,-0.18197,0.040563,0.38539,-0.18435,0.011189,0.38919,-0.16721,0.045556,0.3791,-0.16812,0.03247,0.38098,-0.17987,0.040162,0.42564,-0.18019,0.0039895,0.42655,-0.18415,0.0209,0.4148,-0.18819,0.032618,0.40182,-0.19203,1.2127e-05,0.40334,-0.14774,0.039138,0.39425,-0.15071,-0.0045471,0.39521,-0.142,0.023709,0.40324,-0.1368,0.041371,0.41291,-0.13895,6.2687e-05,0.41887
-0.16709,-0.0035425,0.38544,-0.18382,-0.00057154,0.38991,-0.182,0.027885,0.38623,-0.16943,0.019502,0.38139,-0.18236,0.040555,0.38555,-0.18249,0.011467,0.38708,-0.16618,0.046081,0.37928,-0.16792,0.032491,0.38077,-0.18021,0.040183,0.42562,-0.18113,0.0043269,0.42677,-0.18421,0.02117,0.41513,-0.18751,0.032949,0.4022,-0.19063,0.001066,0.40445,-0.14783,0.039163,0.3945,-0.15099,-0.0045413,0.39467,-0.14152,0.023344,0.40061,-0.13697,0.041422,0.41341,-0.13903,-0.00023358,0.41867
-0.16818,-0.0036809,0.38497,-0.1839,-8.0955e-05,0.39029,-0.18151,0.028076,0.38679,-0.17056,0.019147,0.38123,-0.18249,0.040664,0.38534,-0.18505,0.011093,0.38839,-0.16643,0.046037,0.37945,-0.16839,0.03242,0.38078,-0.17998,0.040299,0.42577,-0.18007,0.0052515,0.42753,-0.18489,0.021049,0.41531,-0.18857,0.032955,0.40153,-0.19052,0.0013946,0.40517,-0.14817,0.039254,0.39542,-0.15218,-0.0050996,0.39751,-0.14245,0.023428,0.402,-0.13661,0.041313,0.41233,-0.13979,-0.0002355,0.42096
-0.16918,-0.0038606,0.38505,-0.18508,0.00020575,0.39193,-0.18177,0.028276,0.38633,-0.16906,0.019647,0.38155,-0.18244,0.040697,0.3854,-0.1838,0.011809,0.38939,-0.1672,0.045777,0.3795,-0.16787,0.032672,0.38087,-0.18066,0.040478,0.42591,-0.18043,0.005337,0.42748,-0.18634,0.020624,0.41468,-0.18901,0.032742,0.40128,-0.19139,0.0013744,0.40509,-0.14777,0.038793,0.39358,-0.15245,-0.0047192,0.39785,-0.14195,0.023345,0.40058,-0.13655,0.041297,0.41216,-0.1402,-0.00023427,0.4208
-0.16874,-0.0032878,0.38533,-0.1834,0.00081823,0.39112,-0.18133,0.028696,0.3867,-0.1685,0.019753,0.38197,-0.18245,0.040722,0.38538,-0.18296,0.012371,0.38964,-0.16567,0.046348,0.37956,-0.16783,0.032828,0.38144,-0.18056,0.040527,0.42597,-0.18129,0.0056251,0.42789,-0.18439,0.022032,0.4157,-0.18815,0.033403,0.40184,-0.19061,0.0026227,0.40587,-0.14766,0.038586,0.3929,-0.15261,-0.0049877,0.39673,-0.1426,0.023074,0.40075,-0.13709,0.041459,0.41379,-0.14043,-0.00023263,0.4201
-0.16939,-0.0033877,0.38584,-0.18427,0.00065433,0.39196,-0.18175,0.028983,0.38686,-0.1691,0.02011,0.38213,-0.18292,0.040834,0.38595,-0.18431,0.012341,0.38928,-0.16712,0.04577,0.37963,-0.16861,0.032974,0.38185,-0.18097,0.040558,0.42569,-0.18209,0.0058188,0.42732,-0.18375,0.022268,0.41649,-0.19026,0.032377,0.40066,-0.19224,0.0022596,0.40525,-0.14821,0.03873,0.39436,-0.15302,-0.0048541,0.39741,-0.14355,0.023217,0.40474,-0.13716,0.04129,0.41355,-0.14087,-0.00056595,0.41902
-0.17027,-0.0036662,0.38538,-0.1846,0.00069312,0.39154,-0.18165,0.02898,0.38599,-0.16866,0.020087,0.38209,-0.18303,0.040904,0.38541,-0.18335,0.012816,0.38954,-0.16596,0.046147,0.37946,-0.16797,0.033157,0.38162,-0.18003,0.041023,0.42627,-0.18186,0.0063923,0.42818,-0.18583,0.022243,0.41495,-0.18995,0.033037,0.40084,-0.19264,0.0028589,0.40547,-0.14804,0.038684,0.3939,-0.15392,-0.0048621,0.3981,-0.14249,0.022817,0.40129,-0.13708,0.041264,0.4133,-0.14101,-0.00050137,0.42021
-0.17078,-0.003708,0.38524,-0.18501,0.0011374,0.39207,-0.18202,0.029048,0.38674,-0.16945,0.019632,0.3815,-0.18266,0.04115,0.38573,-0.18449,0.012716,0.39062,-0.16641,0.046047,0.3797,-0.16884,0.032668,0.38152,-0.18131,0.040927,0.4254,-0.18208,0.0065197,0.42785,-0.1837,0.023287,0.41678,-0.18953,0.033197,0.40147,-0.19453,0.0020819,0.40473,-0.14814,0.038712,0.39418,-0.1539,-0.0050963,0.39739,-0.14279,0.022554,0.40171,-0.13762,0.041237,0.4145,-0.14154,-0.00053024,0.42023
-0.17091,-0.0035277,0.38519,-0.18574,0.00092713,0.39172,-0.18258,0.029387,0.38699,-0.16951,0.020089,0.38206,-0.18281,0.041185,0.38547,-0.18531,0.012808,0.38986,-0.16676,0.04573,0.37901,-0.16924,0.032464,0.38126,-0.18118,0.040996,0.42548,-0.18202,0.0070642,0.42828,-0.18376,0.023584,0.41691,-0.18963,0.033148,0.40142,-0.19467,0.0022434,0.4048,-0.14795,0.038343,0.39252,-0.15411,-0.0048453,0.39679,-0.14428,0.023103,0.40633,-0.13805,0.040981,0.41487,-0.1415,-0.00047949,0.41965
-0.17168,-0.0037277,0.38597,-0.18658,0.0012717,0.3923,-0.18235,0.029638,0.3862,-0.17004,0.019947,0.38266,-0.18297,0.041153,0.38496,-0.18568,0.013086,0.38943,-0.16663,0.045928,0.37956,-0.16907,0.032654,0.38139,-0.18105,0.041602,0.42548,-0.18467,0.0065337,0.42767,-0.18525,0.02335,0.41651,-0.19043,0.033747,0.40121,-0.1955,0.0028386,0.40457,-0.14804,0.038154,0.39275,-0.15476,-0.0051449,0.39808,-0.14423,0.022753,0.40522,-0.13805,0.040981,0.41487,-0.1421,-0.0004957,0.41851
-0.17166,-0.0031221,0.38703,-0.18694,0.0012488,0.39152,-0.1827,0.029351,0.38643,-0.17,0.020138,0.38303,-0.18353,0.041056,0.38535,-0.18627,0.012938,0.38974,-0.16637,0.045995,0.37946,-0.16962,0.032397,0.38141,-0.18177,0.04138,0.42545,-0.1836,0.0073907,0.42831,-0.18392,0.024611,0.41767,-0.1895,0.034441,0.4019,-0.19556,0.0032006,0.40525,-0.1484,0.038247,0.39371,-0.15492,-0.0048486,0.3971,-0.14445,0.02275,0.40512,-0.13776,0.040895,0.414,-0.1421,-0.00067519,0.41824
-0.17071,-0.0030459,0.38546,-0.18708,0.0013848,0.39119,-0.18359,0.029609,0.38706,-0.16932,0.020109,0.38183,-0.18325,0.041145,0.38497,-0.19042,0.012492,0.3879,-0.16699,0.045436,0.37795,-0.16864,0.032743,0.38091,-0.18224,0.041844,0.42554,-0.1867,0.0063542,0.42721,-0.18425,0.0247,0.41765,-0.19005,0.034409,0.40175,-0.19774,0.0032323,0.40423,-0.14749,0.037803,0.3913,-0.15478,-0.004823,0.39511,-0.14456,0.022768,0.40546,-0.1368,0.040611,0.41112,-0.14177,-0.00044736,0.41527
-0.17175,-0.002991,0.38664,-0.18779,0.0016555,0.39074,-0.18335,0.029603,0.38669,-0.16986,0.020262,0.38275,-0.18305,0.041419,0.38522,-0.19119,0.012371,0.38746,-0.16757,0.045439,0.37934,-0.16901,0.032743,0.38147,-0.18341,0.041376,0.42517,-0.18523,0.0072677,0.42774,-0.18461,0.025058,0.41735,-0.19098,0.03393,0.40146,-0.19885,0.0029365,0.40414,-0.14809,0.037957,0.3929,-0.15553,-0.005272,0.39702,-0.14432,0.022662,0.4035,-0.13799,0.040965,0.41471,-0.14345,-0.0006748,0.42017
-0.17211,-0.0028428,0.38709,-0.18896,0.0016305,0.39163,-0.18432,0.029712,0.38794,-0.16925,0.020435,0.38261,-0.18331,0.041377,0.3854,-0.19093,0.012935,0.38767,-0.16683,0.045735,0.37943,-0.16926,0.032678,0.38135,-0.18258,0.041791,0.42568,-0.18596,0.0076522,0.42783,-0.18497,0.024896,0.41714,-0.19107,0.034772,0.40127,-0.19782,0.0037462,0.40526,-0.14831,0.037845,0.39303,-0.15596,-0.0051346,0.39737,-0.14487,0.022465,0.40457,-0.13785,0.040924,0.41429,-0.14392,-0.00067533,0.42087
-0.17215,-0.0028283,0.38699,-0.18828,0.0018826,0.39139,-0.18392,0.029672,0.38648,-0.16957,0.020436,0.38316,-0.1835,0.041564,0.38582,-0.19255,0.01265,0.38729,-0.16721,0.045667,0.37924,-0.16984,0.032541,0.38148,-0.18232,0.04227,0.42543,-0.18634,0.0077132,0.42788,-0.18554,0.024634,0.4168,-0.19109,0.034892,0.40141,-0.19845,0.0038473,0.40513,-0.14821,0.037777,0.39323,-0.15732,-0.0051492,0.39858,-0.14483,0.022461,0.40371,-0.1378,0.040503,0.41361,-0.14413,-0.0006752,0.42092
-0.17061,-0.0027057,0.39094,-0.1898,0.0021309,0.39264,-0.18407,0.029939,0.38644,-0.17065,0.020509,0.38307,-0.18399,0.041561,0.38541,-0.19289,0.012749,0.38751,-0.16676,0.045711,0.37895,-0.16953,0.032698,0.38168,-0.18208,0.04263,0.42548,-0.18674,0.0079513,0.42778,-0.18497,0.025382,0.41768,-0.19164,0.034843,0.40107,-0.19805,0.0044324,0.40588,-0.14834,0.03802,0.39355,-0.15727,-0.0052844,0.39808,-0.1454,0.022392,0.40478,-0.1386,0.040923,0.41655,-0.14424,-0.00067352,0.42046
-0.17337,-0.0025842,0.38788,-0.18936,0.0025835,0.3924,-0.18437,0.029967,0.38745,-0.17107,0.020327,0.38365,-0.18363,0.04177,0.38544,-0.18819,0.01405,0.38937,-0.16652,0.045906,0.37919,-0.16919,0.032888,0.38203,-0.18291,0.042398,0.42536,-0.18739,0.0081451,0.42833,-0.18546,0.025248,0.41751,-0.19111,0.035075,0.40197,-0.19734,0.0050627,0.40653,-0.14885,0.037834,0.39377,-0.15829,-0.0051844,0.39861,-0.14551,0.02241,0.40511,-0.13864,0.040774,0.41575,-0.14506,-0.00085362,0.42123
-0.1739,-0.0025794,0.38797,-0.18975,0.002961,0.39241,-0.18444,0.030235,0.38744,-0.17132,0.020184,0.38359,-0.18377,0.04166,0.38546,-0.18833,0.014127,0.38924,-0.16621,0.046275,0.38011,-0.17014,0.03256,0.38104,-0.18233,0.042814,0.42555,-0.18988,0.0080202,0.42685,-0.18686,0.025175,0.41715,-0.19109,0.0356,0.40189,-0.19646,0.0056031,0.40726,-0.14864,0.03778,0.39321,-0.15853,-0.0048819,0.40013,-0.14632,0.022408,0.40661,-0.13931,0.04097,0.41775,-0.14549,-0.00067313,0.42141
-0.17439,-0.0024297,0.38857,-0.18991,0.003064,0.39314,-0.18466,0.030413,0.3873,-0.17217,0.019995,0.3834,-0.18376,0.04198,0.386,-0.18814,0.014825,0.39009,-0.16763,0.04559,0.37951,-0.17007,0.032877,0.3821,-0.18286,0.042653,0.42553,-0.18891,0.0088916,0.42841,-0.18625,0.026255,0.41732,-0.19083,0.036488,0.40213,-0.19554,0.0066473,0.40934,-0.14876,0.037811,0.39352,-0.15937,-0.0051583,0.40158,-0.14617,0.022384,0.40618,-0.13904,0.040699,0.41649,-0.14598,-0.00085238,0.42175
-0.17428,-0.0020735,0.38895,-0.19042,0.0037493,0.39541,-0.18496,0.030674,0.38751,-0.17159,0.02049,0.38452,-0.18344,0.042343,0.38646,-0.18996,0.014582,0.39155,-0.16576,0.046603,0.3807,-0.17033,0.032955,0.38206,-0.182,0.043354,0.42601,-0.18909,0.0089306,0.42808,-0.1848,0.026989,0.41862,-0.19093,0.036169,0.40221,-0.19333,0.0081075,0.40988,-0.14881,0.037822,0.39365,-0.15974,-0.0051868,0.40167,-0.14663,0.022314,0.40685,-0.13896,0.040678,0.41627,-0.1465,-0.00078462,0.42199
-0.17499,-0.00219,0.38864,-0.19107,0.0035669,0.39449,-0.18517,0.03053,0.3874,-0.17216,0.02053,0.38381,-0.1841,0.042241,0.38575,-0.18944,0.01462,0.39002,-0.16547,0.046729,0.38079,-0.17062,0.032694,0.38175,-0.18361,0.042651,0.42576,-0.18927,0.0096309,0.42859,-0.18865,0.025738,0.41661,-0.19134,0.035971,0.40228,-0.19695,0.0075113,0.40799,-0.1487,0.037795,0.39336,-0.15954,-0.0051606,0.39967,-0.14634,0.02216,0.40542,-0.13913,0.040727,0.41677,-0.1465,-0.00082322,0.4221
-0.17537,-0.0020192,0.3887,-0.19118,0.0039637,0.39508,-0.18545,0.030844,0.38703,-0.17235,0.020366,0.38367,-0.18386,0.042296,0.38559,-0.18915,0.015388,0.39105,-0.16724,0.045894,0.37948,-0.1705,0.032834,0.38216,-0.18266,0.043043,0.42608,-0.18955,0.009837,0.42892,-0.18765,0.026314,0.41699,-0.19403,0.034854,0.40072,-0.19455,0.0085399,0.40941,-0.14864,0.03778,0.39321,-0.15993,-0.0048885,0.40076,-0.1466,0.022005,0.40532,-0.13895,0.040675,0.41624,-0.14697,-0.00067386,0.423
-0.17679,-0.0020371,0.39023,-0.19171,0.0041401,0.39599,-0.18571,0.030962,0.3872,-0.17279,0.020697,0.38367,-0.18409,0.042274,0.38582,-0.18924,0.015327,0.3909,-0.16737,0.045896,0.37967,-0.17116,0.032656,0.38226,-0.18204,0.043357,0.42647,-0.19092,0.0094268,0.42818,-0.18818,0.02659,0.41659,-0.1927,0.036032,0.40139,-0.19649,0.0083199,0.40895,-0.14881,0.037822,0.39365,-0.1604,-0.0048826,0.40033,-0.1468,0.022103,0.40571,-0.13907,0.040708,0.41658,-0.14755,-0.00078917,0.42433
-0.17703,-0.002197,0.38924,-0.19205,0.0044299,0.39588,-0.18624,0.031036,0.38761,-0.17293,0.020702,0.38403,-0.18414,0.042403,0.38636,-0.18991,0.015479,0.39085,-0.16706,0.046047,0.37979,-0.17146,0.032504,0.38228,-0.18343,0.042743,0.42587,-0.19094,0.0095914,0.4283,-0.18834,0.026707,0.41708,-0.19014,0.03779,0.40317,-0.19633,0.0084729,0.40903,-0.14909,0.037419,0.39383,-0.16093,-0.0050368,0.40127,-0.14663,0.022325,0.40499,-0.13939,0.040803,0.41755,-0.14841,-0.00078804,0.4248
-0.17701,-0.0020788,0.38957,-0.19222,0.0044856,0.39488,-0.18598,0.031228,0.38737,-0.17774,0.020643,0.38111,-0.184,0.042494,0.3858,-0.1896,0.015722,0.39029,-0.16626,0.046539,0.38049,-0.17157,0.032446,0.3818,-0.18277,0.043735,0.42582,-0.19038,0.010043,0.42861,-0.19017,0.026381,0.41636,-0.19229,0.036714,0.40195,-0.19914,0.0081333,0.40783,-0.14944,0.037242,0.39418,-0.1625,-0.0049319,0.40444,-0.14699,0.022006,0.40505,-0.13948,0.040827,0.4178,-0.14875,-0.00097253,0.42366
-0.1753,-0.00095174,0.39108,-0.19261,0.0049783,0.39399,-0.18638,0.031162,0.3874,-0.17314,0.02084,0.38432,-0.18396,0.04277,0.38637,-0.1895,0.016353,0.39134,-0.16747,0.045812,0.37946,-0.17185,0.032613,0.38231,-0.18232,0.044303,0.42614,-0.19052,0.010736,0.42863,-0.18985,0.026712,0.41668,-0.19144,0.037486,0.40238,-0.19884,0.0082647,0.40801,-0.14894,0.037331,0.39287,-0.16279,-0.0050304,0.40375,-0.14714,0.02207,0.40556,-0.13938,0.04041,0.41707,-0.14894,-0.00067334,0.42464
-0.17731,-0.0014816,0.38979,-0.19357,0.0050327,0.39606,-0.18637,0.031469,0.3873,-0.17362,0.020897,0.38458,-0.18372,0.042739,0.38595,-0.18982,0.016667,0.39142,-0.16751,0.045828,0.37957,-0.17143,0.032808,0.38216,-0.18322,0.043846,0.42558,-0.1891,0.011996,0.43016,-0.19103,0.026453,0.41593,-0.19229,0.037749,0.40179,-0.20037,0.0085194,0.40754,-0.14897,0.037335,0.39292,-0.16302,-0.0047838,0.40423,-0.14754,0.022057,0.40596,-0.13975,0.040332,0.41726,-0.14936,-0.00092996,0.42449
-0.17687,-0.0011791,0.39047,-0.19419,0.00517,0.39643,-0.18614,0.031792,0.38769,-0.17375,0.020879,0.38463,-0.1839,0.042655,0.38589,-0.19047,0.016717,0.39216,-0.16747,0.045795,0.37954,-0.17189,0.032662,0.38195,-0.18338,0.043762,0.42548,-0.19064,0.01189,0.42897,-0.19009,0.027528,0.4166,-0.19233,0.03797,0.40193,-0.20043,0.0089162,0.40803,-0.14892,0.037323,0.39279,-0.16324,-0.004925,0.40402,-0.14739,0.021904,0.40514,-0.13953,0.040493,0.41661,-0.1503,-0.00067261,0.42583
-0.17746,-0.0012543,0.38936,-0.19793,0.0044651,0.39213,-0.18586,0.032065,0.38706,-0.17409,0.020923,0.38455,-0.18374,0.042795,0.38617,-0.19093,0.016854,0.39215,-0.16766,0.045695,0.37943,-0.17185,0.032724,0.38264,-0.18207,0.045044,0.42642,-0.19086,0.012142,0.42909,-0.19035,0.027888,0.41643,-0.19296,0.037894,0.40174,-0.19705,0.0079672,0.40641,-0.14915,0.037382,0.39342,-0.16429,-0.0049284,0.40439,-0.14739,0.021878,0.40462,-0.13968,0.040312,0.41706,-0.15061,-0.00067273,0.42605
-0.17813,-0.0012372,0.39003,-0.19861,0.0048318,0.39222,-0.18598,0.032335,0.38744,-0.17402,0.020983,0.3849,-0.18372,0.042921,0.38623,-0.19443,0.0168,0.38953,-0.1673,0.046054,0.37991,-0.17222,0.032746,0.38279,-0.18171,0.045526,0.42651,-0.19127,0.012409,0.42976,-0.19096,0.027608,0.41702,-0.19333,0.038006,0.40173,-0.19589,0.0084891,0.40525,-0.14965,0.037454,0.39415,-0.16415,-0.0050598,0.40329,-0.14735,0.021933,0.40416,-0.13971,0.040257,0.41646,-0.15069,-0.0006716,0.42562
-0.17863,-0.00094012,0.38966,-0.19588,0.0060431,0.39658,-0.18595,0.032279,0.38717,-0.17438,0.021237,0.38478,-0.18396,0.042942,0.38623,-0.19078,0.017373,0.39149,-0.16709,0.046077,0.38006,-0.17179,0.033078,0.38236,-0.18179,0.04566,0.42631,-0.19304,0.011981,0.42833,-0.1901,0.028539,0.41747,-0.19258,0.038613,0.4018,-0.2008,0.010361,0.40863,-0.14915,0.036857,0.39227,-0.1643,-0.0046982,0.4033,-0.14754,0.021745,0.40411,-0.14015,0.040166,0.41736,-0.15108,-0.00048846,0.42513
-0.17885,-0.0011205,0.39024,-0.19964,0.0054111,0.39218,-0.19076,0.032281,0.38567,-0.1746,0.021593,0.38528,-0.18363,0.043298,0.38628,-0.19113,0.01763,0.39272,-0.16757,0.045702,0.37934,-0.1678,0.032853,0.38478,-0.18112,0.046004,0.42672,-0.19198,0.013489,0.42961,-0.19038,0.02893,0.41723,-0.19244,0.038631,0.40236,-0.19614,0.0095457,0.40589,-0.14927,0.036886,0.39258,-0.16464,-0.0046128,0.40215,-0.14778,0.021995,0.40404,-0.13979,0.040066,0.41631,-0.15144,-0.00066892,0.42508
-0.17914,-0.0011179,0.39068,-0.20067,0.0050955,0.39185,-0.18622,0.032789,0.38759,-0.17567,0.021268,0.38532,-0.1841,0.043167,0.38609,-0.1921,0.018019,0.39327,-0.16709,0.046239,0.38026,-0.17242,0.033011,0.38242,-0.18139,0.046125,0.42665,-0.19278,0.012864,0.42962,-0.19045,0.029893,0.41753,-0.19206,0.038647,0.40246,-0.19721,0.0098514,0.40701,-0.14965,0.036979,0.39358,-0.16484,-0.0043249,0.40215,-0.14788,0.02232,0.40471,-0.13957,0.040001,0.41563,-0.15177,-0.00066791,0.42468
-0.18053,-0.0011066,0.39056,-0.20102,0.0056054,0.3923,-0.18676,0.032747,0.38745,-0.17514,0.021463,0.38585,-0.18429,0.043175,0.38602,-0.19238,0.017983,0.39231,-0.16731,0.046115,0.3801,-0.17255,0.033019,0.38264,-0.1803,0.04704,0.42735,-0.19348,0.013091,0.4296,-0.18981,0.030445,0.41801,-0.19293,0.039102,0.40257,-0.2008,0.012448,0.40962,-0.14922,0.036874,0.39246,-0.16533,-0.0044079,0.40233,-0.14816,0.02168,0.40403,-0.1401,0.039985,0.41831,-0.15172,-0.00066401,0.42325
-0.18089,-0.00073345,0.39134,-0.20251,0.0054049,0.39178,-0.18676,0.033186,0.38809,-0.17592,0.021341,0.38572,-0.1842,0.043324,0.38644,-0.19198,0.018389,0.39203,-0.16729,0.045952,0.37971,-0.17285,0.032998,0.38299,-0.18101,0.046679,0.42692,-0.18911,0.015552,0.43265,-0.18998,0.030638,0.41778,-0.19346,0.03894,0.40205,-0.19687,0.01085,0.40647,-0.15068,0.037235,0.3963,-0.16546,-0.0046147,0.40246,-0.14891,0.021542,0.40633,-0.14006,0.039975,0.41821,-0.1523,-0.00048274,0.42357
-0.1817,-0.00070418,0.39071,-0.2016,0.0057639,0.39252,-0.18626,0.033555,0.38822,-0.17558,0.021441,0.3861,-0.18413,0.043334,0.38623,-0.19238,0.018565,0.39211,-0.16782,0.045928,0.38039,-0.17181,0.033589,0.38375,-0.18225,0.046343,0.42603,-0.19486,0.012357,0.42914,-0.19079,0.030332,0.41766,-0.19306,0.039144,0.40228,-0.19776,0.010681,0.40655,-0.14964,0.036744,0.39381,-0.1665,-0.0044769,0.40314,-0.15003,0.022142,0.40937,-0.1402,0.039887,0.41724,-0.15267,-0.00020972,0.42329
-0.18202,-0.00080167,0.39085,-0.20215,0.0057589,0.39208,-0.18694,0.033662,0.38762,-0.17584,0.021296,0.38575,-0.18399,0.043617,0.38651,-0.19256,0.018895,0.39171,-0.16804,0.045725,0.37994,-0.1724,0.033252,0.3822,-0.18045,0.047339,0.42764,-0.19578,0.013551,0.42792,-0.19,0.031135,0.41787,-0.19303,0.03957,0.40243,-0.19787,0.011248,0.40618,-0.14976,0.037006,0.39386,-0.1675,-0.004242,0.40556,-0.14953,0.021911,0.4071,-0.13989,0.039801,0.41633,-0.15283,-0.00040563,0.42372
-0.18212,-0.00037014,0.39112,-0.20219,0.0065763,0.39255,-0.18694,0.033863,0.3874,-0.17568,0.021687,0.38543,-0.18433,0.043317,0.38647,-0.19362,0.019132,0.39347,-0.16673,0.046369,0.38053,-0.17235,0.033379,0.38266,-0.18083,0.047205,0.42718,-0.19416,0.014545,0.42985,-0.19115,0.030547,0.41745,-0.19364,0.039539,0.40184,-0.19841,0.011311,0.40557,-0.14958,0.036962,0.3934,-0.16723,-0.0041385,0.4046,-0.1498,0.021775,0.40794,-0.14035,0.039918,0.41853,-0.15324,-0.00040611,0.42488
-0.18298,-0.00045362,0.39066,-0.20101,0.0076289,0.39331,-0.18737,0.033792,0.3879,-0.17739,0.021245,0.3858,-0.18378,0.043669,0.38642,-0.19455,0.019087,0.3943,-0.16783,0.045706,0.37959,-0.1726,0.033292,0.38267,-0.18117,0.04703,0.42697,-0.19181,0.016313,0.43138,-0.1907,0.031,0.41794,-0.19354,0.040155,0.40142,-0.19826,0.01201,0.40651,-0.15026,0.036985,0.39451,-0.16785,-0.004171,0.40502,-0.14999,0.021823,0.40803,-0.14017,0.040087,0.41671,-0.15389,-0.00032215,0.42472
-0.18343,-3.5029e-05,0.39026,-0.1973,0.0089758,0.39662,-0.18719,0.03402,0.38755,-0.17635,0.021654,0.38558,-0.18447,0.043557,0.38643,-0.19459,0.019527,0.39362,-0.16739,0.046072,0.38033,-0.17245,0.03314,0.382,-0.17884,0.048563,0.42841,-0.19042,0.017344,0.43243,-0.18971,0.032042,0.41847,-0.19348,0.040675,0.40168,-0.20211,0.014809,0.40988,-0.15053,0.036912,0.39474,-0.1686,-0.0041641,0.40564,-0.14993,0.021815,0.40789,-0.14018,0.039884,0.41721,-0.15487,-0.00055242,0.42711
-0.18286,0.00011475,0.38968,-0.1973,0.0095066,0.39607,-0.19243,0.03355,0.38618,-0.17503,0.022187,0.38507,-0.18406,0.043499,0.38515,-0.19492,0.019705,0.39235,-0.16641,0.046188,0.37945,-0.16773,0.033042,0.38301,-0.18079,0.04779,0.42734,-0.19461,0.01577,0.42968,-0.19032,0.031938,0.41837,-0.19213,0.04123,0.40234,-0.20292,0.014529,0.40966,-0.14965,0.036543,0.39153,-0.16822,-0.0040446,0.40346,-0.14942,0.021771,0.40435,-0.13993,0.039907,0.41479,-0.15428,-0.00020706,0.42386
-0.18368,0.00023316,0.39113,-0.19782,0.0096558,0.3966,-0.19192,0.03391,0.38624,-0.17587,0.022194,0.38538,-0.18459,0.043533,0.38595,-0.19527,0.019903,0.3941,-0.16697,0.045783,0.379,-0.16795,0.033227,0.38458,-0.18038,0.048,0.42759,-0.19426,0.016324,0.4301,-0.19046,0.032319,0.41812,-0.19207,0.041627,0.40274,-0.20288,0.014836,0.40965,-0.15018,0.036526,0.39317,-0.1693,-0.0040645,0.40549,-0.15083,0.02196,0.40948,-0.14031,0.039755,0.41676,-0.15485,-0.00020695,0.42542
-0.1834,0.0004986,0.39121,-0.19831,0.01004,0.3971,-0.18755,0.034361,0.38812,-0.17552,0.022522,0.38617,-0.18407,0.04376,0.38606,-0.19551,0.019973,0.39298,-0.16783,0.045717,0.37963,-0.17323,0.033353,0.38292,-0.18093,0.047719,0.42725,-0.19038,0.018521,0.43355,-0.19019,0.032751,0.41865,-0.19176,0.04206,0.40276,-0.20366,0.015097,0.40987,-0.15,0.036628,0.39243,-0.16945,-0.0040522,0.40433,-0.15059,0.021661,0.40843,-0.14058,0.039834,0.41758,-0.15617,-0.0002053,0.42645
-0.18397,0.00082577,0.39114,-0.19796,0.010329,0.39516,-0.18723,0.034906,0.38829,-0.177,0.021886,0.38616,-0.18449,0.043654,0.38655,-0.19582,0.020115,0.39332,-0.1667,0.046264,0.37992,-0.17393,0.033253,0.38345,-0.17897,0.048729,0.42847,-0.19026,0.018933,0.43389,-0.19107,0.032842,0.41778,-0.19172,0.042195,0.40248,-0.20377,0.015605,0.40992,-0.15035,0.036567,0.39362,-0.16988,-0.003977,0.40537,-0.15078,0.022088,0.40821,-0.14037,0.039774,0.41696,-0.15624,-0.00020539,0.42664
-0.18378,0.0010807,0.39228,-0.19803,0.010659,0.39567,-0.18749,0.03485,0.38774,-0.17631,0.022277,0.38636,-0.18442,0.043783,0.38653,-0.19619,0.020612,0.3946,-0.16741,0.046103,0.37983,-0.17285,0.03349,0.38284,-0.17983,0.048542,0.42772,-0.19378,0.018297,0.43118,-0.18907,0.034539,0.41925,-0.19231,0.042026,0.40253,-0.209,0.014569,0.40527,-0.15116,0.036764,0.39574,-0.17017,-0.0039617,0.40622,-0.1511,0.021861,0.4086,-0.14055,0.039824,0.41748,-0.15708,-0.00013925,0.42729
-0.1837,0.0011522,0.39114,-0.19877,0.010794,0.39567,-0.18751,0.035179,0.38813,-0.17561,0.022591,0.38582,-0.1845,0.043798,0.38669,-0.19604,0.020944,0.39395,-0.16846,0.045933,0.38052,-0.17376,0.033559,0.38286,-0.18136,0.048279,0.42688,-0.19138,0.019817,0.43341,-0.18875,0.034821,0.41974,-0.19355,0.041909,0.40174,-0.20442,0.016381,0.41015,-0.15054,0.036614,0.39412,-0.17068,-0.0037415,0.40607,-0.15146,0.021803,0.40894,-0.14009,0.039511,0.41558,-0.15685,-5.2101e-05,0.42616
-0.18471,0.0014177,0.39192,-0.19983,0.010968,0.3965,-0.19331,0.03472,0.3857,-0.17629,0.022516,0.38596,-0.18425,0.043819,0.38643,-0.19662,0.020939,0.39362,-0.16806,0.046,0.38024,-0.16926,0.033629,0.3859,-0.1789,0.049546,0.42839,-0.19123,0.020443,0.43319,-0.18834,0.035671,0.42011,-0.19268,0.0426,0.40241,-0.20477,0.017407,0.41036,-0.1513,0.036756,0.39562,-0.1709,-0.0034759,0.40496,-0.15166,0.021693,0.40889,-0.14071,0.039686,0.41742,-0.1572,0.00010051,0.42583
-0.18635,0.0014754,0.39384,-0.20035,0.011369,0.39701,-0.18755,0.035753,0.3883,-0.17566,0.02319,0.38658,-0.18483,0.043693,0.38634,-0.19262,0.022541,0.39821,-0.16835,0.045793,0.37987,-0.17355,0.033943,0.38326,-0.18085,0.048543,0.42719,-0.19172,0.020852,0.43318,-0.18949,0.035225,0.41924,-0.19211,0.042894,0.40273,-0.20426,0.017733,0.41095,-0.15097,0.036676,0.39477,-0.17126,-0.0031835,0.40473,-0.1522,0.021769,0.41033,-0.14068,0.039677,0.41733,-0.15763,0.00025438,0.42658
-0.18609,0.0019761,0.39255,-0.20019,0.011746,0.39613,-0.18684,0.036112,0.38764,-0.17687,0.02298,0.38587,-0.18326,0.046839,0.38545,-0.19139,0.022666,0.39533,-0.16862,0.045503,0.37919,-0.17301,0.033871,0.38218,-0.18249,0.044685,0.42288,-0.19225,0.020771,0.43335,-0.18917,0.035873,0.41952,-0.19047,0.044332,0.40377,-0.20501,0.017975,0.4107,-0.15067,0.03656,0.39349,-0.17192,-0.0031856,0.40521,-0.15169,0.021822,0.40774,-0.1406,0.03943,0.41708,-0.15738,0.00025321,0.42463
-0.18654,0.0020616,0.39296,-0.20065,0.012162,0.39609,-0.18691,0.036102,0.38732,-0.17685,0.022776,0.3857,-0.18346,0.046829,0.3851,-0.19265,0.023247,0.39793,-0.16818,0.04576,0.37953,-0.17256,0.034242,0.38304,-0.18262,0.044653,0.42228,-0.19326,0.020806,0.4328,-0.18772,0.037001,0.42059,-0.19222,0.043642,0.40234,-0.20541,0.01853,0.41047,-0.15052,0.036523,0.3931,-0.1728,-0.0032064,0.40774,-0.15206,0.021768,0.40814,-0.14024,0.039332,0.41604,-0.15812,0.00055879,0.4245
-0.18677,0.0022433,0.39255,-0.20148,0.012759,0.39752,-0.18751,0.036729,0.38814,-0.17772,0.022623,0.38561,-0.18344,0.046762,0.38599,-0.19309,0.023681,0.39787,-0.16684,0.046295,0.37989,-0.17407,0.033948,0.38306,-0.18258,0.044718,0.42312,-0.19212,0.021999,0.43351,-0.189,0.036657,0.42001,-0.19278,0.043591,0.40219,-0.20702,0.018221,0.4099,-0.15087,0.036462,0.39428,-0.17376,-0.0032103,0.40846,-0.15254,0.021644,0.40956,-0.14056,0.039278,0.41664,-0.15856,0.00071161,0.42527
-0.18824,0.0019547,0.3924,-0.20169,0.012776,0.39711,-0.18765,0.036685,0.38825,-0.17757,0.023034,0.38653,-0.18453,0.044005,0.3863,-0.19749,0.022577,0.3932,-0.16816,0.046061,0.38032,-0.17434,0.033785,0.38393,-0.18308,0.044084,0.42201,-0.19298,0.021565,0.43329,-0.18804,0.037507,0.42105,-0.19107,0.045077,0.40328,-0.20572,0.019545,0.4102,-0.15207,0.036516,0.39764,-0.17369,-0.0023236,0.40721,-0.15256,0.021811,0.40875,-0.1405,0.039331,0.41601,-0.15918,0.0010175,0.42608
-0.18796,0.0026036,0.39312,-0.20248,0.013124,0.39899,-0.18751,0.03654,0.38791,-0.17815,0.023096,0.38651,-0.18348,0.046991,0.3859,-0.19745,0.022953,0.39358,-0.16823,0.046102,0.37996,-0.17503,0.033662,0.3835,-0.18305,0.045213,0.42267,-0.19292,0.022587,0.43371,-0.18841,0.037736,0.42039,-0.19172,0.044738,0.4029,-0.20435,0.020661,0.4117,-0.1516,0.036638,0.39618,-0.1737,-0.0023168,0.40616,-0.15234,0.021543,0.40756,-0.14152,0.039565,0.41846,-0.15999,0.0011747,0.42783
-0.18769,0.0027329,0.39252,-0.20266,0.013469,0.39846,-0.18695,0.037231,0.38828,-0.17808,0.023315,0.38612,-0.18482,0.044135,0.3869,-0.19316,0.0245,0.39704,-0.16828,0.045952,0.38009,-0.17469,0.033974,0.38409,-0.18294,0.045362,0.42089,-0.19351,0.02284,0.43325,-0.18781,0.03888,0.42105,-0.19375,0.043893,0.40132,-0.20708,0.019638,0.41012,-0.15152,0.036384,0.39621,-0.17453,-0.0023206,0.40702,-0.15272,0.021596,0.40856,-0.14072,0.039341,0.41608,-0.16047,0.0011766,0.42783
-0.18903,0.0027506,0.3925,-0.20307,0.013693,0.39896,-0.18737,0.037235,0.38804,-0.17818,0.023602,0.38626,-0.18389,0.04713,0.38595,-0.19662,0.023783,0.39302,-0.16815,0.046135,0.37996,-0.17376,0.034216,0.38322,-0.18386,0.0424,0.42199,-0.19303,0.023853,0.43346,-0.18913,0.038221,0.42025,-0.19169,0.04521,0.40265,-0.20231,0.022613,0.41337,-0.15161,0.036407,0.39646,-0.17488,-0.0023237,0.40739,-0.15281,0.021673,0.40833,-0.14128,0.039377,0.41641,-0.16094,0.0011792,0.42908
-0.18848,0.0033494,0.39212,-0.20235,0.014432,0.3978,-0.18738,0.037588,0.38857,-0.17842,0.023489,0.3862,-0.1845,0.044395,0.38667,-0.19667,0.02426,0.39333,-0.16881,0.045764,0.37951,-0.17432,0.03412,0.3834,-0.18671,0.040509,0.41999,-0.19615,0.022321,0.43205,-0.1882,0.039377,0.42057,-0.19216,0.04527,0.40259,-0.20471,0.021689,0.41216,-0.15178,0.036447,0.3969,-0.17468,-0.0019685,0.40631,-0.15273,0.02196,0.4073,-0.14091,0.039056,0.41621,-0.16147,0.0014121,0.42988
-0.18798,0.0039761,0.3941,-0.20279,0.014837,0.39834,-0.18724,0.037605,0.38825,-0.17856,0.023584,0.38684,-0.18316,0.047023,0.3858,-0.19749,0.023933,0.39315,-0.1682,0.046113,0.38009,-0.17462,0.034334,0.38369,-0.18713,0.037901,0.42053,-0.19591,0.02297,0.43252,-0.18875,0.039365,0.42055,-0.19158,0.045512,0.40288,-0.20946,0.019926,0.40916,-0.15195,0.036487,0.39733,-0.1755,-0.0014469,0.4076,-0.15312,0.021918,0.40833,-0.14064,0.038794,0.41398,-0.16106,0.0014824,0.42786
