-0.17585,0.025042,0.38497,-0.16177,0.0096208,0.38125,-0.16191,0.021022,0.37959,-0.15431,-0.0011831,0.37811,-0.17455,0.0078191,0.38701,-0.17119,-0.0041958,0.38381,-0.16745,0.045554,0.3785,-0.1779,0.034734,0.42375,-0.16847,-0.0017151,0.42204,-0.17754,0.014077,0.41138,-0.18346,0.026941,0.40031,-0.17751,-0.0053066,0.3988,-0.18384,0.038539,0.38416,-0.16081,0.032232,0.38226,-0.14446,0.041417,0.38925,-0.13765,0.00021675,0.38999,-0.13662,0.027147,0.40037,-0.13484,0.044149,0.41239,-0.12661,0.0045866,0.41387
-0.17502,0.024948,0.38322,-0.15859,0.0088919,0.3818,-0.16206,0.020864,0.37844,-0.15372,-0.0011372,0.37695,-0.17782,0.0079343,0.38293,-0.17108,-0.0038742,0.38311,-0.16625,0.045848,0.37798,-0.1774,0.034972,0.42405,-0.1677,-0.0013255,0.42223,-0.17496,0.015173,0.41286,-0.18259,0.027157,0.40023,-0.17808,-0.005299,0.39865,-0.18321,0.038854,0.38448,-0.16081,0.032209,0.38119,-0.14333,0.040779,0.38583,-0.13758,7.763e-05,0.38898,-0.13628,0.026995,0.39808,-0.13415,0.04392,0.41025,-0.12601,0.0045501,0.41046
-0.17568,0.02514,0.38515,-0.16214,0.009515,0.38091,-0.16109,0.021345,0.37954,-0.15485,-0.0012799,0.37783,-0.17446,0.0077171,0.38602,-0.1714,-0.0037293,0.38471,-0.16672,0.045824,0.37858,-0.17692,0.035202,0.42434,-0.16738,-0.00050539,0.42247,-0.17595,0.015189,0.41238,-0.18303,0.027427,0.40031,-0.17701,-0.0050125,0.39944,-0.17922,0.038356,0.38541,-0.16625,0.032275,0.37996,-0.14407,0.04099,0.38783,-0.13767,-0.00019829,0.38883,-0.13695,0.027212,0.40133,-0.13498,0.043935,0.41219,-0.12672,0.0045694,0.41213
-0.1759,0.024959,0.38452,-0.16237,0.0094117,0.38072,-0.16173,0.021231,0.37999,-0.15596,-0.0016797,0.37744,-0.17454,0.0080154,0.3867,-0.17156,-0.0038494,0.38469,-0.16641,0.046104,0.37941,-0.17797,0.034702,0.42371,-0.16837,-0.0011468,0.42239,-0.17742,0.014861,0.41171,-0.18263,0.027609,0.40053,-0.17757,-0.0052229,0.39914,-0.17897,0.038452,0.38542,-0.16545,0.032589,0.3801,-0.14461,0.041142,0.38927,-0.13819,-0.00011629,0.39078,-0.13688,0.02708,0.40063,-0.1349,0.043777,0.41211,-0.12682,0.0042907,0.41358
-0.17614,0.024915,0.38535,-0.16146,0.0097537,0.38096,-0.16271,0.020723,0.37948,-0.15495,-0.0012202,0.37849,-0.17488,0.0079486,0.38691,-0.17184,-0.0038191,0.38537,-0.16611,0.046262,0.37935,-0.17826,0.034876,0.42391,-0.16695,-0.00040383,0.42334,-0.17774,0.01469,0.41177,-0.18364,0.027376,0.40014,-0.17869,-0.0050984,0.39922,-0.17937,0.038375,0.38552,-0.1656,0.032618,0.38046,-0.14428,0.041049,0.3884,-0.1386,-0.00011665,0.39196,-0.13713,0.027129,0.40136,-0.13504,0.04382,0.41252,-0.12692,0.0042943,0.41391
-0.17552,0.024944,0.38344,-0.1619,0.0094692,0.38012,-0.16178,0.020809,0.3783,-0.15493,-0.0013235,0.37719,-0.17466,0.0078226,0.38453,-0.17103,-0.0037141,0.38399,-0.1665,0.045882,0.37842,-0.17629,0.035579,0.42504,-0.16747,-0.00059691,0.42304,-0.17702,0.01482,0.41161,-0.18423,0.027099,0.39981,-0.17769,-0.0049961,0.39941,-0.17918,0.038182,0.38452,-0.16581,0.032281,0.37956,-0.14347,0.040818,0.38621,-0.13798,9.6442e-06,0.38971,-0.13642,0.026767,0.39894,-0.13425,0.043565,0.41011,-0.12632,0.0041236,0.41146
-0.17555,0.024897,0.38368,-0.16196,0.0094229,0.37995,-0.16118,0.021176,0.37883,-0.1553,-0.0014316,0.37727,-0.17511,0.0080483,0.3867,-0.17146,-0.0035887,0.38434,-0.16679,0.045195,0.37755,-0.17633,0.035559,0.42501,-0.16734,-0.00054761,0.42312,-0.17718,0.014897,0.41234,-0.18333,0.027519,0.40031,-0.17925,-0.0054238,0.39912,-0.17916,0.03823,0.38383,-0.16587,0.032175,0.37918,-0.14356,0.040845,0.38646,-0.13783,-0.00019678,0.38808,-0.13663,0.026809,0.39956,-0.13472,0.043717,0.41155,-0.12662,0.0041334,0.41246
-0.17596,0.024886,0.38469,-0.16242,0.0094572,0.38059,-0.16204,0.020815,0.37975,-0.15543,-0.0013247,0.37851,-0.17478,0.007972,0.38628,-0.17189,-0.0037418,0.38531,-0.16731,0.045622,0.37856,-0.17746,0.035257,0.42439,-0.16737,-0.00055918,0.4231,-0.1774,0.01505,0.41207,-0.1835,0.027442,0.40021,-0.17827,-0.0052134,0.3991,-0.17918,0.038534,0.38547,-0.16658,0.032546,0.381,-0.1447,0.040928,0.38992,-0.13839,-0.00019871,0.39087,-0.13685,0.026853,0.40021,-0.13489,0.043774,0.41208,-0.12727,0.003973,0.41399
-0.17597,0.024914,0.38433,-0.16204,0.0095415,0.38072,-0.16271,0.020582,0.37954,-0.15637,-0.0016347,0.37838,-0.17512,0.0080308,0.38662,-0.17168,-0.0036285,0.38571,-0.16665,0.045614,0.37889,-0.17598,0.035729,0.42523,-0.16797,-0.00078633,0.42275,-0.17694,0.015295,0.4122,-0.18319,0.027585,0.40038,-0.17883,-0.0051512,0.39914,-0.17987,0.038104,0.38477,-0.16649,0.032538,0.38084,-0.14386,0.040692,0.38767,-0.1388,-0.00054028,0.39116,-0.13727,0.026919,0.40073,-0.13491,0.04378,0.41214,-0.12732,0.0040048,0.41425
-0.17628,0.024983,0.38508,-0.16248,0.0094996,0.38096,-0.16127,0.021045,0.3796,-0.15597,-0.0014677,0.37873,-0.17517,0.0079347,0.38697,-0.1722,-0.0037076,0.38558,-0.1672,0.045661,0.37862,-0.17588,0.036189,0.42531,-0.16748,-0.00060338,0.42303,-0.17763,0.014915,0.41241,-0.18325,0.027557,0.40035,-0.17924,-0.0049871,0.39882,-0.17926,0.038603,0.38583,-0.16274,0.032718,0.38601,-0.1437,0.040884,0.38683,-0.13901,-0.00044921,0.3914,-0.13703,0.026952,0.40061,-0.13526,0.043893,0.41321,-0.12748,0.0037081,0.41379
-0.17662,0.024893,0.38538,-0.16317,0.009247,0.38105,-0.1625,0.020615,0.37934,-0.15623,-0.0015685,0.37844,-0.17572,0.0079277,0.387,-0.17237,-0.0036559,0.38599,-0.16768,0.045256,0.37904,-0.17744,0.035265,0.4244,-0.16759,-0.00064184,0.42297,-0.17753,0.014992,0.41199,-0.18331,0.028029,0.40041,-0.17881,-0.0047573,0.39928,-0.17964,0.038491,0.38593,-0.16696,0.032208,0.38108,-0.14444,0.040677,0.38883,-0.13938,-0.00070923,0.39204,-0.13717,0.026979,0.40102,-0.13511,0.043843,0.41274,-0.1278,0.0037174,0.41483
-0.17654,0.024976,0.38564,-0.16309,0.0092857,0.3811,-0.16281,0.020258,0.37927,-0.15648,-0.0016847,0.37791,-0.17503,0.0082382,0.38625,-0.17236,-0.0036128,0.38585,-0.16668,0.045796,0.37928,-0.17766,0.035225,0.42447,-0.16723,5.7855e-06,0.42352,-0.17853,0.014533,0.4119,-0.1843,0.027585,0.39969,-0.17855,-0.0046582,0.39943,-0.1795,0.038425,0.3855,-0.16652,0.032089,0.37994,-0.14431,0.040641,0.38849,-0.1394,-0.00061351,0.3906,-0.13715,0.026976,0.40097,-0.13507,0.04383,0.41261,-0.12774,0.0034193,0.4143
-0.17644,0.024813,0.38474,-0.16308,0.0092946,0.38114,-0.16306,0.020462,0.37952,-0.15639,-0.0017617,0.37799,-0.17513,0.0082385,0.38598,-0.17208,-0.0035331,0.3858,-0.16713,0.045559,0.37902,-0.17679,0.035768,0.42515,-0.16687,0.00019705,0.42393,-0.17791,0.014795,0.41225,-0.18343,0.027992,0.40017,-0.1785,-0.0046384,0.39945,-0.17987,0.038134,0.38454,-0.16614,0.032431,0.38002,-0.14412,0.040687,0.38758,-0.13906,-0.00061192,0.38964,-0.13704,0.026755,0.40089,-0.13506,0.043655,0.41176,-0.12764,0.0034167,0.41397
-0.17674,0.024916,0.38522,-0.163,0.0093374,0.38138,-0.16125,0.020991,0.38019,-0.15561,-0.0013411,0.38023,-0.17552,0.0081201,0.3868,-0.17231,-0.003544,0.38627,-0.16745,0.045407,0.3786,-0.17831,0.035265,0.42413,-0.16648,0.00011024,0.42481,-0.17776,0.01486,0.41234,-0.18451,0.02749,0.39958,-0.17827,-0.0041646,0.39971,-0.18015,0.03835,0.38575,-0.16675,0.03247,0.38048,-0.14452,0.0407,0.38905,-0.13945,-0.00071935,0.39113,-0.13739,0.026474,0.40092,-0.13503,0.043647,0.41168,-0.12837,0.0032815,0.41521
-0.17592,0.02497,0.38361,-0.16281,0.0093932,0.38033,-0.16224,0.020369,0.3781,-0.15679,-0.0018857,0.3782,-0.17457,0.0082143,0.38475,-0.1716,-0.0035955,0.38455,-0.16627,0.045529,0.37807,-0.17768,0.035761,0.4248,-0.1668,-1.2327e-05,0.42462,-0.17694,0.015209,0.41281,-0.18512,0.027203,0.39924,-0.17823,-0.0041514,0.39973,-0.18316,0.038876,0.3845,-0.16205,0.032086,0.38337,-0.1438,0.040321,0.38675,-0.13885,-0.00077545,0.38855,-0.13692,0.026188,0.39871,-0.13447,0.043466,0.40998,-0.12776,0.0033463,0.41238
-0.17519,0.025445,0.38434,-0.16304,0.0093028,0.38124,-0.16116,0.020947,0.37946,-0.15644,-0.0014354,0.38005,-0.17478,0.0084033,0.38631,-0.17055,-0.0031138,0.38603,-0.16544,0.046196,0.37903,-0.1771,0.036041,0.42515,-0.16657,0.0003021,0.42473,-0.17799,0.014762,0.41221,-0.18379,0.027775,0.40038,-0.17692,-0.0037706,0.40065,-0.17903,0.038893,0.38547,-0.16607,0.032722,0.38053,-0.14385,0.040335,0.38688,-0.13927,-0.001028,0.38971,-0.13702,0.026287,0.40027,-0.13523,0.043522,0.41174,-0.12828,0.0032678,0.41346
-0.17599,0.025302,0.38491,-0.16468,0.010295,0.37899,-0.16155,0.020912,0.37969,-0.15483,-0.0010451,0.3811,-0.17512,0.0084465,0.3865,-0.17243,-0.0034104,0.38642,-0.16602,0.0459,0.37909,-0.17614,0.036624,0.42556,-0.16718,6.8601e-05,0.42436,-0.17814,0.01522,0.41204,-0.18434,0.027521,0.40007,-0.17714,-0.0037456,0.40091,-0.17895,0.038958,0.38561,-0.16655,0.032422,0.37997,-0.14408,0.04046,0.38671,-0.13995,-0.0011714,0.39121,-0.13708,0.02613,0.40004,-0.13481,0.043166,0.41046,-0.12846,0.0030838,0.41405
-0.17628,0.025316,0.38487,-0.16456,0.010345,0.37904,-0.16108,0.020935,0.3788,-0.15632,-0.0019116,0.38066,-0.1754,0.0082323,0.38558,-0.17159,-0.0032566,0.38614,-0.16584,0.046028,0.37894,-0.17629,0.03643,0.42564,-0.16662,0.00040566,0.42486,-0.17915,0.01511,0.4115,-0.18358,0.028046,0.40047,-0.17762,-0.0037056,0.40081,-0.179,0.03908,0.38614,-0.16634,0.032458,0.3798,-0.14394,0.040361,0.38713,-0.13972,-0.0010277,0.38977,-0.13701,0.026117,0.39983,-0.13503,0.043459,0.41114,-0.12843,0.0030833,0.41394
-0.17687,0.02524,0.38509,-0.16319,0.0093492,0.38155,-0.16152,0.020772,0.37883,-0.15806,-0.0024388,0.38078,-0.17619,0.0081614,0.38635,-0.17084,-0.0029102,0.38593,-0.16661,0.045632,0.37891,-0.17748,0.035857,0.42492,-0.16722,0.00058091,0.42426,-0.17903,0.01484,0.41154,-0.18553,0.027013,0.39902,-0.17847,-0.0043079,0.40058,-0.17991,0.03851,0.38565,-0.16658,0.032454,0.38015,-0.14424,0.040291,0.38638,-0.14037,-0.0011682,0.39079,-0.13721,0.026155,0.40042,-0.13483,0.042956,0.41055,-0.12929,0.0031783,0.41599
-0.17684,0.025194,0.38484,-0.16335,0.0092646,0.38178,-0.16117,0.021026,0.37929,-0.15857,-0.0024627,0.38115,-0.17563,0.008429,0.38573,-0.17219,-0.0031369,0.38659,-0.16616,0.04606,0.37945,-0.1764,0.036499,0.4254,-0.16799,5.1409e-05,0.42426,-0.17915,0.015193,0.4116,-0.18407,0.027882,0.40039,-0.17771,-0.0036348,0.40113,-0.17951,0.03856,0.3853,-0.16668,0.032412,0.38012,-0.14518,0.040237,0.38852,-0.14054,-0.0011697,0.39125,-0.1372,0.026152,0.40037,-0.13465,0.042897,0.40999,-0.12921,0.0029354,0.41454
-0.17726,0.025099,0.38496,-0.16289,0.009351,0.38241,-0.16184,0.020739,0.37951,-0.15793,-0.0021683,0.38084,-0.17603,0.008431,0.38599,-0.17212,-0.0031167,0.38657,-0.16709,0.045417,0.37876,-0.17707,0.036055,0.42517,-0.16877,0.00023259,0.4242,-0.17915,0.015363,0.41181,-0.18404,0.027894,0.4004,-0.17796,-0.0037274,0.40099,-0.18041,0.038462,0.38532,-0.16698,0.032401,0.38052,-0.14511,0.040333,0.3895,-0.14125,-0.001454,0.39285,-0.13761,0.026007,0.40029,-0.13503,0.043018,0.41114,-0.12991,0.0030506,0.41676
-0.17637,0.025162,0.38352,-0.16342,0.0088912,0.38087,-0.15905,0.01993,0.38065,-0.15645,-0.0018004,0.38044,-0.17565,0.0082276,0.38415,-0.17148,-0.0027781,0.38629,-0.16667,0.045432,0.37825,-0.17828,0.035475,0.42444,-0.16823,0.00043879,0.42452,-0.17897,0.015437,0.41192,-0.18528,0.027424,0.3995,-0.17854,-0.0036726,0.40102,-0.1791,0.038555,0.38472,-0.16704,0.032031,0.3797,-0.14398,0.039667,0.38571,-0.1408,-0.0017232,0.39067,-0.13728,0.025784,0.39903,-0.13465,0.042897,0.40999,-0.12943,0.0028321,0.41355
-0.1763,0.025136,0.3838,-0.16168,0.0082185,0.38446,-0.1625,0.020135,0.37844,-0.15849,-0.0027042,0.37976,-0.17929,0.0083003,0.38332,-0.17328,-0.0032477,0.38698,-0.16626,0.045697,0.37867,-0.17733,0.035932,0.42502,-0.16865,0.00027703,0.42427,-0.18014,0.015062,0.4114,-0.1854,0.027854,0.39981,-0.1804,-0.0043792,0.40001,-0.17918,0.038626,0.38442,-0.16737,0.031968,0.37967,-0.14401,0.039675,0.38579,-0.14159,-0.0018716,0.39258,-0.1371,0.025716,0.39796,-0.13454,0.042785,0.41021,-0.12965,0.0026964,0.41546
-0.17731,0.025082,0.38497,-0.16384,0.009191,0.38266,-0.16169,0.020732,0.37958,-0.15678,-0.0019613,0.38111,-0.17597,0.0083563,0.38524,-0.17416,-0.0034147,0.38746,-0.16749,0.045259,0.37872,-0.17619,0.0366,0.42553,-0.16929,0.0004442,0.42405,-0.17957,0.015304,0.41172,-0.18589,0.027628,0.39954,-0.18007,-0.0040941,0.40074,-0.17985,0.038804,0.38563,-0.16688,0.032362,0.38031,-0.14457,0.039895,0.38853,-0.14176,-0.0018743,0.39305,-0.13755,0.025801,0.39927,-0.13519,0.042849,0.41164,-0.13053,0.0026744,0.41634
-0.17727,0.025157,0.38485,-0.16445,0.0091319,0.3831,-0.163,0.020075,0.37958,-0.15729,-0.0021386,0.38074,-0.17629,0.0084036,0.38544,-0.17362,-0.0031813,0.38738,-0.16671,0.045529,0.37866,-0.17715,0.036489,0.42519,-0.16944,0.00059847,0.42407,-0.18024,0.015018,0.41134,-0.18519,0.027957,0.39993,-0.18038,-0.0042132,0.40057,-0.18425,0.038742,0.38412,-0.16289,0.032357,0.38351,-0.14532,0.039971,0.39006,-0.14152,-0.002029,0.39071,-0.13827,0.025429,0.40008,-0.13477,0.042715,0.41035,-0.1305,0.0026736,0.41624
-0.17664,0.025084,0.38354,-0.16222,0.0081371,0.3843,-0.16194,0.0206,0.37929,-0.15762,-0.0024204,0.37963,-0.17947,0.0084226,0.38375,-0.17406,-0.0031869,0.3884,-0.16578,0.045687,0.378,-0.17681,0.036117,0.42502,-0.17026,0.00028528,0.42358,-0.1803,0.015284,0.41166,-0.18505,0.028018,0.4,-0.1809,-0.0039081,0.40021,-0.18386,0.039115,0.38463,-0.16224,0.031964,0.38177,-0.14416,0.03954,0.3858,-0.14221,-0.0024207,0.3915,-0.13766,0.025318,0.39833,-0.13468,0.042689,0.4101,-0.13017,0.0026401,0.41407
-0.17763,0.025117,0.38524,-0.16492,0.0088891,0.38237,-0.16241,0.020632,0.38026,-0.15743,-0.0021145,0.38127,-0.17662,0.0083922,0.38433,-0.17467,-0.0032117,0.3875,-0.16596,0.046053,0.37963,-0.17653,0.03651,0.42511,-0.16992,0.00058358,0.42438,-0.1791,0.016206,0.4125,-0.18504,0.028249,0.39987,-0.18206,-0.0043903,0.40016,-0.18032,0.03923,0.38587,-0.16776,0.032026,0.38039,-0.1447,0.039802,0.38842,-0.14288,-0.0024332,0.39335,-0.1384,0.025453,0.40046,-0.13509,0.042817,0.41133,-0.13091,0.0024011,0.41467
-0.17766,0.025249,0.38424,-0.16553,0.0087367,0.38237,-0.16342,0.020342,0.38053,-0.15843,-0.0023518,0.38179,-0.1764,0.0088245,0.3849,-0.17475,-0.0028994,0.38779,-0.1674,0.045264,0.37823,-0.17777,0.036128,0.425,-0.17063,0.00062277,0.42398,-0.18163,0.014831,0.41128,-0.18657,0.027672,0.39945,-0.18251,-0.0040367,0.40029,-0.17948,0.039281,0.38564,-0.16736,0.032235,0.38022,-0.14521,0.039941,0.38977,-0.14293,-0.0025719,0.39308,-0.13833,0.025357,0.3999,-0.13473,0.042704,0.41025,-0.13106,0.0022541,0.41466
-0.17658,0.025865,0.38347,-0.1649,0.0090463,0.38304,-0.16294,0.020336,0.38024,-0.15754,-0.0019918,0.38149,-0.17624,0.0089905,0.38526,-0.17469,-0.0028836,0.3877,-0.16654,0.04576,0.37903,-0.17687,0.036731,0.42544,-0.16994,0.0010293,0.42404,-0.1801,0.016068,0.41228,-0.1858,0.028113,0.39962,-0.18188,-0.0039623,0.40078,-0.17968,0.039165,0.38548,-0.1671,0.032182,0.38007,-0.14533,0.040103,0.39056,-0.14368,-0.0028555,0.39382,-0.1383,0.02482,0.3991,-0.13483,0.042351,0.41111,-0.13144,0.0019618,0.41491
-0.17749,0.025589,0.38454,-0.16578,0.0090005,0.38284,-0.16322,0.020487,0.38138,-0.1579,-0.0021495,0.38207,-0.17686,0.0087701,0.38516,-0.17557,-0.0031921,0.38756,-0.16532,0.046126,0.37913,-0.17651,0.036635,0.42547,-0.17115,0.00080507,0.42417,-0.1822,0.015567,0.41121,-0.18621,0.027922,0.3994,-0.18317,-0.0044554,0.40008,-0.18056,0.038973,0.38551,-0.16706,0.032238,0.38024,-0.145,0.040014,0.38968,-0.14346,-0.0028101,0.39235,-0.13855,0.024718,0.40008,-0.13509,0.042676,0.41081,-0.13141,0.0019615,0.41481
-0.17662,0.026011,0.38378,-0.16487,0.0092652,0.38247,-0.16155,0.020706,0.37984,-0.15783,-0.0022284,0.38081,-0.1756,0.0091838,0.38432,-0.17519,-0.0025943,0.38775,-0.16463,0.046498,0.37944,-0.17682,0.037056,0.42568,-0.17136,0.0008237,0.42439,-0.18261,0.015391,0.41097,-0.18612,0.028321,0.39987,-0.18505,-0.0047332,0.39955,-0.1792,0.039186,0.38415,-0.16674,0.032225,0.3797,-0.14419,0.039276,0.38566,-0.14379,-0.0029589,0.39266,-0.13858,0.024555,0.39974,-0.13469,0.042117,0.40876,-0.13141,0.001956,0.41339
-0.1769,0.026032,0.38386,-0.16486,0.0092433,0.3823,-0.16248,0.020477,0.37963,-0.15832,-0.0025332,0.38115,-0.17618,0.0091846,0.38473,-0.17452,-0.0023699,0.38679,-0.1651,0.046172,0.37883,-0.17739,0.037072,0.42582,-0.17075,0.0014852,0.42433,-0.18097,0.016097,0.41191,-0.18535,0.02872,0.40018,-0.1839,-0.0042365,0.3996,-0.17893,0.039531,0.38472,-0.16653,0.032384,0.37973,-0.14505,0.039416,0.38871,-0.14345,-0.0031195,0.39173,-0.1383,0.024505,0.39893,-0.1347,0.042121,0.40881,-0.12974,0.0024013,0.41449
-0.1817,0.025837,0.38403,-0.1662,0.0088068,0.38232,-0.16321,0.020337,0.3808,-0.15968,-0.0026168,0.38181,-0.1779,0.0091083,0.38674,-0.17572,-0.0028473,0.38738,-0.16714,0.045204,0.37846,-0.17755,0.036996,0.42573,-0.17231,0.0010506,0.424,-0.18143,0.016077,0.41223,-0.18765,0.028126,0.39929,-0.18514,-0.0043955,0.40002,-0.18026,0.039362,0.38554,-0.16305,0.032044,0.38267,-0.14571,0.039595,0.39046,-0.14435,-0.0029859,0.39262,-0.13935,0.024691,0.40196,-0.13548,0.042217,0.41146,-0.13251,0.0013797,0.41637
-0.17857,0.025756,0.38477,-0.16686,0.0087246,0.38287,-0.16341,0.020331,0.38143,-0.16056,-0.0029206,0.38195,-0.17763,0.0092734,0.38688,-0.17581,-0.0026716,0.38664,-0.16616,0.045784,0.37901,-0.17805,0.036756,0.42542,-0.17183,0.0014048,0.42487,-0.18049,0.016376,0.413,-0.18664,0.028412,0.39929,-0.18546,-0.0045158,0.39984,-0.18047,0.039186,0.38512,-0.16775,0.031915,0.38011,-0.14539,0.03946,0.38913,-0.14468,-0.003383,0.3932,-0.13961,0.024663,0.40144,-0.13535,0.042322,0.41077,-0.13243,0.0013409,0.41321
-0.17862,0.025921,0.38512,-0.16734,0.0087798,0.38279,-0.16473,0.019912,0.38162,-0.16118,-0.0030698,0.38242,-0.1785,0.0091833,0.38637,-0.17746,-0.0027144,0.38828,-0.16697,0.04531,0.37861,-0.17776,0.037316,0.42516,-0.17324,0.0010844,0.424,-0.18071,0.016915,0.41302,-0.18782,0.028045,0.3992,-0.18738,-0.005072,0.39916,-0.1812,0.039139,0.38593,-0.16777,0.031949,0.38015,-0.14584,0.039582,0.39031,-0.14498,-0.0035427,0.39236,-0.14051,0.024897,0.4053,-0.13567,0.042273,0.41201,-0.13393,0.0010888,0.41704
-0.17588,0.026007,0.38746,-0.16686,0.0088421,0.38249,-0.16415,0.020353,0.38163,-0.16068,-0.002906,0.38316,-0.17773,0.0098119,0.38829,-0.17627,-0.0023837,0.38808,-0.1656,0.046189,0.37957,-0.17748,0.037453,0.42533,-0.17154,0.0022087,0.42604,-0.18025,0.017382,0.41371,-0.18729,0.028294,0.39949,-0.18465,-0.0033283,0.40092,-0.18123,0.039482,0.38595,-0.16711,0.032238,0.38053,-0.146,0.039434,0.39051,-0.14573,-0.0038047,0.39346,-0.14019,0.024334,0.40311,-0.13601,0.042089,0.4128,-0.13406,0.001236,0.41696
-0.17615,0.026305,0.38771,-0.1679,0.0085316,0.38315,-0.16509,0.019909,0.38086,-0.16116,-0.0032107,0.38254,-0.17804,0.0095014,0.38686,-0.1773,-0.0025296,0.38803,-0.16604,0.045945,0.37927,-0.17778,0.03729,0.42578,-0.17343,0.0014761,0.42491,-0.18153,0.016671,0.41317,-0.18734,0.028514,0.39954,-0.18579,-0.0038295,0.40068,-0.18079,0.039597,0.38567,-0.1681,0.031767,0.38038,-0.14686,0.039437,0.39305,-0.14582,-0.0038068,0.39368,-0.14041,0.02441,0.40439,-0.13534,0.042115,0.41046,-0.13374,0.0009393,0.41598
-0.17949,0.026538,0.38613,-0.16836,0.0084033,0.38276,-0.16505,0.019788,0.38156,-0.16191,-0.0034297,0.38267,-0.17897,0.0094594,0.38723,-0.17727,-0.0021934,0.38825,-0.16677,0.045445,0.37884,-0.17782,0.037574,0.42555,-0.17295,0.001833,0.42532,-0.17731,0.01857,0.41512,-0.1875,0.028436,0.39945,-0.18576,-0.0031579,0.40118,-0.18001,0.040022,0.38591,-0.16784,0.031852,0.38043,-0.14644,0.039324,0.39193,-0.14648,-0.0039902,0.39523,-0.14134,0.024534,0.40641,-0.13546,0.041917,0.41111,-0.13472,0.0010926,0.41808
-0.17996,0.026436,0.38574,-0.16855,0.008477,0.38295,-0.16545,0.019852,0.38118,-0.16229,-0.0034257,0.38262,-0.17946,0.0097426,0.38849,-0.17759,-0.002081,0.38851,-0.16652,0.045553,0.3789,-0.17806,0.037459,0.42541,-0.17144,0.0025179,0.42657,-0.18242,0.017044,0.41266,-0.18892,0.028302,0.3993,-0.1843,-0.0025922,0.40199,-0.18123,0.039619,0.38596,-0.16774,0.031987,0.38038,-0.14589,0.039176,0.39046,-0.1463,-0.0038171,0.39314,-0.14134,0.024497,0.40577,-0.13571,0.041994,0.41186,-0.13485,0.00064831,0.41849
-0.1798,0.026427,0.38537,-0.16894,0.0083941,0.38324,-0.16564,0.019931,0.38171,-0.16229,-0.0033529,0.38295,-0.17999,0.0097924,0.38852,-0.17853,-0.0019687,0.3889,-0.16574,0.04595,0.37931,-0.17778,0.037694,0.42588,-0.1727,0.0023259,0.4263,-0.17993,0.018654,0.41402,-0.18748,0.028909,0.39987,-0.18434,-0.0019445,0.40245,-0.18104,0.039653,0.38584,-0.16829,0.03194,0.3803,-0.14715,0.039515,0.39383,-0.14671,-0.004105,0.39273,-0.14113,0.024266,0.40478,-0.1356,0.041768,0.41108,-0.13529,0.00073871,0.41901
-0.18005,0.026731,0.38628,-0.16656,0.0083425,0.38663,-0.1654,0.019916,0.38155,-0.16217,-0.0029158,0.38321,-0.18068,0.010012,0.38607,-0.17837,-0.0019044,0.38848,-0.16586,0.046136,0.37973,-0.17795,0.03761,0.42578,-0.17185,0.0024294,0.42657,-0.17963,0.018786,0.4142,-0.18952,0.028017,0.39896,-0.18371,-0.0017012,0.4028,-0.18086,0.039704,0.38578,-0.16791,0.032053,0.38021,-0.14775,0.039678,0.39546,-0.14776,-0.0042291,0.39515,-0.14148,0.024269,0.40512,-0.13595,0.041879,0.41216,-0.1357,0.00038276,0.41828
-0.17979,0.027059,0.3858,-0.16876,0.0087022,0.38335,-0.16594,0.019744,0.38136,-0.16301,-0.0033973,0.38275,-0.17973,0.010167,0.38875,-0.17824,-0.0014497,0.38956,-0.16429,0.046882,0.3807,-0.17853,0.037553,0.42538,-0.17395,0.0024806,0.42606,-0.17814,0.01944,0.41507,-0.18773,0.029773,0.39997,-0.18439,-0.0015761,0.40256,-0.18005,0.040212,0.3863,-0.16655,0.032617,0.3805,-0.14673,0.039225,0.39233,-0.14834,-0.004174,0.39512,-0.14187,0.024272,0.40511,-0.1359,0.041699,0.41108,-0.13606,0.00020546,0.41856
-0.1802,0.026814,0.38552,-0.16631,0.0081847,0.38571,-0.16603,0.019827,0.38161,-0.16353,-0.0033563,0.38357,-0.18202,0.0103,0.38557,-0.17956,-0.0016795,0.39022,-0.16567,0.046244,0.37986,-0.17787,0.038666,0.42589,-0.17262,0.0034493,0.4269,-0.1801,0.018759,0.4145,-0.18867,0.029293,0.39977,-0.18479,-0.0012973,0.40323,-0.18105,0.040006,0.38568,-0.16821,0.031886,0.38013,-0.14736,0.039572,0.3944,-0.14879,-0.0042746,0.3958,-0.14202,0.024072,0.40583,-0.13672,0.041936,0.41266,-0.13647,0.00031778,0.41889
-0.18116,0.026947,0.38625,-0.17001,0.0085284,0.38361,-0.16711,0.019523,0.38119,-0.16303,-0.0031004,0.38392,-0.18025,0.010318,0.38793,-0.1795,-0.0014789,0.39008,-0.1652,0.046196,0.3794,-0.17827,0.038472,0.42564,-0.17511,0.0027182,0.42625,-0.17953,0.019719,0.41535,-0.1897,0.029039,0.39964,-0.18441,-0.00064713,0.40381,-0.18167,0.0399,0.38572,-0.16729,0.032332,0.38025,-0.14737,0.039575,0.39443,-0.14884,-0.0044143,0.39569,-0.14204,0.023958,0.40536,-0.13617,0.041767,0.411,-0.13639,0.00020549,0.4176
-0.18096,0.026965,0.38548,-0.16744,0.0082217,0.38733,-0.16687,0.019494,0.38087,-0.16441,-0.0034761,0.38408,-0.18339,0.010256,0.38608,-0.17961,-0.0014035,0.38907,-0.16635,0.045777,0.37909,-0.17824,0.038486,0.42566,-0.17474,0.0032625,0.42623,-0.18071,0.019158,0.41528,-0.1886,0.029785,0.40022,-0.18475,-0.00053677,0.40401,-0.18165,0.039839,0.38547,-0.16819,0.032058,0.38037,-0.14766,0.039117,0.39404,-0.14932,-0.0044149,0.3958,-0.14237,0.024059,0.40555,-0.13647,0.04186,0.41191,-0.13647,0.00020577,0.41646
-0.18139,0.02695,0.38595,-0.17037,0.0086189,0.38368,-0.16685,0.019592,0.38135,-0.16396,-0.0031898,0.38483,-0.1805,0.010394,0.38639,-0.18025,-0.0012612,0.38947,-0.16553,0.046263,0.37975,-0.17892,0.038154,0.42525,-0.17587,0.0031125,0.42631,-0.18077,0.019353,0.4152,-0.18816,0.029991,0.40046,-0.18706,-0.0011183,0.40339,-0.18142,0.039934,0.38548,-0.16773,0.032375,0.38096,-0.14755,0.038978,0.39258,-0.14942,-0.0045547,0.39567,-0.14239,0.02406,0.40558,-0.13631,0.04181,0.41141,-0.13716,-8.7721e-05,0.41671
-0.18225,0.027012,0.3874,-0.17227,0.0092392,0.38311,-0.16711,0.019517,0.38125,-0.1645,-0.003068,0.38607,-0.18125,0.010816,0.38856,-0.18011,-0.0011364,0.3898,-0.16524,0.046359,0.3797,-0.1789,0.03886,0.42564,-0.17686,0.0034137,0.42622,-0.1813,0.019642,0.41482,-0.18769,0.030926,0.40121,-0.18709,-0.00054781,0.40402,-0.1818,0.040236,0.38579,-0.1677,0.032401,0.38103,-0.14769,0.03904,0.39321,-0.15005,-0.0048324,0.3954,-0.14214,0.023731,0.40361,-0.13683,0.04138,0.413,-0.13757,-0.00038549,0.41796
-0.18184,0.027024,0.38586,-0.17201,0.0084072,0.38358,-0.16752,0.019507,0.38127,-0.16456,-0.0029381,0.38599,-0.18177,0.010629,0.38791,-0.18075,-0.0012291,0.3893,-0.16627,0.045726,0.3788,-0.17963,0.038661,0.42542,-0.17749,0.0031644,0.42584,-0.18183,0.019592,0.41509,-0.18967,0.029976,0.4001,-0.18822,-0.00099855,0.40338,-0.18144,0.040398,0.38556,-0.16893,0.031931,0.38023,-0.14783,0.039163,0.3945,-0.15028,-0.00484,0.39602,-0.1424,0.023559,0.40437,-0.13634,0.041234,0.41154,-0.13791,-4.5452e-05,0.41804
-0.18194,0.026955,0.38549,-0.17186,0.0085855,0.38407,-0.16774,0.019474,0.38109,-0.16487,-0.0030343,0.38599,-0.18232,0.01086,0.38886,-0.17972,-0.0011585,0.38542,-0.16586,0.046061,0.37979,-0.17903,0.039475,0.42589,-0.17728,0.0035908,0.42716,-0.18131,0.020349,0.41518,-0.1883,0.030817,0.39975,-0.18878,-0.0010555,0.40362,-0.18174,0.040464,0.38621,-0.16825,0.032147,0.38055,-0.14771,0.038598,0.39302,-0.15119,-0.0047213,0.39626,-0.14242,0.023419,0.40358,-0.13647,0.041271,0.41191,-0.13867,-0.00035766,0.41909
-0.18296,0.02718,0.38778,-0.17212,0.0088426,0.38545,-0.16919,0.019139,0.38245,-0.16557,-0.0030317,0.38694,-0.18283,0.011192,0.39007,-0.18187,-0.00088244,0.39135,-0.16752,0.045517,0.38012,-0.17889,0.039543,0.42598,-0.17822,0.0037392,0.42651,-0.18293,0.019807,0.41495,-0.18726,0.031839,0.40193,-0.18824,-0.00034395,0.40385,-0.18324,0.040439,0.38827,-0.16926,0.032252,0.38209,-0.14875,0.039023,0.39651,-0.1522,-0.0048787,0.39923,-0.14273,0.023573,0.40458,-0.13792,0.041689,0.41668,-0.14057,-0.00038851,0.42425
-0.18281,0.02733,0.38766,-0.17232,0.0088304,0.38597,-0.1687,0.019343,0.38217,-0.16665,-0.0032088,0.38704,-0.18359,0.01118,0.39016,-0.18243,-0.00074503,0.3903,-0.16753,0.045497,0.38006,-0.17961,0.039193,0.42554,-0.18009,0.003629,0.4261,-0.18287,0.020449,0.4152,-0.18691,0.03201,0.40213,-0.19004,-0.00040052,0.4033,-0.18289,0.040705,0.3872,-0.16889,0.032399,0.38215,-0.14941,0.038939,0.39796,-0.15243,-0.0048793,0.39933,-0.1431,0.02317,0.40508,-0.13826,0.041791,0.41771,-0.14069,-0.00023689,0.42366
-0.18267,0.027235,0.38666,-0.17131,0.0092892,0.38554,-0.16963,0.019289,0.38269,-0.16727,-0.0031977,0.38679,-0.18369,0.011283,0.38994,-0.18388,-0.00068425,0.39232,-0.16703,0.046032,0.38092,-0.17951,0.039783,0.42552,-0.17829,0.0044055,0.42746,-0.18319,0.020922,0.41523,-0.18823,0.03189,0.40131,-0.19027,-0.00026907,0.40334,-0.18263,0.040646,0.38681,-0.16969,0.032185,0.38212,-0.14898,0.03893,0.3964,-0.15314,-0.0048873,0.40003,-0.14332,0.023138,0.40446,-0.1379,0.04151,0.41577,-0.14121,-0.00050767,0.4241
-0.1826,0.027473,0.38716,-0.1724,0.0092001,0.38644,-0.16945,0.019316,0.38235,-0.16777,-0.0035155,0.38675,-0.18404,0.011484,0.39012,-0.18435,-0.00043646,0.39282,-0.16662,0.046083,0.38057,-0.17956,0.039993,0.42546,-0.18024,0.0037959,0.42639,-0.18296,0.021024,0.41536,-0.18779,0.032574,0.40188,-0.19102,8.8868e-05,0.40339,-0.18291,0.040641,0.38717,-0.16845,0.032641,0.38251,-0.14928,0.03912,0.39839,-0.15387,-0.0051871,0.40117,-0.14401,0.023249,0.40639,-0.13727,0.041323,0.41389,-0.14147,-0.00053611,0.42368
-0.18253,0.027723,0.38703,-0.17271,0.0091752,0.38662,-0.16985,0.01922,0.38274,-0.16793,-0.0034596,0.38647,-0.18489,0.010978,0.38918,-0.18461,-0.0003306,0.39164,-0.16725,0.045928,0.38056,-0.17977,0.039889,0.42533,-0.18123,0.0035734,0.42637,-0.18448,0.020527,0.41505,-0.18773,0.032607,0.40192,-0.18925,0.0011326,0.40493,-0.18328,0.040582,0.38697,-0.1689,0.032608,0.38273,-0.14942,0.038618,0.39758,-0.15441,-0.0053436,0.40218,-0.14435,0.023374,0.40864,-0.13792,0.041517,0.41583,-0.14172,-0.0005361,0.42352
-0.18209,0.028081,0.38759,-0.17309,0.0091709,0.38721,-0.16963,0.019435,0.38296,-0.16913,-0.0036493,0.38674,-0.18447,0.011924,0.39046,-0.18491,-0.0001178,0.39234,-0.16731,0.046005,0.38089,-0.17998,0.040299,0.42577,-0.1818,0.0040598,0.42636,-0.18508,0.020717,0.41511,-0.18649,0.033441,0.40277,-0.19155,0.00069717,0.40393,-0.18323,0.040855,0.38721,-0.16891,0.032401,0.38188,-0.14885,0.038472,0.39608,-0.15502,-0.0054815,0.40183,-0.14477,0.023154,0.40855,-0.13818,0.041403,0.41616,-0.14257,-0.00046379,0.4258
-0.18223,0.028307,0.38769,-0.1726,0.0094715,0.38568,-0.17058,0.019334,0.38282,-0.16899,-0.0036887,0.3865,-0.18534,0.011966,0.39081,-0.18583,-0.00013752,0.39289,-0.16741,0.045729,0.3803,-0.18011,0.040232,0.42568,-0.18025,0.0051782,0.42742,-0.18411,0.021153,0.41568,-0.18789,0.033283,0.40191,-0.19089,0.0011313,0.40505,-0.18329,0.040959,0.38734,-0.16885,0.032585,0.38275,-0.14885,0.038472,0.39608,-0.155,-0.00547,0.401,-0.14447,0.022888,0.40771,-0.13874,0.041573,0.41787,-0.14236,-0.00053339,0.42264
-0.18287,0.028333,0.38778,-0.1733,0.0092724,0.38629,-0.16988,0.019588,0.3834,-0.16928,-0.0036864,0.38686,-0.18538,0.011874,0.39028,-0.18527,0.00040516,0.39297,-0.16693,0.045938,0.38074,-0.1803,0.04043,0.426,-0.18127,0.004997,0.42697,-0.18468,0.021662,0.41536,-0.18924,0.032626,0.40115,-0.18951,0.002221,0.40645,-0.1834,0.040879,0.38714,-0.16892,0.032415,0.38213,-0.14939,0.038612,0.39752,-0.15557,-0.0053363,0.40171,-0.14376,0.022709,0.40446,-0.13806,0.041114,0.41627,-0.14244,-0.00068457,0.42333
-0.18226,0.028957,0.38758,-0.17266,0.0094989,0.3864,-0.17018,0.019543,0.38306,-0.16975,-0.0036456,0.38683,-0.18396,0.012558,0.39057,-0.18549,0.00060606,0.39268,-0.16691,0.045884,0.38041,-0.18015,0.04073,0.42622,-0.18049,0.0055442,0.42824,-0.18408,0.021658,0.41587,-0.1876,0.033669,0.40215,-0.1901,0.0022317,0.40625,-0.18258,0.041082,0.38622,-0.16817,0.032837,0.38232,-0.14854,0.037968,0.39527,-0.15497,-0.0053686,0.39951,-0.14428,0.02279,0.40591,-0.13864,0.041287,0.41802,-0.14239,-0.0006796,0.42114
-0.18211,0.028754,0.38615,-0.17351,0.009618,0.38704,-0.16924,0.019647,0.38288,-0.17108,-0.0037004,0.38733,-0.18519,0.012657,0.39096,-0.18578,0.00069221,0.39267,-0.16703,0.045829,0.38037,-0.18096,0.040331,0.42573,-0.18184,0.0055238,0.42771,-0.1832,0.022517,0.41682,-0.18896,0.033008,0.40139,-0.19223,0.0021941,0.40501,-0.18292,0.041102,0.38671,-0.16856,0.032621,0.38263,-0.14874,0.037954,0.39416,-0.15576,-0.005311,0.39989,-0.145,0.022836,0.40666,-0.13818,0.041151,0.41664,-0.14279,-0.00079185,0.4213
-0.18307,0.029079,0.38777,-0.17478,0.0095048,0.38839,-0.17139,0.019392,0.38361,-0.17154,-0.0038053,0.38761,-0.18516,0.012985,0.39137,-0.18619,0.0008574,0.39329,-0.16767,0.045618,0.38078,-0.1811,0.040261,0.42564,-0.18242,0.006031,0.42778,-0.18431,0.022539,0.41608,-0.18959,0.032948,0.40148,-0.19265,0.0024727,0.40529,-0.18363,0.041384,0.3875,-0.16913,0.032777,0.38289,-0.14914,0.038121,0.39686,-0.15675,-0.0054773,0.40167,-0.14537,0.022794,0.40746,-0.13864,0.041287,0.41802,-0.14373,-0.00078049,0.42259
-0.18309,0.029561,0.38924,-0.17573,0.0094893,0.38909,-0.17226,0.019323,0.38455,-0.17223,-0.0037938,0.38767,-0.18603,0.013033,0.39097,-0.18693,0.0010114,0.39385,-0.16792,0.045547,0.3807,-0.18104,0.040657,0.42581,-0.18127,0.006634,0.42854,-0.18499,0.022753,0.4156,-0.18856,0.033673,0.40202,-0.19361,0.0022,0.40497,-0.18391,0.04133,0.38767,-0.16995,0.032559,0.38319,-0.14942,0.038193,0.39761,-0.15702,-0.0057626,0.40149,-0.14605,0.022498,0.40836,-0.13829,0.040845,0.41654,-0.14359,-0.00088066,0.42219
-0.18274,0.029548,0.38824,-0.1757,0.0095039,0.38886,-0.17093,0.019808,0.38405,-0.17271,-0.0035728,0.38786,-0.1862,0.013029,0.39066,-0.18718,0.0011541,0.39292,-0.16751,0.045846,0.38107,-0.1809,0.041134,0.42565,-0.18281,0.0066102,0.42827,-0.18343,0.023647,0.41711,-0.19009,0.032926,0.40116,-0.19464,0.0022574,0.40482,-0.18408,0.041363,0.38732,-0.16999,0.032636,0.38357,-0.14927,0.038175,0.39651,-0.15846,-0.0055266,0.40529,-0.14539,0.022396,0.40652,-0.13894,0.041037,0.4185,-0.14506,-0.00079704,0.42524
-0.18276,0.029593,0.38692,-0.17508,0.0096582,0.38729,-0.16927,0.02033,0.38362,-0.17219,-0.0034644,0.38778,-0.18608,0.013063,0.38969,-0.18685,0.0014344,0.39228,-0.16727,0.0457,0.38011,-0.18142,0.041254,0.42579,-0.18158,0.0073366,0.42886,-0.18349,0.023809,0.41766,-0.18996,0.033397,0.40137,-0.19471,0.0026691,0.4051,-0.18355,0.04129,0.38636,-0.16891,0.032906,0.3827,-0.14842,0.038041,0.39377,-0.15704,-0.0057451,0.40024,-0.14574,0.02245,0.40749,-0.13817,0.040611,0.41471,-0.14468,-0.00068089,0.42312
-0.18317,0.029908,0.38844,-0.17599,0.0097275,0.38827,-0.17078,0.0199,0.38416,-0.17153,-0.0028833,0.38828,-0.18647,0.013366,0.38985,-0.18833,0.001659,0.39436,-0.16664,0.046321,0.38152,-0.18185,0.040956,0.42594,-0.1847,0.0068328,0.42777,-0.18288,0.024801,0.41854,-0.18941,0.033966,0.40203,-0.1951,0.0026763,0.40543,-0.18385,0.041411,0.38703,-0.1695,0.032821,0.3838,-0.14959,0.038021,0.39571,-0.15904,-0.0057924,0.40371,-0.14639,0.022549,0.4093,-0.13925,0.041114,0.41849,-0.14567,-0.00093904,0.42463
-0.18325,0.030018,0.38862,-0.17573,0.0098683,0.38816,-0.17071,0.020244,0.38474,-0.1718,-0.002832,0.38883,-0.18726,0.013324,0.39028,-0.18872,0.0019951,0.39439,-0.16682,0.046155,0.38115,-0.18213,0.041901,0.42561,-0.18401,0.0073628,0.42853,-0.18245,0.025286,0.41855,-0.18992,0.034475,0.40183,-0.19585,0.0030526,0.40531,-0.18339,0.041624,0.38692,-0.16896,0.032868,0.3832,-0.1498,0.038075,0.39627,-0.16463,-0.0076315,0.40707,-0.14645,0.02256,0.40949,-0.13972,0.040898,0.41852,-0.14595,-0.0011306,0.42408
-0.18413,0.030019,0.38879,-0.17606,0.009933,0.38806,-0.17077,0.020416,0.38498,-0.17258,-0.0027087,0.38922,-0.18768,0.013547,0.39121,-0.18899,0.0022584,0.39397,-0.16576,0.046761,0.38144,-0.18097,0.04248,0.42632,-0.18455,0.0072408,0.42804,-0.18192,0.026045,0.41887,-0.18992,0.034475,0.40183,-0.19728,0.0030948,0.40512,-0.18327,0.041878,0.38755,-0.16895,0.033099,0.38359,-0.14965,0.038036,0.39586,-0.16509,-0.0076595,0.40733,-0.1464,0.02242,0.40683,-0.13958,0.040858,0.41811,-0.14696,-0.00079417,0.426
-0.18395,0.029989,0.3884,-0.17701,0.0098174,0.38847,-0.17096,0.019889,0.38387,-0.1727,-0.0027595,0.38898,-0.18829,0.013431,0.39069,-0.18907,0.0021607,0.39336,-0.16709,0.046117,0.38086,-0.18134,0.042296,0.4261,-0.18558,0.0076243,0.4282,-0.18321,0.025706,0.41819,-0.19032,0.035143,0.4017,-0.19985,0.0026822,0.4041,-0.18379,0.041931,0.38724,-0.17066,0.03251,0.38287,-0.14946,0.037988,0.39536,-0.15991,-0.0056822,0.40286,-0.14663,0.022455,0.40746,-0.13966,0.040883,0.41836,-0.14691,-0.0011336,0.42554
-0.18531,0.030104,0.38935,-0.17735,0.0096942,0.38784,-0.17141,0.020173,0.38466,-0.1734,-0.0027794,0.38891,-0.18893,0.013643,0.39037,-0.18977,0.0024715,0.3941,-0.16721,0.046068,0.38084,-0.18111,0.042645,0.42609,-0.18592,0.007667,0.42817,-0.18425,0.025227,0.41757,-0.19043,0.035217,0.40178,-0.19728,0.0041913,0.40601,-0.18418,0.041826,0.3875,-0.17075,0.032749,0.38364,-0.14972,0.037778,0.39583,-0.16017,-0.0055647,0.40279,-0.1471,0.022253,0.40853,-0.13988,0.040947,0.41902,-0.14713,-0.00085888,0.42482
-0.18517,0.030354,0.3889,-0.17739,0.010126,0.38827,-0.17135,0.020353,0.38447,-0.17389,-0.0026678,0.38971,-0.18886,0.014157,0.39088,-0.19035,0.0027548,0.39523,-0.16737,0.045997,0.3808,-0.18162,0.042609,0.42559,-0.18662,0.008,0.42785,-0.18509,0.025085,0.41715,-0.19094,0.035186,0.40146,-0.19698,0.0045491,0.40626,-0.18396,0.041805,0.38701,-0.17085,0.032725,0.38379,-0.1496,0.037547,0.39518,-0.16077,-0.0058039,0.40464,-0.14738,0.022193,0.40861,-0.13966,0.040883,0.41836,-0.14765,-0.0011303,0.42495
-0.18434,0.030416,0.38739,-0.17686,0.01024,0.38652,-0.17099,0.020279,0.38304,-0.17429,-0.0024705,0.38861,-0.18805,0.014305,0.38883,-0.18983,0.0028488,0.3923,-0.16669,0.045896,0.37953,-0.18227,0.042845,0.42558,-0.18745,0.0081201,0.4283,-0.18491,0.025816,0.41791,-0.1903,0.035509,0.40212,-0.19715,0.0049734,0.40609,-0.18312,0.042008,0.38531,-0.17031,0.032444,0.38225,-0.14865,0.037309,0.39268,-0.16003,-0.0057438,0.40052,-0.14669,0.022019,0.40557,-0.13956,0.040852,0.41805,-0.14697,-0.00085109,0.42167
-0.18412,0.030194,0.38616,-0.17749,0.010053,0.38631,-0.17116,0.020284,0.38305,-0.17458,-0.0025877,0.38831,-0.18847,0.014538,0.38946,-0.19079,0.0032416,0.39352,-0.16706,0.045759,0.37952,-0.1813,0.043335,0.42618,-0.18819,0.0079236,0.42761,-0.18569,0.025462,0.4178,-0.19071,0.035275,0.40219,-0.19517,0.0060299,0.40741,-0.1838,0.04192,0.38554,-0.17023,0.032483,0.38249,-0.1493,0.037473,0.3944,-0.16036,-0.0053773,0.40055,-0.14666,0.021927,0.40568,-0.13839,0.04051,0.41455,-0.14712,-0.00075399,0.42175
-0.18539,0.030459,0.38857,-0.17779,0.0105,0.38771,-0.17178,0.020293,0.38392,-0.17519,-0.0024986,0.39039,-0.18918,0.014903,0.3913,-0.18993,0.0037252,0.39442,-0.168,0.045577,0.38011,-0.18304,0.042334,0.42529,-0.18834,0.0080463,0.42913,-0.18627,0.025196,0.41746,-0.19061,0.036124,0.40193,-0.19627,0.0055127,0.40716,-0.1841,0.042221,0.38701,-0.17101,0.032579,0.38312,-0.14984,0.037606,0.3958,-0.16183,-0.0053588,0.40389,-0.14733,0.022023,0.40744,-0.13933,0.040493,0.41711,-0.14884,-0.00093532,0.42569
-0.18877,0.030141,0.38548,-0.17763,0.010933,0.38871,-0.17208,0.020456,0.38432,-0.17566,-0.002362,0.3904,-0.18898,0.015172,0.39103,-0.1911,0.0039899,0.39566,-0.1669,0.046042,0.38083,-0.18188,0.043044,0.42583,-0.1887,0.0089848,0.42855,-0.18624,0.026149,0.41755,-0.19066,0.036093,0.40255,-0.19671,0.0059993,0.4074,-0.18422,0.042232,0.38722,-0.17059,0.032662,0.38295,-0.14962,0.037552,0.39524,-0.16229,-0.0053585,0.40393,-0.14767,0.022046,0.40785,-0.13962,0.040626,0.41851,-0.14938,-0.0011295,0.42589
-0.18599,0.031141,0.38889,-0.17801,0.010745,0.38852,-0.17267,0.020592,0.3853,-0.17592,-0.0018284,0.39047,-0.18999,0.015429,0.39201,-0.19114,0.0045301,0.39566,-0.16681,0.046069,0.38081,-0.18184,0.043456,0.42659,-0.18774,0.010045,0.42893,-0.1865,0.026326,0.41775,-0.19203,0.035627,0.40188,-0.19422,0.0082281,0.40927,-0.18352,0.042371,0.38641,-0.17121,0.03251,0.38299,-0.1499,0.037568,0.39537,-0.16304,-0.0053674,0.40464,-0.14783,0.021758,0.40706,-0.13973,0.040734,0.41773,-0.14995,-0.00085978,0.42753
-0.18582,0.031171,0.38814,-0.1784,0.010783,0.38835,-0.17337,0.02013,0.38447,-0.1763,-0.0019407,0.38987,-0.19065,0.015708,0.39283,-0.19262,0.0044423,0.39623,-0.16722,0.046058,0.38082,-0.18134,0.04369,0.42642,-0.18777,0.010594,0.42959,-0.18707,0.026585,0.41733,-0.19153,0.035877,0.40217,-0.19546,0.0081487,0.40887,-0.18349,0.04242,0.38688,-0.17125,0.032518,0.3828,-0.1499,0.037516,0.3948,-0.16311,-0.0046618,0.40531,-0.14744,0.0217,0.40597,-0.13987,0.040776,0.41816,-0.15077,-0.0011353,0.42852
-0.1864,0.031257,0.38853,-0.17955,0.010925,0.38873,-0.17384,0.020498,0.38506,-0.17738,-0.0021444,0.38985,-0.19008,0.015856,0.39154,-0.19351,0.0040453,0.39204,-0.16707,0.046083,0.38087,-0.18237,0.043256,0.42598,-0.18872,0.010192,0.42945,-0.18906,0.026367,0.41665,-0.1907,0.036643,0.40276,-0.1937,0.0072938,0.4053,-0.18443,0.042303,0.38677,-0.17181,0.03235,0.38286,-0.15037,0.037159,0.39549,-0.16391,-0.005106,0.40524,-0.14801,0.021867,0.40714,-0.14055,0.040306,0.41965,-0.1508,-0.0008793,0.4277
-0.18602,0.031465,0.3892,-0.17944,0.011357,0.38966,-0.17328,0.020785,0.38565,-0.17766,-0.0019149,0.39067,-0.19125,0.016065,0.39204,-0.19505,0.0035368,0.39217,-0.16757,0.045755,0.38068,-0.18285,0.043123,0.42581,-0.18979,0.010086,0.42903,-0.18826,0.026742,0.41713,-0.19162,0.036467,0.40222,-0.19564,0.0074029,0.40834,-0.18419,0.042657,0.38763,-0.17136,0.032617,0.38334,-0.15033,0.037252,0.39654,-0.1647,-0.0049406,0.40539,-0.14826,0.021945,0.40794,-0.14015,0.040193,0.41847,-0.15188,-0.00093874,0.42897
-0.18668,0.031616,0.38879,-0.17996,0.011495,0.38989,-0.17385,0.021004,0.38602,-0.17784,-0.0018294,0.39003,-0.19088,0.016288,0.39257,-0.19515,0.0042322,0.39222,-0.16751,0.045868,0.38055,-0.18208,0.043557,0.42598,-0.18931,0.010502,0.42929,-0.18941,0.02674,0.41682,-0.19165,0.037033,0.40231,-0.19499,0.007436,0.40533,-0.18408,0.042663,0.38718,-0.17139,0.032916,0.38305,-0.15012,0.037097,0.39483,-0.16472,-0.0049358,0.40497,-0.14791,0.021783,0.40646,-0.14013,0.040186,0.4184,-0.15187,-0.001018,0.4283
-0.18658,0.031782,0.389,-0.1805,0.011253,0.38965,-0.1747,0.020855,0.38581,-0.17856,-0.0018062,0.39105,-0.19026,0.01673,0.39245,-0.19561,0.0042394,0.39228,-0.16808,0.045598,0.38044,-0.1822,0.044025,0.42617,-0.19097,0.010316,0.42849,-0.18911,0.027057,0.41712,-0.19168,0.037016,0.40229,-0.19633,0.0077205,0.40694,-0.18421,0.042526,0.38718,-0.17171,0.032752,0.38334,-0.1499,0.037041,0.39424,-0.1651,-0.0050442,0.40499,-0.14848,0.021603,0.40761,-0.14041,0.040075,0.41925,-0.15193,-0.00078579,0.4268
-0.18667,0.031781,0.38912,-0.1807,0.011654,0.38964,-0.17475,0.020808,0.38626,-0.17671,-0.00098378,0.39163,-0.19134,0.017001,0.39281,-0.19649,0.0040342,0.39233,-0.16754,0.045958,0.38083,-0.18276,0.044079,0.42587,-0.18834,0.011857,0.43064,-0.1912,0.02625,0.41599,-0.19144,0.037486,0.40238,-0.1969,0.007784,0.40743,-0.1845,0.042665,0.38709,-0.17159,0.032961,0.38357,-0.15028,0.036901,0.39548,-0.1654,-0.0049405,0.40537,-0.14837,0.021587,0.4073,-0.14045,0.040087,0.41937,-0.15235,-0.0011248,0.42633
-0.18578,0.03239,0.38895,-0.18029,0.011747,0.38946,-0.17446,0.02113,0.38629,-0.17876,-0.0012741,0.39182,-0.19248,0.017513,0.39646,-0.19606,0.0042385,0.39241,-0.16732,0.046215,0.38089,-0.18062,0.045073,0.42692,-0.18926,0.012365,0.43017,-0.19087,0.026751,0.41599,-0.19256,0.037337,0.40188,-0.19682,0.0084665,0.40769,-0.18347,0.042941,0.38737,-0.17113,0.033218,0.38388,-0.15041,0.037144,0.39628,-0.16602,-0.0049516,0.40639,-0.14865,0.021753,0.40685,-0.14021,0.040017,0.41864,-0.15269,-0.00087286,0.42683
-0.18639,0.032433,0.38871,-0.18085,0.011705,0.38977,-0.17532,0.020883,0.38596,-0.17914,-0.0012598,0.39127,-0.19158,0.017346,0.39314,-0.19713,0.0044239,0.39245,-0.16769,0.046045,0.38102,-0.18115,0.044959,0.42648,-0.18906,0.012663,0.43027,-0.19021,0.027773,0.4169,-0.19241,0.037933,0.40189,-0.19764,0.0085615,0.40745,-0.18425,0.04279,0.38683,-0.17231,0.032817,0.38385,-0.15026,0.036896,0.39543,-0.16584,-0.0049332,0.40486,-0.14893,0.021684,0.40699,-0.14015,0.040001,0.41848,-0.15267,-0.0006719,0.42723
-0.18616,0.032542,0.38882,-0.18108,0.011946,0.3899,-0.17515,0.021192,0.38682,-0.17944,-0.0011518,0.39178,-0.19197,0.017638,0.39304,-0.19796,0.0047259,0.39245,-0.16756,0.046164,0.38102,-0.1811,0.045297,0.42644,-0.19008,0.012926,0.43052,-0.19028,0.02793,0.41744,-0.19207,0.038429,0.4025,-0.19784,0.0090828,0.40766,-0.18405,0.043158,0.38712,-0.17244,0.032905,0.38384,-0.1503,0.036906,0.39553,-0.16685,-0.0049481,0.40621,-0.14962,0.021645,0.40827,-0.1404,0.040214,0.41784,-0.1536,-0.0004881,0.42743
-0.18677,0.033014,0.38968,-0.18132,0.011866,0.38934,-0.17533,0.021298,0.38704,-0.17976,-0.0010244,0.39199,-0.19279,0.017845,0.39528,-0.19848,0.0054311,0.3924,-0.16687,0.046518,0.38172,-0.18062,0.045627,0.427,-0.19146,0.012615,0.42964,-0.19105,0.028088,0.41689,-0.19203,0.03866,0.40247,-0.19741,0.0095993,0.40666,-0.18423,0.043271,0.38784,-0.17255,0.032781,0.38343,-0.15059,0.036998,0.39685,-0.1667,-0.0046312,0.404,-0.14958,0.021638,0.40814,-0.14062,0.040441,0.41953,-0.15299,-0.00048423,0.4252
-0.18637,0.033026,0.38905,-0.18133,0.012107,0.38926,-0.17611,0.021187,0.3865,-0.18072,-0.0010133,0.39155,-0.19246,0.018209,0.39326,-0.19886,0.0054906,0.39235,-0.16766,0.046035,0.38089,-0.18038,0.045476,0.42628,-0.19376,0.012016,0.42832,-0.1906,0.028717,0.41732,-0.19289,0.038583,0.40223,-0.19814,0.0098438,0.40731,-0.18412,0.043345,0.38749,-0.1717,0.032916,0.3831,-0.15066,0.036805,0.39627,-0.16768,-0.0045086,0.40599,-0.14997,0.021756,0.40872,-0.14025,0.03989,0.41823,-0.15368,-0.00066742,0.42608
-0.1863,0.033365,0.38897,-0.18301,0.011998,0.39042,-0.17553,0.021704,0.38693,-0.18057,-0.00074064,0.39157,-0.19285,0.01804,0.39308,-0.19983,0.0053524,0.39214,-0.16907,0.045345,0.38059,-0.18048,0.045442,0.4263,-0.19316,0.012701,0.42938,-0.19153,0.028877,0.41671,-0.19162,0.038981,0.40264,-0.19793,0.010593,0.40755,-0.18408,0.043333,0.38749,-0.17258,0.032874,0.38338,-0.15063,0.036752,0.39567,-0.16835,-0.0045265,0.40761,-0.15,0.021574,0.40856,-0.14056,0.039842,0.41833,-0.15396,-0.00048402,0.42583
-0.18707,0.033712,0.38968,-0.18241,0.0121,0.38964,-0.17613,0.021352,0.38673,-0.18143,-0.00087829,0.39181,-0.19317,0.018735,0.39449,-0.20046,0.0056996,0.39269,-0.16783,0.045956,0.38113,-0.1808,0.045532,0.42651,-0.19114,0.013981,0.43091,-0.19009,0.030064,0.41775,-0.1929,0.039115,0.40258,-0.19892,0.010821,0.40748,-0.18443,0.043468,0.38801,-0.17257,0.032886,0.38354,-0.15062,0.036612,0.39529,-0.16868,-0.0042728,0.40658,-0.15073,0.021742,0.41004,-0.14071,0.03987,0.41796,-0.15454,-0.00066494,0.42586
-0.18721,0.033582,0.38937,-0.18323,0.012012,0.38973,-0.17614,0.021627,0.38651,-0.18171,-0.00063879,0.39211,-0.19398,0.018758,0.39553,-0.20065,0.0057672,0.39251,-0.16799,0.045965,0.38137,-0.18064,0.045486,0.42595,-0.19247,0.014044,0.42969,-0.19008,0.030318,0.41785,-0.19398,0.038268,0.40162,-0.19759,0.011063,0.40657,-0.18418,0.043391,0.38706,-0.17225,0.033116,0.38349,-0.15063,0.036563,0.39474,-0.17075,-0.0041325,0.40545,-0.15046,0.021592,0.40883,-0.14079,0.039894,0.41821,-0.15521,-0.00020936,0.4277
-0.18713,0.033723,0.38916,-0.18339,0.01254,0.39,-0.17655,0.021639,0.38604,-0.18213,-0.00021195,0.39187,-0.19325,0.019345,0.39395,-0.20062,0.0062157,0.39283,-0.16788,0.04595,0.38148,-0.18074,0.045405,0.42605,-0.19211,0.01414,0.43042,-0.19047,0.030401,0.41748,-0.19275,0.039256,0.40207,-0.19858,0.011431,0.40732,-0.18432,0.04338,0.38754,-0.17186,0.033337,0.38313,-0.15079,0.036601,0.39515,-0.16959,-0.0041731,0.40657,-0.15087,0.021702,0.40921,-0.14078,0.039704,0.41761,-0.15585,-0.00048381,0.42818
-0.18691,0.0341,0.38887,-0.18339,0.012552,0.38904,-0.17626,0.021701,0.3864,-0.18278,-0.00021275,0.3917,-0.19371,0.019386,0.3933,-0.19984,0.0065701,0.3931,-0.16774,0.046195,0.38094,-0.18068,0.045461,0.42587,-0.19005,0.015917,0.43194,-0.18977,0.031088,0.41825,-0.19339,0.039258,0.40185,-0.19833,0.01197,0.40642,-0.18421,0.043491,0.38732,-0.17257,0.033297,0.38333,-0.15115,0.036689,0.3961,-0.17022,-0.0042622,0.40769,-0.15144,0.021783,0.41074,-0.14077,0.039701,0.41758,-0.1564,-0.00040388,0.42838
-0.18753,0.034111,0.38899,-0.18432,0.012708,0.39031,-0.17632,0.021717,0.38632,-0.18365,-0.00030825,0.39088,-0.19455,0.019796,0.39426,-0.19827,0.008854,0.3963,-0.16772,0.046282,0.38124,-0.18072,0.045535,0.42649,-0.19114,0.015545,0.43141,-0.19092,0.03069,0.41731,-0.19475,0.038976,0.40121,-0.20208,0.013228,0.40983,-0.18423,0.043573,0.38803,-0.17311,0.03318,0.38363,-0.15065,0.03643,0.39476,-0.17037,-0.0040786,0.40696,-0.15215,0.021717,0.41225,-0.14087,0.039731,0.41789,-0.15721,-0.00020664,0.4293
-0.18754,0.034477,0.38897,-0.18427,0.013217,0.38952,-0.1767,0.021624,0.38649,-0.18413,-0.00013634,0.39221,-0.1956,0.020037,0.39557,-0.20029,0.0079409,0.39371,-0.16839,0.045893,0.38102,-0.18049,0.045722,0.4261,-0.19114,0.01632,0.43181,-0.19059,0.030845,0.41751,-0.19193,0.040409,0.40282,-0.19884,0.012983,0.40637,-0.18391,0.043855,0.38749,-0.17324,0.033579,0.38413,-0.15082,0.036471,0.39521,-0.1841,0.00044178,0.41777,-0.15274,0.021908,0.41302,-0.14086,0.039728,0.41786,-0.15756,-0.00035993,0.42983
-0.18779,0.034645,0.3894,-0.1851,0.013271,0.39125,-0.17616,0.022026,0.38665,-0.18415,0.00026613,0.39229,-0.19791,0.01836,0.3898,-0.19849,0.0099969,0.39758,-0.16773,0.046384,0.38161,-0.18057,0.04576,0.42651,-0.19233,0.01643,0.4317,-0.19078,0.031485,0.41817,-0.19311,0.040376,0.40167,-0.20215,0.014198,0.40964,-0.18412,0.043986,0.38756,-0.17343,0.033677,0.38481,-0.15107,0.036377,0.39619,-0.18591,-4.2871e-06,0.41764,-0.15246,0.02168,0.41146,-0.14073,0.039591,0.41883,-0.15779,-0.00011306,0.42905
-0.18808,0.034324,0.38901,-0.18507,0.013875,0.39255,-0.17686,0.021928,0.38634,-0.18435,0.00059573,0.39241,-0.19556,0.020535,0.39476,-0.19837,0.010098,0.39772,-0.16802,0.046034,0.38073,-0.18066,0.04598,0.42675,-0.19221,0.016657,0.43105,-0.19054,0.03183,0.41824,-0.19178,0.041412,0.40254,-0.20325,0.014377,0.40946,-0.18412,0.044129,0.38777,-0.17319,0.033664,0.3844,-0.15163,0.036664,0.39731,-0.18571,0.00023266,0.41655,-0.15238,0.021669,0.41125,-0.14095,0.039911,0.41904,-0.15816,-0.00020456,0.4293
-0.18785,0.034762,0.38909,-0.18537,0.013737,0.39189,-0.17668,0.022209,0.38647,-0.18455,0.001072,0.39438,-0.19652,0.020697,0.39539,-0.20144,0.0088136,0.39404,-0.16826,0.046082,0.38125,-0.18111,0.045704,0.42666,-0.1918,0.017434,0.43206,-0.19055,0.03186,0.41792,-0.19203,0.041639,0.40251,-0.20027,0.013379,0.40659,-0.18471,0.043877,0.3873,-0.17323,0.033426,0.38346,-0.15324,0.036797,0.40071,-0.18762,0.00017329,0.41733,-0.15275,0.021848,0.41183,-0.14102,0.039673,0.41971,-0.15868,-0.00011101,0.4289
-0.18698,0.035251,0.38912,-0.18496,0.01426,0.39187,-0.17496,0.023037,0.38757,-0.18562,0.00084414,0.39343,-0.19839,0.019478,0.39013,-0.1989,0.011068,0.39816,-0.16712,0.046625,0.38198,-0.18076,0.045799,0.42708,-0.19104,0.018222,0.43312,-0.18979,0.032754,0.41831,-0.19127,0.04203,0.40295,-0.20278,0.015228,0.41034,-0.18416,0.044013,0.38777,-0.17275,0.033907,0.38427,-0.15179,0.03645,0.39693,-0.18899,0.00016558,0.41582,-0.15267,0.021712,0.41088,-0.1411,0.039697,0.41996,-0.15864,0.00025537,0.42802
-0.18794,0.034905,0.38845,-0.18515,0.014222,0.39047,-0.17694,0.022237,0.38605,-0.1851,0.0012257,0.39278,-0.19597,0.021231,0.39427,-0.19885,0.011055,0.39651,-0.16795,0.045841,0.37994,-0.18051,0.045486,0.42403,-0.189,0.019469,0.4339,-0.18945,0.033115,0.4191,-0.19281,0.041523,0.40216,-0.20372,0.015019,0.41023,-0.18396,0.043846,0.38625,-0.17293,0.033442,0.38261,-0.15196,0.03649,0.39736,-0.18871,0.00047927,0.41586,-0.15238,0.021515,0.40961,-0.14074,0.039223,0.41479,-0.15876,0.00040808,0.42664
-0.18799,0.035127,0.38882,-0.18566,0.014304,0.39146,-0.17706,0.022433,0.38681,-0.18569,0.0013546,0.39328,-0.19629,0.02121,0.39391,-0.2027,0.0095721,0.39384,-0.16826,0.046029,0.38103,-0.18129,0.04558,0.42609,-0.18956,0.019616,0.43377,-0.18865,0.034027,0.41925,-0.19326,0.041403,0.40161,-0.20131,0.014826,0.40629,-0.18474,0.043818,0.38743,-0.17366,0.033745,0.38425,-0.15141,0.036358,0.39593,-0.18911,0.00062892,0.41402,-0.15264,0.021658,0.40981,-0.14137,0.039524,0.41802,-0.1601,0.00025967,0.42939
-0.18754,0.035883,0.38866,-0.18526,0.014624,0.39145,-0.17673,0.022709,0.38714,-0.18568,0.0019324,0.39422,-0.19679,0.021858,0.39421,-0.20276,0.0097154,0.39434,-0.1679,0.045998,0.38095,-0.18123,0.045475,0.42637,-0.19038,0.019775,0.43388,-0.18996,0.034117,0.41923,-0.19257,0.041957,0.40212,-0.20173,0.015307,0.40695,-0.18467,0.043813,0.38759,-0.17388,0.033737,0.38475,-0.15166,0.036418,0.39658,-0.1905,0.00098692,0.41399,-0.153,0.021614,0.41004,-0.14136,0.039264,0.41846,-0.16009,0.00071778,0.42808
-0.18774,0.036205,0.38884,-0.18595,0.014705,0.39163,-0.17744,0.022539,0.38726,-0.18577,0.0023945,0.39391,-0.20055,0.019682,0.38944,-0.20321,0.01018,0.39456,-0.16791,0.046236,0.38132,-0.18099,0.045679,0.42585,-0.19206,0.020066,0.43265,-0.18769,0.035577,0.42032,-0.19225,0.042339,0.40232,-0.20142,0.015997,0.40789,-0.18434,0.043964,0.38704,-0.17389,0.033714,0.38441,-0.15194,0.036484,0.3973,-0.19341,0.0013154,0.41231,-0.15335,0.021686,0.41026,-0.14139,0.03953,0.41808,-0.16013,0.00071785,0.4282
