-0.17582,0.024626,0.38506,-0.16167,0.0094386,0.38094,-0.16186,0.020744,0.3794,-0.15494,-0.001609,0.3784,-0.17456,0.0077431,0.387,-0.17129,-0.0043248,0.38495,-0.16719,0.04559,0.37894,-0.17703,0.035192,0.42464,-0.16698,-0.0012139,0.42289,-0.17798,0.013947,0.41133,-0.18276,0.027355,0.40052,-0.17646,-0.0053277,0.39909,-0.18033,0.038325,0.38558,-0.16498,0.03243,0.38134,-0.14417,0.040967,0.38841,-0.13701,-0.0003555,0.39069,-0.13637,0.027022,0.40003,-0.13501,0.04396,0.4129,-0.1268,0.0040041,0.41475
-0.17522,0.024665,0.38394,-0.1613,0.0094005,0.38035,-0.16066,0.020976,0.37887,-0.15433,-0.0013503,0.37805,-0.17417,0.0077589,0.38503,-0.1704,-0.003981,0.3844,-0.16644,0.045691,0.37838,-0.17628,0.035017,0.42474,-0.16561,-0.00065147,0.42321,-0.17774,0.013972,0.4111,-0.18363,0.026783,0.39961,-0.17667,-0.0053315,0.39883,-0.17954,0.038272,0.38476,-0.16503,0.032289,0.3803,-0.14349,0.040748,0.38636,-0.13786,1.8822e-05,0.38904,-0.13611,0.026875,0.39893,-0.13419,0.043642,0.40997,-0.12613,0.0041162,0.41222
-0.17569,0.024742,0.38453,-0.16178,0.009404,0.38078,-0.16143,0.020833,0.37922,-0.15499,-0.0015282,0.37845,-0.17462,0.0078605,0.38603,-0.17118,-0.0040282,0.38485,-0.16678,0.045653,0.37868,-0.17672,0.035238,0.42472,-0.16664,-0.00076105,0.42317,-0.178,0.014165,0.41134,-0.18339,0.027182,0.40006,-0.17698,-0.0051678,0.39911,-0.17998,0.038367,0.38518,-0.16512,0.032353,0.38081,-0.14394,0.040783,0.38752,-0.1379,-0.0003171,0.39006,-0.13645,0.026831,0.39962,-0.13466,0.043718,0.41143,-0.12685,0.0039307,0.41362
-0.17595,0.024769,0.38489,-0.16203,0.0094029,0.38106,-0.16185,0.020736,0.37941,-0.15533,-0.0016371,0.37868,-0.17489,0.0078778,0.38657,-0.17151,-0.0040335,0.38522,-0.16698,0.045637,0.37887,-0.17697,0.035312,0.4247,-0.1671,-0.00082667,0.42318,-0.17801,0.014288,0.41152,-0.1832,0.027407,0.40032,-0.17719,-0.0051003,0.39925,-0.18023,0.038411,0.38544,-0.16516,0.032403,0.38112,-0.14423,0.040826,0.38834,-0.13827,-0.00044149,0.3909,-0.13666,0.026821,0.40012,-0.13493,0.043771,0.4123,-0.12726,0.0038221,0.41449
-0.17601,0.024788,0.38492,-0.16215,0.0093833,0.38119,-0.16189,0.020696,0.37942,-0.15546,-0.0016786,0.3788,-0.17505,0.0078609,0.38648,-0.17146,-0.0039251,0.38551,-0.16695,0.045656,0.37892,-0.177,0.03529,0.42471,-0.16704,-0.0007355,0.42329,-0.17783,0.01442,0.41166,-0.1832,0.027452,0.40031,-0.17749,-0.0050651,0.39932,-0.18025,0.038428,0.38548,-0.16521,0.03242,0.38114,-0.14436,0.040823,0.38867,-0.13916,-0.0004058,0.39143,-0.13679,0.026779,0.40037,-0.13495,0.043737,0.41231,-0.12743,0.0037429,0.41463
-0.17547,0.02486,0.38389,-0.1618,0.0093959,0.38049,-0.16088,0.020979,0.37899,-0.15492,-0.0013798,0.37838,-0.17455,0.0080085,0.38497,-0.17105,-0.003761,0.3845,-0.16633,0.045711,0.37834,-0.17634,0.035292,0.42482,-0.16623,-0.00029966,0.4234,-0.17814,0.014309,0.41121,-0.18409,0.026949,0.39953,-0.1773,-0.005004,0.39905,-0.17956,0.038396,0.38469,-0.16523,0.032257,0.38019,-0.14356,0.040583,0.38622,-0.13829,-0.0002454,0.38895,-0.13642,0.026662,0.39895,-0.13423,0.043475,0.40971,-0.12675,0.0039347,0.4122
-0.1757,0.024894,0.38416,-0.16202,0.0093884,0.38063,-0.16126,0.02092,0.37917,-0.15521,-0.0014691,0.37854,-0.1747,0.0080798,0.3855,-0.17152,-0.0038531,0.38456,-0.1665,0.045683,0.37846,-0.17656,0.035444,0.42482,-0.16685,-0.00040532,0.42332,-0.17842,0.014337,0.41125,-0.18403,0.027115,0.39975,-0.17734,-0.0049414,0.39917,-0.17977,0.038442,0.38486,-0.16527,0.032268,0.38041,-0.1437,0.040582,0.38658,-0.13771,-0.00051026,0.38906,-0.13652,0.026633,0.39913,-0.13445,0.043511,0.4104,-0.12706,0.0038531,0.4128
-0.17607,0.024786,0.38486,-0.16224,0.0092985,0.38118,-0.16189,0.020653,0.37942,-0.15552,-0.00177,0.37889,-0.17505,0.0078651,0.38639,-0.17157,-0.0039596,0.3855,-0.16686,0.045664,0.37888,-0.17701,0.035358,0.42475,-0.16723,-0.00075549,0.42331,-0.17795,0.014423,0.41168,-0.18342,0.027392,0.40024,-0.17768,-0.0051049,0.39938,-0.18023,0.038449,0.38542,-0.16525,0.032379,0.38104,-0.14435,0.04076,0.38856,-0.13883,-0.00065788,0.39111,-0.13683,0.026676,0.4003,-0.13491,0.043667,0.41211,-0.12751,0.0036241,0.41451
-0.17612,0.024905,0.38478,-0.16242,0.0093587,0.38119,-0.16193,0.020713,0.37945,-0.15576,-0.0016932,0.37897,-0.17521,0.0080206,0.3863,-0.17184,-0.0038047,0.38546,-0.16681,0.045673,0.37884,-0.17698,0.035471,0.42477,-0.16739,-0.00051002,0.42341,-0.17813,0.014593,0.41168,-0.18361,0.027483,0.40018,-0.17787,-0.0048858,0.39944,-0.18019,0.038502,0.38535,-0.16533,0.032374,0.38096,-0.14432,0.040689,0.38832,-0.13915,-0.00062245,0.39102,-0.13693,0.02662,0.40022,-0.1349,0.0436,0.41188,-0.12774,0.0036271,0.41436
-0.17607,0.024979,0.38498,-0.16235,0.0095972,0.38119,-0.1621,0.020846,0.37954,-0.1558,-0.0014534,0.37881,-0.17524,0.0081489,0.3868,-0.17202,-0.0037644,0.38524,-0.16708,0.045632,0.37892,-0.177,0.035474,0.4247,-0.16742,-0.00044347,0.42329,-0.17823,0.014598,0.41156,-0.18319,0.027719,0.4004,-0.17733,-0.0046645,0.39933,-0.1803,0.038494,0.38549,-0.16526,0.032456,0.38125,-0.14431,0.040794,0.38837,-0.13911,-0.00018699,0.39136,-0.13687,0.026839,0.40022,-0.13506,0.043765,0.41254,-0.12772,0.0039186,0.41474
-0.17635,0.024951,0.38512,-0.16267,0.0093877,0.38147,-0.16233,0.020641,0.37963,-0.15611,-0.0017618,0.37919,-0.1755,0.0080598,0.38681,-0.17216,-0.0037681,0.38581,-0.16701,0.045658,0.37902,-0.1772,0.03554,0.42475,-0.1678,-0.00051972,0.42343,-0.17812,0.014744,0.41186,-0.1834,0.027726,0.40043,-0.17807,-0.0047745,0.39957,-0.18043,0.038547,0.3856,-0.16538,0.032432,0.38127,-0.1446,0.040734,0.3891,-0.1397,-0.00066595,0.39191,-0.13715,0.026625,0.40071,-0.13516,0.043654,0.41271,-0.12815,0.0035511,0.41518
-0.1763,0.024992,0.38482,-0.16272,0.0093271,0.38131,-0.16211,0.020676,0.37954,-0.1561,-0.0017619,0.37919,-0.17544,0.0081273,0.38635,-0.17221,-0.0037194,0.3856,-0.16678,0.045681,0.37886,-0.17706,0.035621,0.42481,-0.1678,-0.00037963,0.4235,-0.17832,0.014768,0.41178,-0.18383,0.027582,0.40018,-0.17826,-0.0047474,0.39958,-0.18025,0.03857,0.38536,-0.16544,0.032359,0.38095,-0.14441,0.04061,0.38843,-0.13936,-0.00083931,0.39109,-0.13712,0.026493,0.40033,-0.13496,0.043517,0.4119,-0.12812,0.0034843,0.41451
-0.17617,0.02502,0.38461,-0.16264,0.0093649,0.38115,-0.1619,0.020761,0.37946,-0.15599,-0.0016575,0.37908,-0.17533,0.0081797,0.38606,-0.17213,-0.0036698,0.38534,-0.16667,0.045689,0.37874,-0.17691,0.03562,0.42483,-0.16761,-0.00026341,0.42352,-0.1784,0.014748,0.41167,-0.18397,0.027501,0.40003,-0.17815,-0.004699,0.39951,-0.1801,0.038562,0.3852,-0.16544,0.032334,0.38077,-0.14423,0.040569,0.38787,-0.1392,-0.00073332,0.39059,-0.13703,0.026497,0.40001,-0.13482,0.043479,0.41139,-0.12797,0.0035698,0.414
-0.17637,0.024968,0.38486,-0.16281,0.0092506,0.38144,-0.16214,0.020595,0.37955,-0.15617,-0.0018704,0.37933,-0.17554,0.0080546,0.38626,-0.17211,-0.003679,0.38591,-0.16674,0.0457,0.37891,-0.1771,0.035584,0.42482,-0.16776,-0.00038491,0.42359,-0.17812,0.014844,0.41194,-0.18385,0.027572,0.40017,-0.17858,-0.0048074,0.39966,-0.18027,0.038578,0.3854,-0.16548,0.032363,0.38096,-0.14455,0.040607,0.38881,-0.14003,-0.00091846,0.39155,-0.13724,0.026429,0.40059,-0.13498,0.043478,0.41192,-0.12825,0.0033531,0.41466
-0.17594,0.025014,0.38409,-0.16248,0.0092843,0.38084,-0.16138,0.020837,0.37923,-0.1557,-0.0016115,0.37893,-0.17508,0.0081842,0.38522,-0.17185,-0.0036278,0.38497,-0.16632,0.045726,0.37846,-0.17661,0.035606,0.4249,-0.16721,-0.0001189,0.42359,-0.17848,0.014676,0.41151,-0.18448,0.027185,0.39962,-0.17822,-0.0047718,0.39942,-0.17976,0.038543,0.3848,-0.16547,0.032234,0.38026,-0.14387,0.040435,0.38678,-0.13879,-0.00080857,0.38937,-0.13687,0.026379,0.39938,-0.13444,0.043314,0.41003,-0.12764,0.0035595,0.41279
-0.17604,0.02506,0.38442,-0.16257,0.0094194,0.38105,-0.16169,0.020843,0.37937,-0.1559,-0.0015407,0.37899,-0.1753,0.0082241,0.38574,-0.172,-0.003554,0.38522,-0.16657,0.045704,0.37864,-0.17676,0.035586,0.42483,-0.16732,-9.0184e-05,0.42359,-0.17835,0.014791,0.41161,-0.18407,0.027452,0.39989,-0.17812,-0.0046208,0.39944,-0.17996,0.038555,0.38506,-0.16545,0.032327,0.38062,-0.1441,0.040543,0.38748,-0.13955,-0.00052885,0.39041,-0.13699,0.02651,0.39981,-0.13468,0.043442,0.4109,-0.12786,0.0036562,0.41357
-0.17622,0.025226,0.3844,-0.16295,0.0094549,0.38118,-0.16186,0.020864,0.37946,-0.15637,-0.0015219,0.37923,-0.17563,0.0084264,0.3857,-0.17246,-0.0033335,0.38534,-0.16651,0.045721,0.37863,-0.17679,0.035774,0.42488,-0.16771,0.00023259,0.42376,-0.17859,0.015089,0.41172,-0.18435,0.027619,0.39984,-0.1786,-0.0043242,0.3996,-0.17998,0.038648,0.38502,-0.1656,0.032322,0.38057,-0.14417,0.040435,0.38745,-0.14022,-0.00061031,0.39055,-0.13724,0.026378,0.39989,-0.13472,0.043329,0.41076,-0.12836,0.0035555,0.4136
-0.17621,0.025227,0.38435,-0.16294,0.0094449,0.38112,-0.16183,0.020876,0.37945,-0.15634,-0.0015192,0.37921,-0.17558,0.0084417,0.38566,-0.1725,-0.0033593,0.38524,-0.16648,0.045719,0.37859,-0.17677,0.035799,0.42489,-0.16774,0.00022518,0.42374,-0.17867,0.015057,0.41167,-0.18443,0.027584,0.39981,-0.17856,-0.0043319,0.39959,-0.17995,0.038649,0.38498,-0.1656,0.032304,0.38051,-0.14411,0.040414,0.38726,-0.13991,-0.00066732,0.39027,-0.13721,0.026362,0.39976,-0.13469,0.043314,0.41063,-0.12832,0.0035567,0.41346
-0.17651,0.025225,0.38449,-0.16332,0.0092435,0.38141,-0.16208,0.020677,0.37956,-0.15672,-0.0018216,0.37962,-0.17587,0.0083879,0.38568,-0.17272,-0.0033377,0.3858,-0.16641,0.045746,0.3787,-0.17697,0.035899,0.42494,-0.1682,0.00019197,0.42389,-0.17862,0.015241,0.41197,-0.18467,0.027618,0.39983,-0.17935,-0.0043955,0.39985,-0.18008,0.038717,0.38508,-0.16573,0.032278,0.38053,-0.14441,0.040337,0.38797,-0.14052,-0.0011645,0.39081,-0.13752,0.026131,0.40024,-0.1348,0.043189,0.4108,-0.12882,0.0031794,0.41391
-0.17662,0.025268,0.38456,-0.16347,0.0092454,0.38152,-0.16221,0.020653,0.37962,-0.15692,-0.0018496,0.37974,-0.17603,0.00843,0.38576,-0.17288,-0.0032731,0.38596,-0.16643,0.04575,0.37874,-0.17703,0.03595,0.42495,-0.16837,0.00026212,0.42395,-0.17864,0.015353,0.41206,-0.1847,0.027706,0.39987,-0.17955,-0.0043144,0.39993,-0.18014,0.038749,0.38513,-0.16578,0.032289,0.38059,-0.14451,0.040322,0.38819,-0.14089,-0.0012044,0.39111,-0.13764,0.026091,0.40041,-0.13486,0.043169,0.41094,-0.12904,0.0031191,0.41412
-0.17684,0.025266,0.38503,-0.16363,0.0092931,0.38184,-0.16267,0.02056,0.37981,-0.15719,-0.001923,0.37991,-0.17628,0.0084014,0.38647,-0.17309,-0.0032952,0.38639,-0.16673,0.045724,0.37901,-0.17731,0.035947,0.42489,-0.1687,0.0001346,0.42391,-0.1785,0.015441,0.41225,-0.18425,0.027981,0.40024,-0.17959,-0.0042697,0.40003,-0.18044,0.038767,0.38549,-0.16577,0.032379,0.38104,-0.14486,0.04044,0.38928,-0.14149,-0.0011564,0.39234,-0.13782,0.026177,0.40105,-0.1352,0.043302,0.41214,-0.12937,0.0030882,0.41522
-0.17635,0.025273,0.38395,-0.16333,0.0091516,0.38119,-0.1616,0.020734,0.37935,-0.15662,-0.0017979,0.37961,-0.1758,0.0084313,0.38471,-0.17251,-0.0031607,0.38564,-0.16598,0.045804,0.37843,-0.17667,0.035914,0.42503,-0.16783,0.0004921,0.4241,-0.17864,0.015332,0.41193,-0.1853,0.027352,0.39937,-0.17976,-0.0043746,0.39984,-0.17973,0.038733,0.38467,-0.16583,0.032181,0.37998,-0.14413,0.040164,0.38703,-0.14087,-0.0012418,0.38992,-0.13751,0.02594,0.39976,-0.13442,0.04296,0.40931,-0.12872,0.0030859,0.41273
-0.17682,0.025468,0.38424,-0.16402,0.0091377,0.3816,-0.16217,0.020635,0.37962,-0.15747,-0.0019367,0.38014,-0.17642,0.0086496,0.3851,-0.17333,-0.0029381,0.38617,-0.16606,0.045814,0.37859,-0.17695,0.036203,0.42508,-0.16874,0.00076548,0.42431,-0.17891,0.015775,0.41225,-0.18552,0.027707,0.39953,-0.1806,-0.0040266,0.40018,-0.17997,0.038883,0.38486,-0.16606,0.032204,0.38017,-0.1445,0.040062,0.38777,-0.14191,-0.0015631,0.3908,-0.138,0.025735,0.40032,-0.13469,0.042851,0.40987,-0.12967,0.0028044,0.41353
-0.1771,0.025412,0.38482,-0.16416,0.009137,0.38193,-0.16274,0.020492,0.37986,-0.15771,-0.0020924,0.38031,-0.1766,0.0085761,0.38605,-0.17362,-0.0031165,0.38656,-0.16644,0.045768,0.3789,-0.17732,0.036226,0.42502,-0.16928,0.00044011,0.42416,-0.17887,0.015747,0.41241,-0.18501,0.027969,0.39999,-0.18051,-0.00409,0.4003,-0.18037,0.038892,0.38529,-0.16601,0.032285,0.38071,-0.14489,0.0402,0.38898,-0.14175,-0.0017085,0.39186,-0.13813,0.025825,0.40098,-0.13511,0.043025,0.41138,-0.12996,0.0027365,0.41485
-0.17727,0.02535,0.38496,-0.16427,0.0089919,0.38201,-0.16293,0.020364,0.37995,-0.1578,-0.0023047,0.38045,-0.1766,0.0085106,0.38628,-0.1738,-0.0032965,0.38666,-0.16647,0.045758,0.37896,-0.17749,0.036306,0.42505,-0.16971,0.00020415,0.42409,-0.17901,0.015669,0.41247,-0.18509,0.027937,0.40007,-0.18067,-0.0042463,0.40041,-0.18049,0.038908,0.38538,-0.16603,0.032251,0.38077,-0.14499,0.040176,0.38926,-0.14098,-0.0021601,0.39169,-0.13817,0.025724,0.4011,-0.1352,0.043006,0.41168,-0.13008,0.0025423,0.41516
-0.17701,0.025544,0.38433,-0.1643,0.0091144,0.38171,-0.16241,0.020601,0.37973,-0.1578,-0.0020052,0.38033,-0.1766,0.0087606,0.38529,-0.17376,-0.0029148,0.38623,-0.16608,0.045809,0.37863,-0.17706,0.036371,0.42512,-0.16924,0.00082769,0.42434,-0.17918,0.015897,0.41231,-0.18569,0.02782,0.39958,-0.18086,-0.0039036,0.40032,-0.18007,0.038947,0.3849,-0.16614,0.03219,0.38021,-0.14459,0.039995,0.38786,-0.14173,-0.0018165,0.39075,-0.13815,0.025632,0.4004,-0.1348,0.042799,0.41004,-0.13002,0.0026848,0.41375
-0.1774,0.025526,0.3847,-0.16473,0.0089392,0.38219,-0.16285,0.020346,0.37992,-0.15828,-0.0023419,0.38082,-0.17705,0.00865,0.38559,-0.17394,-0.0028648,0.38713,-0.16615,0.045831,0.37888,-0.17739,0.036407,0.42513,-0.16969,0.00074657,0.42451,-0.17889,0.016147,0.41276,-0.18564,0.027986,0.39978,-0.18171,-0.003965,0.40062,-0.18034,0.039012,0.3852,-0.16627,0.032225,0.38047,-0.14511,0.040002,0.38927,-0.1431,-0.0021895,0.3922,-0.13857,0.025462,0.4013,-0.13506,0.042749,0.4108,-0.13067,0.0022961,0.41479
-0.17766,0.025639,0.38467,-0.16515,0.0088424,0.38227,-0.16306,0.020293,0.38003,-0.15873,-0.0024752,0.38112,-0.17727,0.0088165,0.38559,-0.17455,-0.0028207,0.38715,-0.16604,0.045841,0.37884,-0.17749,0.03668,0.42522,-0.1704,0.00088222,0.4246,-0.17935,0.016323,0.41282,-0.18613,0.028043,0.39971,-0.18225,-0.003816,0.40083,-0.18038,0.039113,0.38512,-0.16643,0.032159,0.38034,-0.14513,0.039837,0.38908,-0.14268,-0.0026938,0.3917,-0.13878,0.025225,0.40123,-0.13509,0.042589,0.41058,-0.13115,0.0020543,0.41474
-0.17753,0.025603,0.38473,-0.16496,0.008936,0.38231,-0.16298,0.020326,0.37998,-0.15855,-0.0023706,0.381,-0.17726,0.0087297,0.38559,-0.17416,-0.002744,0.38731,-0.16612,0.045844,0.3789,-0.17743,0.036493,0.42515,-0.1699,0.00089958,0.42463,-0.17894,0.016325,0.41287,-0.18577,0.028084,0.39978,-0.18205,-0.0038304,0.40073,-0.18037,0.039063,0.38521,-0.16635,0.032228,0.38047,-0.1452,0.039953,0.38943,-0.14366,-0.0022569,0.39248,-0.13874,0.025379,0.40146,-0.1351,0.042687,0.41081,-0.13098,0.0022023,0.41492
-0.17783,0.025754,0.38469,-0.16546,0.008843,0.38236,-0.16325,0.020289,0.38013,-0.15909,-0.0025011,0.38132,-0.1775,0.0089709,0.38566,-0.175,-0.0027203,0.3872,-0.16602,0.045845,0.37884,-0.17756,0.036862,0.42526,-0.17086,0.0010554,0.42469,-0.17963,0.016508,0.41288,-0.18637,0.028164,0.39971,-0.18258,-0.0036218,0.40097,-0.18043,0.039189,0.38511,-0.16654,0.032143,0.38032,-0.14519,0.039747,0.38905,-0.14276,-0.0028833,0.39164,-0.13896,0.025107,0.40126,-0.13515,0.042506,0.41057,-0.13154,0.001948,0.41483
-0.1775,0.025884,0.38392,-0.16538,0.0088784,0.38197,-0.16254,0.020498,0.37983,-0.15891,-0.0022621,0.38116,-0.17737,0.0091331,0.38439,-0.17473,-0.0023945,0.38673,-0.16551,0.045911,0.37844,-0.17705,0.036871,0.42535,-0.1702,0.0016067,0.42495,-0.17971,0.016647,0.4127,-0.18709,0.027885,0.39909,-0.18281,-0.0034278,0.40085,-0.1799,0.039202,0.38453,-0.16664,0.032045,0.3796,-0.14471,0.039544,0.38746,-0.14332,-0.0026419,0.39038,-0.13886,0.02497,0.40044,-0.13462,0.042254,0.40854,-0.1313,0.0020363,0.4131
-0.17746,0.025734,0.38419,-0.16513,0.0088708,0.38203,-0.16263,0.020427,0.37985,-0.15865,-0.0023206,0.38103,-0.17722,0.0089344,0.3848,-0.17441,-0.0026002,0.38687,-0.16572,0.045882,0.37859,-0.17718,0.0367,0.42527,-0.17002,0.0012515,0.42478,-0.17942,0.016432,0.41271,-0.1866,0.027884,0.39933,-0.18242,-0.0036699,0.40077,-0.18005,0.039128,0.38476,-0.1665,0.032099,0.37989,-0.14484,0.039704,0.38809,-0.14308,-0.0025414,0.39094,-0.13874,0.025134,0.40072,-0.13477,0.042426,0.40932,-0.13103,0.0021067,0.41367
-0.17845,0.025888,0.38514,-0.16625,0.0087078,0.38289,-0.164,0.020064,0.38047,-0.16003,-0.0028306,0.382,-0.17816,0.0091056,0.38626,-0.17591,-0.0026267,0.38794,-0.16614,0.04585,0.3791,-0.17799,0.037183,0.42532,-0.17206,0.0011286,0.42486,-0.1799,0.016912,0.4133,-0.18659,0.028514,0.39997,-0.18361,-0.0034142,0.40142,-0.1808,0.039349,0.38541,-0.16678,0.032154,0.38061,-0.14571,0.039647,0.39023,-0.14348,-0.0035333,0.39267,-0.13952,0.024829,0.40205,-0.13554,0.042394,0.41148,-0.13262,0.0014936,0.41601
-0.17832,0.026011,0.38471,-0.16633,0.0087397,0.38275,-0.16364,0.020179,0.38033,-0.16007,-0.0026926,0.382,-0.17822,0.0092412,0.3855,-0.17584,-0.0023419,0.38781,-0.16583,0.045898,0.37888,-0.17772,0.037217,0.42538,-0.17173,0.0015601,0.42509,-0.17992,0.017113,0.41327,-0.18705,0.028417,0.39961,-0.18394,-0.0032132,0.4014,-0.18051,0.039383,0.38509,-0.16688,0.032107,0.3802,-0.1455,0.03951,0.38944,-0.14433,-0.0033705,0.39222,-0.13958,0.024715,0.4017,-0.13525,0.042218,0.41031,-0.13266,0.0015053,0.41509
-0.17909,0.026036,0.38529,-0.16718,0.0084116,0.38338,-0.16454,0.019784,0.38073,-0.16102,-0.0032891,0.38283,-0.17885,0.009232,0.38626,-0.17678,-0.0024519,0.38877,-0.16595,0.0459,0.37921,-0.17833,0.037559,0.42547,-0.17325,0.001334,0.42521,-0.18019,0.017412,0.4138,-0.18733,0.028681,0.39994,-0.18519,-0.0032565,0.40196,-0.181,0.039543,0.38549,-0.16713,0.032082,0.38054,-0.14616,0.039401,0.39106,-0.14446,-0.0044939,0.39322,-0.14018,0.024328,0.4027,-0.13572,0.042085,0.41151,-0.13381,0.0008137,0.4166
-0.17876,0.026121,0.38541,-0.16678,0.0088636,0.38327,-0.16446,0.020079,0.38069,-0.16076,-0.0027559,0.38237,-0.17878,0.0093555,0.38662,-0.17651,-0.0022628,0.38842,-0.16628,0.045859,0.37926,-0.17816,0.037354,0.42531,-0.17253,0.0015587,0.4251,-0.17995,0.017402,0.41357,-0.18654,0.028952,0.40015,-0.18417,-0.0029354,0.40163,-0.18099,0.039468,0.38561,-0.16695,0.03224,0.38087,-0.14604,0.039624,0.39095,-0.14533,-0.0033351,0.394,-0.13996,0.024787,0.40263,-0.13579,0.042368,0.41209,-0.13343,0.0014428,0.41678
-0.17909,0.026072,0.38535,-0.16721,0.0084795,0.38348,-0.16457,0.019801,0.38074,-0.1611,-0.0032284,0.38286,-0.17899,0.0092431,0.38627,-0.1767,-0.0023167,0.38897,-0.16599,0.045909,0.37926,-0.17832,0.037505,0.42544,-0.17308,0.0014604,0.42529,-0.17999,0.017535,0.41389,-0.18719,0.028779,0.39998,-0.18528,-0.0031594,0.40196,-0.18102,0.039547,0.38555,-0.16714,0.032128,0.38062,-0.14626,0.03944,0.39135,-0.14543,-0.0042483,0.39387,-0.14027,0.024375,0.40292,-0.13576,0.042107,0.41165,-0.13391,0.00085718,0.41678
-0.17932,0.026138,0.38557,-0.16754,0.0084712,0.38384,-0.16485,0.019703,0.38086,-0.16151,-0.0033221,0.38319,-0.17942,0.009248,0.38639,-0.17681,-0.0021024,0.38963,-0.16604,0.045933,0.37943,-0.17847,0.037509,0.42543,-0.1732,0.0016288,0.42551,-0.17969,0.017849,0.41423,-0.1871,0.028991,0.4001,-0.18589,-0.0030228,0.40215,-0.18116,0.039603,0.38574,-0.16724,0.032189,0.38081,-0.14662,0.039455,0.39229,-0.14723,-0.0041958,0.39523,-0.14062,0.024308,0.40359,-0.13592,0.042076,0.41209,-0.13443,0.00069187,0.41744
-0.17933,0.026463,0.38551,-0.16777,0.0088395,0.38361,-0.16507,0.020033,0.381,-0.16194,-0.0028785,0.38304,-0.17953,0.0098001,0.38683,-0.17786,-0.0019395,0.38871,-0.1662,0.045878,0.3793,-0.17839,0.037895,0.42544,-0.17392,0.0020833,0.4254,-0.18072,0.017999,0.41382,-0.18726,0.029332,0.40015,-0.18532,-0.0023601,0.40208,-0.18116,0.039704,0.38561,-0.16731,0.032196,0.38083,-0.14627,0.039352,0.39104,-0.14587,-0.0039406,0.39404,-0.14056,0.024405,0.40284,-0.136,0.042106,0.41209,-0.13469,0.0010674,0.41715
-0.17959,0.026425,0.38571,-0.16805,0.0086638,0.3839,-0.16532,0.019835,0.3811,-0.16222,-0.003159,0.38339,-0.17978,0.0096957,0.38693,-0.17795,-0.001946,0.38931,-0.16619,0.045898,0.37944,-0.1786,0.037924,0.42547,-0.17424,0.0019848,0.42551,-0.18054,0.018132,0.41413,-0.18734,0.029373,0.40023,-0.18596,-0.0024692,0.4023,-0.18131,0.039745,0.38577,-0.1674,0.032194,0.38093,-0.14659,0.039331,0.39189,-0.14657,-0.004317,0.3948,-0.14083,0.024245,0.40339,-0.13613,0.042039,0.41245,-0.13508,0.0007487,0.41772
-0.1796,0.026315,0.38575,-0.16801,0.0085355,0.38412,-0.16522,0.019687,0.38104,-0.16212,-0.0033261,0.38352,-0.17989,0.0094466,0.38663,-0.17737,-0.0018607,0.38998,-0.1661,0.045942,0.37953,-0.17861,0.037694,0.42545,-0.17372,0.0019316,0.42569,-0.17984,0.018215,0.41443,-0.1872,0.029289,0.4002,-0.18642,-0.0026833,0.40235,-0.18131,0.039709,0.38586,-0.1674,0.032226,0.38095,-0.14686,0.039396,0.39275,-0.14832,-0.0042266,0.39599,-0.14097,0.02421,0.40397,-0.13611,0.042015,0.41244,-0.1351,0.0005775,0.41796
-0.17968,0.02658,0.38574,-0.16832,0.0087865,0.38412,-0.16542,0.01988,0.38115,-0.16259,-0.0030466,0.38357,-0.18018,0.0098288,0.38683,-0.17806,-0.0015888,0.38969,-0.16618,0.045927,0.37949,-0.17858,0.037939,0.42546,-0.17414,0.0023947,0.42577,-0.18034,0.018505,0.41433,-0.18732,0.029601,0.40023,-0.18639,-0.0021458,0.40239,-0.18132,0.039805,0.38581,-0.1675,0.032257,0.38099,-0.14677,0.03932,0.39227,-0.14855,-0.0039662,0.39586,-0.14111,0.024232,0.40376,-0.13618,0.041994,0.41246,-0.13551,0.00075721,0.41793
-0.17995,0.026636,0.38586,-0.16871,0.008677,0.3844,-0.16566,0.019748,0.38126,-0.16302,-0.0032362,0.38395,-0.18054,0.0098472,0.38684,-0.17831,-0.0014609,0.39021,-0.16612,0.045954,0.37959,-0.17873,0.038039,0.4255,-0.17451,0.0025064,0.42596,-0.18028,0.018765,0.41462,-0.18752,0.029707,0.40025,-0.18712,-0.0020753,0.40262,-0.18142,0.03988,0.3859,-0.16765,0.032255,0.38102,-0.14705,0.039251,0.39288,-0.14956,-0.004249,0.39655,-0.14144,0.024048,0.40421,-0.13629,0.041883,0.41259,-0.13605,0.00047485,0.41833
-0.18017,0.026767,0.38582,-0.1691,0.0086279,0.38444,-0.16586,0.019735,0.38137,-0.16345,-0.0033099,0.38419,-0.18074,0.010047,0.38688,-0.17895,-0.0014093,0.39013,-0.16605,0.045957,0.37954,-0.17881,0.038317,0.42558,-0.1752,0.0026669,0.42602,-0.18079,0.018931,0.41463,-0.18796,0.029789,0.4002,-0.18753,-0.0018811,0.4028,-0.18146,0.039979,0.38582,-0.1678,0.032198,0.38091,-0.14703,0.039096,0.3926,-0.14904,-0.0046695,0.39598,-0.14161,0.02385,0.40407,-0.13632,0.041746,0.4124,-0.13649,0.00030009,0.41826
-0.18019,0.026925,0.38578,-0.16927,0.008785,0.38448,-0.16592,0.019849,0.38141,-0.16372,-0.0031278,0.38423,-0.18096,0.010248,0.38686,-0.17921,-0.0011706,0.39009,-0.16606,0.045962,0.37952,-0.17875,0.038404,0.42557,-0.17526,0.0030095,0.42614,-0.18091,0.019159,0.41463,-0.18801,0.029971,0.40018,-0.18761,-0.0015535,0.40282,-0.18143,0.040029,0.38578,-0.16786,0.03223,0.38091,-0.14702,0.039063,0.39242,-0.14979,-0.0043912,0.3962,-0.14173,0.023871,0.40404,-0.13634,0.041724,0.41231,-0.13674,0.00040934,0.41821
-0.18039,0.027015,0.3857,-0.16962,0.0086836,0.38453,-0.16604,0.019801,0.38147,-0.16407,-0.0032499,0.38449,-0.18114,0.010372,0.38674,-0.17966,-0.0011145,0.39013,-0.16592,0.045979,0.37946,-0.1788,0.038618,0.42566,-0.17578,0.0031449,0.42624,-0.18125,0.019316,0.4147,-0.18847,0.029981,0.40007,-0.18812,-0.0014464,0.403,-0.18142,0.040112,0.38569,-0.16801,0.032166,0.38075,-0.14703,0.038911,0.39222,-0.14956,-0.00482,0.39576,-0.14191,0.02365,0.40397,-0.13632,0.041565,0.41197,-0.13713,0.00018542,0.41806
-0.18076,0.027274,0.38613,-0.17016,0.0089118,0.38479,-0.16675,0.019875,0.38182,-0.16486,-0.0031222,0.38475,-0.18163,0.010758,0.3877,-0.18078,-0.00097509,0.3901,-0.16626,0.045929,0.37964,-0.17909,0.038973,0.42564,-0.17687,0.0033949,0.42622,-0.18189,0.019629,0.41473,-0.18835,0.030515,0.40044,-0.18816,-0.00090561,0.40318,-0.18175,0.040247,0.38595,-0.16813,0.032239,0.38117,-0.14723,0.038891,0.39257,-0.14944,-0.0048265,0.39624,-0.1422,0.023675,0.40422,-0.13673,0.041634,0.4131,-0.1379,0.00025074,0.41904
-0.18095,0.027252,0.38594,-0.17048,0.0086079,0.38491,-0.16668,0.019682,0.38179,-0.16508,-0.0034594,0.38512,-0.18179,0.010674,0.38713,-0.1808,-0.00093153,0.39054,-0.16593,0.045987,0.37958,-0.17912,0.039061,0.42576,-0.17709,0.0034321,0.42645,-0.18184,0.019781,0.41498,-0.18898,0.030322,0.40018,-0.18913,-0.0010599,0.40342,-0.18167,0.040307,0.3858,-0.1683,0.032139,0.38084,-0.14735,0.038716,0.39269,-0.14991,-0.0054645,0.39607,-0.14245,0.023324,0.40436,-0.13659,0.041378,0.41236,-0.13824,-0.00020733,0.41874
-0.18087,0.027484,0.38595,-0.17054,0.0089761,0.38486,-0.16678,0.019947,0.38185,-0.16532,-0.0030324,0.38497,-0.18198,0.011006,0.38738,-0.18118,-0.000641,0.39019,-0.1661,0.045962,0.37956,-0.17901,0.039153,0.4257,-0.17708,0.0038811,0.42647,-0.18209,0.019998,0.41482,-0.18876,0.030653,0.40027,-0.18871,-0.00053069,0.40332,-0.18166,0.040347,0.3858,-0.16831,0.032225,0.38099,-0.14723,0.038747,0.39227,-0.15051,-0.0047882,0.39629,-0.14246,0.023524,0.40417,-0.13667,0.041471,0.41255,-0.13839,0.00018056,0.41875
-0.18186,0.027568,0.38769,-0.17137,0.0091418,0.386,-0.16867,0.019623,0.38269,-0.1666,-0.0033293,0.38571,-0.18298,0.011081,0.3902,-0.18255,-0.00077757,0.39151,-0.16723,0.045846,0.38048,-0.18012,0.039396,0.42553,-0.17896,0.0034491,0.42628,-0.18213,0.020356,0.41543,-0.18741,0.031736,0.40163,-0.18891,-0.00022382,0.4038,-0.18285,0.040482,0.38708,-0.16834,0.032508,0.38262,-0.14847,0.039076,0.39588,-0.15154,-0.0049728,0.40004,-0.14317,0.023729,0.40629,-0.13796,0.0419,0.41698,-0.13984,-2.7757e-06,0.4228
-0.18217,0.027657,0.38785,-0.1718,0.0090712,0.38623,-0.16902,0.019525,0.38285,-0.1671,-0.0034855,0.38606,-0.18332,0.011185,0.39044,-0.18307,-0.00071604,0.39181,-0.16725,0.045851,0.38057,-0.18031,0.039595,0.42558,-0.17962,0.0035297,0.42638,-0.18235,0.020574,0.41562,-0.18762,0.031899,0.40171,-0.18946,-8.8135e-05,0.40403,-0.183,0.040574,0.38718,-0.16848,0.032498,0.3827,-0.14869,0.038994,0.39631,-0.15178,-0.0053421,0.40035,-0.14345,0.02356,0.40659,-0.13812,0.041814,0.41729,-0.14041,-0.00023963,0.42326
-0.18218,0.027863,0.38749,-0.17211,0.0091181,0.38621,-0.16883,0.019627,0.38278,-0.16744,-0.0033633,0.38623,-0.1836,0.011414,0.38975,-0.18327,-0.00031808,0.39184,-0.16694,0.045906,0.3804,-0.1801,0.039725,0.42565,-0.17955,0.0041067,0.4267,-0.18246,0.020949,0.41569,-0.18817,0.031927,0.40138,-0.19009,0.00026537,0.40412,-0.18277,0.04066,0.3869,-0.16867,0.032461,0.38233,-0.14858,0.038817,0.3957,-0.15311,-0.005231,0.4002,-0.14368,0.023381,0.40639,-0.13791,0.041594,0.41622,-0.14077,-0.0003021,0.42254
-0.18251,0.027872,0.38764,-0.17254,0.0089168,0.38656,-0.16911,0.019416,0.3829,-0.16787,-0.0036744,0.38668,-0.18397,0.011358,0.38974,-0.18348,-0.00024565,0.39253,-0.16686,0.04594,0.38052,-0.18031,0.039815,0.4257,-0.17997,0.0041184,0.4269,-0.18233,0.021192,0.41606,-0.18841,0.031987,0.40141,-0.19099,0.00022583,0.40441,-0.18291,0.040735,0.38702,-0.16882,0.032445,0.38237,-0.14893,0.038742,0.39655,-0.15412,-0.0056951,0.40098,-0.14404,0.023138,0.40698,-0.13803,0.041459,0.4164,-0.14134,-0.0007035,0.42306
-0.18262,0.028066,0.38791,-0.17274,0.0092051,0.38666,-0.1695,0.019567,0.3831,-0.16827,-0.0034136,0.38669,-0.18423,0.011647,0.39041,-0.18409,-9.2528e-05,0.39236,-0.16717,0.045897,0.38063,-0.18041,0.039976,0.42565,-0.18041,0.004363,0.42686,-0.18267,0.021382,0.41598,-0.18811,0.032393,0.40168,-0.19068,0.00067223,0.40441,-0.18309,0.040796,0.3872,-0.16884,0.032535,0.3827,-0.149,0.038791,0.39665,-0.15428,-0.0053275,0.40143,-0.14414,0.023295,0.40706,-0.13828,0.041584,0.41721,-0.14169,-0.00045547,0.42364
-0.18293,0.028297,0.3881,-0.17326,0.0093217,0.38686,-0.16995,0.019607,0.38332,-0.16897,-0.0033573,0.38699,-0.18469,0.011964,0.39083,-0.18495,0.00011088,0.39244,-0.16728,0.045885,0.3807,-0.18058,0.04028,0.42568,-0.18122,0.0046883,0.42696,-0.18315,0.021725,0.41607,-0.18828,0.032746,0.40182,-0.19104,0.0011163,0.40462,-0.18325,0.040925,0.38729,-0.169,0.032558,0.38285,-0.14914,0.0387,0.39678,-0.15459,-0.0054304,0.4017,-0.14445,0.023202,0.40721,-0.1385,0.04153,0.41762,-0.1424,-0.00051177,0.42411
-0.18281,0.028401,0.38793,-0.17324,0.0094659,0.38673,-0.16983,0.019757,0.38327,-0.16898,-0.0031427,0.38687,-0.18468,0.012119,0.39067,-0.18504,0.00025352,0.39213,-0.16724,0.045885,0.3806,-0.18042,0.040319,0.42568,-0.18108,0.0049391,0.42699,-0.1833,0.021795,0.41593,-0.18835,0.032792,0.40172,-0.19085,0.0013346,0.40453,-0.18313,0.040936,0.38715,-0.16901,0.032564,0.38275,-0.14896,0.03867,0.39621,-0.15469,-0.005145,0.40137,-0.1444,0.023257,0.4069,-0.13841,0.04152,0.41725,-0.14235,-0.00033207,0.4237
-0.18288,0.028496,0.38777,-0.17346,0.0094344,0.38675,-0.16978,0.019766,0.38327,-0.1692,-0.0031559,0.38702,-0.18484,0.012226,0.39036,-0.18522,0.00041277,0.39219,-0.16708,0.045913,0.38052,-0.18037,0.040426,0.42573,-0.18121,0.005181,0.42715,-0.18342,0.021981,0.416,-0.1887,0.032792,0.40156,-0.19128,0.0014766,0.40463,-0.18305,0.040993,0.38702,-0.16913,0.032528,0.38256,-0.14894,0.038556,0.39596,-0.15515,-0.0052616,0.4012,-0.14454,0.023111,0.40683,-0.13832,0.041383,0.41674,-0.1426,-0.00044571,0.4234
-0.18269,0.028615,0.3876,-0.17334,0.009662,0.38649,-0.16966,0.019995,0.38323,-0.16914,-0.0028337,0.38675,-0.18472,0.012448,0.39037,-0.18542,0.00048786,0.39157,-0.16712,0.045887,0.38039,-0.18019,0.0405,0.42572,-0.18115,0.0053997,0.42706,-0.18378,0.021952,0.41569,-0.18869,0.032863,0.40151,-0.19072,0.0017452,0.40446,-0.18293,0.040993,0.38687,-0.16909,0.032536,0.38249,-0.14863,0.038544,0.39505,-0.15446,-0.0048972,0.40043,-0.14436,0.02325,0.40627,-0.13824,0.041434,0.41648,-0.14241,-0.00012179,0.42292
-0.18298,0.028776,0.3874,-0.17394,0.0094926,0.38669,-0.16973,0.019897,0.38327,-0.16974,-0.0030288,0.38725,-0.18516,0.012599,0.38984,-0.18586,0.00077527,0.39199,-0.16679,0.045951,0.38031,-0.18021,0.04074,0.42584,-0.18161,0.0057978,0.42742,-0.18395,0.022376,0.41598,-0.18945,0.03288,0.40124,-0.1919,0.0019517,0.40478,-0.18285,0.041128,0.3867,-0.16937,0.032458,0.38216,-0.14876,0.038305,0.39502,-0.15561,-0.005379,0.40045,-0.14478,0.022867,0.40642,-0.13815,0.041126,0.41568,-0.14313,-0.00053252,0.42263
-0.18354,0.028888,0.38806,-0.17458,0.0094875,0.38727,-0.17059,0.019711,0.38366,-0.17058,-0.0032473,0.3878,-0.18581,0.012704,0.39081,-0.18666,0.00085192,0.39276,-0.16712,0.04593,0.38068,-0.18069,0.040957,0.42583,-0.18265,0.0057976,0.42751,-0.18405,0.022731,0.41638,-0.18921,0.033361,0.40171,-0.19254,0.0021841,0.40513,-0.18333,0.04125,0.38717,-0.16951,0.032546,0.38272,-0.14936,0.038337,0.39659,-0.15661,-0.0056794,0.4021,-0.14529,0.02278,0.40741,-0.13867,0.04117,0.41724,-0.1441,-0.00080226,0.42427
-0.18374,0.029001,0.38805,-0.17495,0.0094412,0.38744,-0.17074,0.019665,0.38374,-0.171,-0.003327,0.38809,-0.18613,0.012818,0.39069,-0.187,0.0010329,0.39304,-0.16702,0.045957,0.38068,-0.18075,0.041102,0.42588,-0.18299,0.0060354,0.4277,-0.18415,0.023005,0.41656,-0.18952,0.033462,0.40164,-0.19316,0.0023627,0.40532,-0.18335,0.041334,0.38715,-0.16966,0.03253,0.38265,-0.14949,0.038231,0.39675,-0.15739,-0.0058736,0.40237,-0.14556,0.022605,0.4076,-0.1387,0.041037,0.41707,-0.14459,-0.00099632,0.42434
-0.18393,0.029173,0.38829,-0.17529,0.0096127,0.38775,-0.17108,0.019699,0.38389,-0.17151,-0.0032133,0.38832,-0.18661,0.012989,0.391,-0.18733,0.0013466,0.39346,-0.16718,0.045962,0.38084,-0.18085,0.041166,0.42585,-0.18317,0.0063816,0.42789,-0.18405,0.023385,0.41677,-0.18932,0.03383,0.40182,-0.19348,0.0027439,0.40544,-0.1835,0.041407,0.38734,-0.16976,0.032627,0.38292,-0.14977,0.038262,0.39742,-0.15918,-0.0055292,0.40369,-0.14589,0.022644,0.40812,-0.13891,0.041064,0.41765,-0.14515,-0.00096072,0.42502
-0.18348,0.029234,0.38722,-0.17506,0.0095142,0.38704,-0.1701,0.019921,0.38348,-0.17105,-0.0030418,0.388,-0.18611,0.013136,0.38943,-0.18708,0.0014346,0.39244,-0.16648,0.046021,0.38023,-0.18024,0.04126,0.426,-0.18263,0.0067509,0.428,-0.18454,0.023253,0.41634,-0.19045,0.033257,0.40099,-0.1935,0.0027377,0.40525,-0.18282,0.041399,0.3865,-0.16983,0.032412,0.38187,-0.14895,0.03795,0.39486,-0.15775,-0.0057175,0.40077,-0.14554,0.022403,0.40662,-0.13817,0.040727,0.41489,-0.14456,-0.00091961,0.42249
-0.18421,0.029316,0.38828,-0.17578,0.0095411,0.38792,-0.17131,0.019641,0.38401,-0.17205,-0.0033316,0.38869,-0.18697,0.013158,0.39095,-0.18789,0.0015075,0.39369,-0.16707,0.045984,0.38084,-0.18095,0.041407,0.42592,-0.18377,0.0066267,0.42807,-0.18434,0.023681,0.41694,-0.18976,0.033951,0.40176,-0.19419,0.0029603,0.40568,-0.18355,0.04152,0.38731,-0.16995,0.032589,0.38283,-0.14989,0.038111,0.39749,-0.1596,-0.0058993,0.40372,-0.1462,0.022408,0.40825,-0.13896,0.040896,0.41747,-0.14575,-0.001215,0.4251
-0.18432,0.029557,0.38824,-0.17624,0.0096962,0.38836,-0.17133,0.019676,0.38402,-0.17265,-0.0031832,0.38907,-0.18772,0.013297,0.39041,-0.18776,0.0022396,0.39464,-0.16692,0.046069,0.38092,-0.18084,0.041323,0.42591,-0.18325,0.0074197,0.42866,-0.18364,0.024413,0.41744,-0.18978,0.03427,0.40164,-0.19526,0.0034598,0.40586,-0.18347,0.041611,0.38734,-0.17016,0.032703,0.38283,-0.15027,0.038087,0.39834,-0.16411,-0.0052035,0.406,-0.14677,0.022339,0.40906,-0.13896,0.04076,0.41716,-0.14651,-0.0012803,0.42533
-0.18452,0.029766,0.38829,-0.17666,0.0097963,0.38848,-0.17161,0.019737,0.38417,-0.17319,-0.0031052,0.3893,-0.18808,0.013578,0.39057,-0.18843,0.0024562,0.39465,-0.16694,0.046069,0.38093,-0.1809,0.041572,0.42594,-0.18382,0.0077663,0.42879,-0.18404,0.024719,0.41749,-0.19002,0.034523,0.40167,-0.1956,0.0038519,0.40601,-0.18354,0.041719,0.38734,-0.17031,0.032709,0.38285,-0.15033,0.037985,0.39824,-0.16449,-0.0052509,0.40607,-0.14701,0.022243,0.40908,-0.13906,0.04068,0.41722,-0.14706,-0.0013168,0.42548
-0.18474,0.029766,0.38814,-0.17688,0.0095576,0.38818,-0.17176,0.01968,0.38426,-0.17334,-0.0033532,0.38939,-0.18779,0.013742,0.39077,-0.18934,0.0020135,0.39384,-0.16682,0.046027,0.38074,-0.18104,0.042025,0.42609,-0.18511,0.0074486,0.4285,-0.18525,0.024428,0.41716,-0.1908,0.034317,0.40156,-0.19554,0.0037226,0.40614,-0.18356,0.041794,0.38711,-0.17039,0.032515,0.38255,-0.14999,0.037737,0.39704,-0.1605,-0.006437,0.40339,-0.14685,0.021948,0.40821,-0.13902,0.040522,0.41682,-0.14711,-0.0015778,0.42494
-0.18487,0.029982,0.38835,-0.17714,0.0098266,0.38826,-0.17214,0.019833,0.38445,-0.17379,-0.003105,0.38943,-0.18807,0.014066,0.39137,-0.19005,0.002179,0.39363,-0.16708,0.045989,0.38082,-0.18113,0.042234,0.42606,-0.18563,0.0077336,0.42847,-0.18569,0.024642,0.41708,-0.19064,0.034706,0.40179,-0.19532,0.0041944,0.40617,-0.18371,0.041871,0.38723,-0.17044,0.032585,0.38282,-0.15002,0.037746,0.39699,-0.16053,-0.0061579,0.40363,-0.14697,0.022056,0.40821,-0.13925,0.040605,0.41746,-0.14751,-0.0013662,0.42541
-0.18502,0.030174,0.38837,-0.1775,0.0099374,0.38839,-0.17233,0.019897,0.38455,-0.17426,-0.0030049,0.38962,-0.18843,0.014302,0.39141,-0.19052,0.0024438,0.39373,-0.16708,0.045999,0.38083,-0.18115,0.042404,0.42608,-0.18596,0.0081092,0.42864,-0.18589,0.024963,0.41716,-0.1908,0.03494,0.40179,-0.19567,0.0045651,0.4063,-0.18374,0.041961,0.38723,-0.17058,0.032607,0.38284,-0.15009,0.03767,0.39699,-0.1614,-0.0060632,0.40396,-0.14721,0.021988,0.40831,-0.13932,0.040534,0.41745,-0.148,-0.0013776,0.42552
-0.18449,0.030376,0.38741,-0.17722,0.010144,0.38759,-0.17149,0.020333,0.38422,-0.17389,-0.0024914,0.3891,-0.18796,0.014689,0.39028,-0.1906,0.0026274,0.39228,-0.16662,0.046014,0.38023,-0.1805,0.042571,0.42618,-0.18551,0.0086751,0.42864,-0.18668,0.024869,0.41651,-0.19162,0.034629,0.40112,-0.19506,0.0049117,0.40598,-0.18311,0.041963,0.38644,-0.1706,0.032464,0.382,-0.14915,0.037423,0.39408,-0.1597,-0.0057522,0.401,-0.14677,0.021971,0.40658,-0.1387,0.040341,0.41513,-0.14739,-0.00096825,0.42314
-0.18456,0.030492,0.38729,-0.17745,0.010164,0.38761,-0.17151,0.02037,0.38423,-0.17415,-0.0024559,0.38923,-0.18813,0.014834,0.39009,-0.19086,0.0027939,0.39229,-0.16651,0.046032,0.38017,-0.18046,0.042693,0.42622,-0.18568,0.008934,0.42877,-0.18685,0.025061,0.41654,-0.1919,0.034687,0.40101,-0.19538,0.0051108,0.40606,-0.18305,0.042022,0.38634,-0.1707,0.032444,0.38187,-0.14913,0.037326,0.39383,-0.1601,-0.0057951,0.40088,-0.1469,0.021866,0.40651,-0.13865,0.040237,0.41476,-0.14766,-0.0010248,0.42292
-0.18522,0.030538,0.38835,-0.17805,0.010208,0.38846,-0.17265,0.020102,0.38473,-0.17502,-0.0027166,0.38983,-0.18892,0.014808,0.3916,-0.19151,0.0028403,0.39351,-0.16712,0.045993,0.38078,-0.18114,0.042769,0.42612,-0.18664,0.0087591,0.42881,-0.18654,0.025427,0.41712,-0.1911,0.035352,0.40179,-0.19592,0.00528,0.40643,-0.18377,0.042114,0.38716,-0.17077,0.032633,0.38285,-0.15005,0.037527,0.39648,-0.16197,-0.0058663,0.40389,-0.1475,0.021929,0.40813,-0.13943,0.040446,0.41739,-0.14872,-0.00126,0.42552
-0.18548,0.030752,0.38841,-0.17854,0.010278,0.38864,-0.17295,0.020131,0.38489,-0.17564,-0.002684,0.39013,-0.18934,0.015083,0.39174,-0.1922,0.0030828,0.39364,-0.16712,0.046001,0.3808,-0.18123,0.04303,0.42617,-0.18726,0.0091252,0.42898,-0.18691,0.025784,0.41724,-0.19138,0.035614,0.40181,-0.19642,0.0056735,0.40663,-0.18384,0.042235,0.38716,-0.17095,0.032638,0.38287,-0.15016,0.03741,0.39651,-0.16259,-0.0059751,0.4041,-0.14781,0.021791,0.40825,-0.13954,0.040339,0.41744,-0.14937,-0.0013611,0.42573
-0.18547,0.031059,0.3885,-0.17875,0.01071,0.38866,-0.17318,0.02042,0.38502,-0.17608,-0.0022095,0.39006,-0.18969,0.015506,0.39212,-0.19278,0.0034696,0.39335,-0.16735,0.045974,0.38082,-0.18116,0.043184,0.42611,-0.1874,0.0097014,0.42906,-0.18722,0.026127,0.41711,-0.19114,0.036078,0.40196,-0.19609,0.0063586,0.40656,-0.18388,0.042309,0.38721,-0.171,0.032748,0.38309,-0.15011,0.037434,0.39621,-0.16356,-0.0052248,0.40459,-0.14792,0.021993,0.40817,-0.13969,0.040434,0.41781,-0.14972,-0.00095718,0.42593
-0.18563,0.031291,0.38863,-0.17909,0.010928,0.38877,-0.17351,0.02055,0.38518,-0.1766,-0.0020077,0.39018,-0.19003,0.015833,0.39251,-0.19348,0.0036954,0.39324,-0.1675,0.045954,0.38086,-0.18122,0.043413,0.4261,-0.18792,0.010064,0.42912,-0.18764,0.026413,0.41709,-0.19115,0.036428,0.40209,-0.19613,0.006837,0.40665,-0.18399,0.042404,0.38727,-0.1711,0.032795,0.38325,-0.15014,0.037392,0.39611,-0.16389,-0.0050339,0.40481,-0.14811,0.022017,0.40818,-0.13986,0.040443,0.41816,-0.15021,-0.00083575,0.42623
-0.18566,0.031502,0.38886,-0.1792,0.011288,0.38874,-0.17387,0.020779,0.38536,-0.17692,-0.0016428,0.39005,-0.19018,0.016186,0.39326,-0.19417,0.0038035,0.39277,-0.16784,0.045893,0.38092,-0.18127,0.043603,0.42604,-0.18838,0.010305,0.42898,-0.18816,0.02652,0.41687,-0.19082,0.036836,0.40237,-0.19549,0.0073313,0.40657,-0.18414,0.042454,0.3874,-0.17108,0.032881,0.38358,-0.15007,0.037446,0.39584,-0.1634,-0.0045879,0.40481,-0.14809,0.022239,0.408,-0.1401,0.040607,0.41894,-0.15041,-0.00045866,0.42666
-0.18612,0.031623,0.389,-0.17987,0.01111,0.38911,-0.17427,0.020594,0.38555,-0.17765,-0.0019374,0.39064,-0.19071,0.01629,0.39329,-0.19479,0.0039637,0.39339,-0.16774,0.045927,0.38102,-0.18151,0.04386,0.42613,-0.18919,0.010488,0.42924,-0.18833,0.026907,0.41723,-0.19129,0.036996,0.40238,-0.19661,0.0074849,0.40695,-0.1843,0.042593,0.38748,-0.17133,0.032847,0.38357,-0.15041,0.037287,0.3965,-0.16431,-0.0051843,0.40538,-0.14858,0.021908,0.40851,-0.14025,0.040403,0.41904,-0.15129,-0.00091201,0.42714
-0.18594,0.031863,0.38879,-0.17987,0.011458,0.38886,-0.17418,0.020918,0.38554,-0.17777,-0.0014704,0.39039,-0.19073,0.016672,0.39329,-0.1952,0.004211,0.39269,-0.16778,0.045904,0.38086,-0.18128,0.044008,0.42612,-0.18917,0.010965,0.42923,-0.18882,0.027038,0.41691,-0.19133,0.037193,0.4023,-0.19607,0.0080016,0.40679,-0.18415,0.04263,0.38729,-0.17134,0.032874,0.38349,-0.15007,0.037243,0.39538,-0.16408,-0.0046192,0.40468,-0.14846,0.02206,0.40788,-0.14017,0.040434,0.41867,-0.15126,-0.00049787,0.42658
-0.18624,0.032,0.38883,-0.18035,0.011392,0.38903,-0.17446,0.020857,0.38568,-0.17831,-0.0015928,0.39075,-0.19107,0.016847,0.39336,-0.19582,0.0043268,0.39287,-0.16772,0.045917,0.38087,-0.18142,0.044267,0.42619,-0.18987,0.01116,0.42936,-0.18918,0.027301,0.41706,-0.19173,0.037333,0.40229,-0.1967,0.0082116,0.40703,-0.18423,0.042742,0.38728,-0.17152,0.032839,0.38345,-0.15019,0.037102,0.39547,-0.16423,-0.0050241,0.40464,-0.14876,0.021841,0.408,-0.14026,0.040289,0.41864,-0.15186,-0.00074035,0.42675
-0.18621,0.032103,0.38883,-0.18042,0.011534,0.38906,-0.17449,0.020951,0.3857,-0.17845,-0.0014305,0.39073,-0.19122,0.01697,0.39337,-0.19592,0.0045093,0.39286,-0.16776,0.045919,0.38087,-0.18136,0.044281,0.42617,-0.18979,0.011401,0.42944,-0.18917,0.027455,0.41706,-0.19166,0.037476,0.4023,-0.19668,0.0084418,0.40701,-0.18422,0.042764,0.38728,-0.17154,0.032881,0.38349,-0.1502,0.037111,0.39542,-0.16497,-0.0047077,0.40498,-0.14882,0.021902,0.40803,-0.14028,0.040305,0.41865,-0.15199,-0.00061457,0.42677
-0.18637,0.032347,0.38896,-0.18079,0.011765,0.38921,-0.17482,0.02108,0.38587,-0.179,-0.0012167,0.39088,-0.19162,0.017293,0.39371,-0.19656,0.0047975,0.39286,-0.1679,0.045907,0.38093,-0.18142,0.044484,0.42616,-0.19022,0.011821,0.42955,-0.18948,0.027799,0.41709,-0.19164,0.037852,0.40243,-0.19679,0.0089496,0.4071,-0.18432,0.042861,0.38736,-0.17165,0.032943,0.38366,-0.15028,0.037078,0.39545,-0.16577,-0.0044321,0.40547,-0.14906,0.021931,0.40814,-0.14045,0.040311,0.41901,-0.15252,-0.00049392,0.42712
-0.18645,0.032425,0.38873,-0.18103,0.011664,0.38918,-0.17473,0.021064,0.38584,-0.17921,-0.0012941,0.39106,-0.19173,0.017389,0.39328,-0.19678,0.0049055,0.39285,-0.16766,0.04594,0.38081,-0.18135,0.04463,0.42624,-0.19044,0.012023,0.42971,-0.1897,0.027948,0.41713,-0.19216,0.037772,0.4022,-0.19731,0.0090316,0.40722,-0.18419,0.042924,0.38716,-0.17179,0.032869,0.38336,-0.1502,0.036917,0.39503,-0.16582,-0.004742,0.40492,-0.14918,0.021715,0.40795,-0.14032,0.040123,0.41828,-0.15276,-0.00068289,0.42664
-0.18668,0.032647,0.38884,-0.18149,0.011798,0.38941,-0.17504,0.021114,0.38599,-0.17982,-0.0011974,0.39134,-0.19222,0.017648,0.39344,-0.19733,0.0052309,0.39311,-0.16771,0.045951,0.38087,-0.18142,0.044814,0.42625,-0.19084,0.012451,0.42992,-0.18986,0.02836,0.4173,-0.19226,0.038098,0.40226,-0.19777,0.0094715,0.40739,-0.18428,0.043032,0.38723,-0.17195,0.032917,0.38347,-0.15038,0.036854,0.39529,-0.16714,-0.0046032,0.40565,-0.14952,0.021649,0.40823,-0.14046,0.040061,0.41848,-0.15341,-0.00071334,0.427
-0.18681,0.032801,0.38901,-0.18168,0.011978,0.38939,-0.17539,0.021233,0.38617,-0.18015,-0.0010375,0.39134,-0.19232,0.017931,0.39407,-0.19809,0.0052116,0.39269,-0.16793,0.0459,0.3809,-0.18154,0.045068,0.42625,-0.19155,0.012543,0.42977,-0.1905,0.028405,0.41711,-0.19222,0.038366,0.40247,-0.19742,0.0097938,0.40741,-0.18443,0.043096,0.3873,-0.17197,0.032936,0.38367,-0.15031,0.036832,0.39498,-0.16601,-0.0046185,0.40519,-0.14953,0.021714,0.40801,-0.14066,0.040132,0.41904,-0.15366,-0.00055642,0.4273
-0.187,0.032939,0.38892,-0.18211,0.011922,0.38957,-0.17547,0.02119,0.38622,-0.18062,-0.0011136,0.39168,-0.1927,0.018058,0.39375,-0.19838,0.0054826,0.39306,-0.16775,0.045943,0.38088,-0.18155,0.045209,0.42632,-0.19179,0.01289,0.43005,-0.19053,0.02876,0.41734,-0.19263,0.038453,0.40232,-0.19822,0.010012,0.40762,-0.1844,0.043192,0.38723,-0.17216,0.032914,0.38351,-0.15045,0.036696,0.39511,-0.16727,-0.004781,0.40555,-0.14986,0.021497,0.40822,-0.14063,0.039948,0.41863,-0.15421,-0.00078502,0.42724
-0.18702,0.033208,0.38899,-0.18233,0.012272,0.38963,-0.17568,0.021417,0.38633,-0.18104,-0.00073521,0.39167,-0.19305,0.018415,0.39403,-0.19888,0.0058473,0.39291,-0.16792,0.045929,0.3809,-0.18149,0.045342,0.42627,-0.19192,0.013415,0.43016,-0.19076,0.0291,0.41729,-0.19247,0.038852,0.40243,-0.19808,0.010604,0.4076,-0.18443,0.043264,0.38726,-0.17222,0.033006,0.38369,-0.15044,0.036705,0.39493,-0.16836,-0.0041656,0.4061,-0.15001,0.021637,0.40821,-0.14075,0.040004,0.41889,-0.15459,-0.00048534,0.42742
-0.18717,0.033331,0.38891,-0.18267,0.012247,0.38977,-0.17575,0.0214,0.38637,-0.18142,-0.00077175,0.39193,-0.19335,0.018537,0.39379,-0.19914,0.0060721,0.39316,-0.16779,0.045961,0.38088,-0.18149,0.045464,0.42632,-0.19213,0.013712,0.43038,-0.19082,0.029388,0.41745,-0.19279,0.038936,0.40232,-0.19868,0.010805,0.40775,-0.1844,0.043342,0.3872,-0.17237,0.032991,0.38357,-0.15053,0.036596,0.39498,-0.16933,-0.0042679,0.40635,-0.15026,0.021474,0.40835,-0.14073,0.039863,0.41856,-0.15502,-0.00064441,0.42735
-0.18723,0.033582,0.38893,-0.18294,0.012517,0.38979,-0.17593,0.021594,0.38648,-0.18185,-0.00047327,0.39196,-0.19365,0.018887,0.394,-0.19971,0.0063637,0.39294,-0.16789,0.045948,0.38086,-0.18145,0.045654,0.42631,-0.19241,0.014173,0.43047,-0.19118,0.02968,0.41737,-0.19281,0.039258,0.40237,-0.19861,0.01133,0.40777,-0.18441,0.043424,0.38718,-0.17246,0.033042,0.38365,-0.15048,0.036553,0.39463,-0.16987,-0.0038951,0.40647,-0.1504,0.021536,0.40822,-0.14082,0.039868,0.41865,-0.1554,-0.00043359,0.42739
-0.18732,0.033596,0.38897,-0.18306,0.012477,0.38987,-0.17602,0.021548,0.38652,-0.18199,-0.00054134,0.39208,-0.19375,0.018894,0.39402,-0.19982,0.0063865,0.39308,-0.16788,0.045954,0.3809,-0.1815,0.045694,0.42633,-0.19257,0.014189,0.43051,-0.19119,0.02975,0.41746,-0.19288,0.03929,0.40239,-0.19883,0.011345,0.40784,-0.18446,0.043448,0.38721,-0.1725,0.033038,0.38366,-0.15056,0.03653,0.39481,-0.17007,-0.0040133,0.40664,-0.1505,0.021475,0.40835,-0.14086,0.039835,0.41872,-0.15557,-0.00052746,0.42753
-0.18726,0.033628,0.3889,-0.18308,0.012518,0.39,-0.17589,0.021557,0.38645,-0.18202,-0.00048279,0.39213,-0.19393,0.018853,0.39366,-0.19947,0.0066442,0.39347,-0.16779,0.045994,0.38091,-0.1814,0.045553,0.42631,-0.19206,0.014434,0.43073,-0.19072,0.029957,0.41764,-0.19281,0.039322,0.4023,-0.19916,0.011425,0.40785,-0.18437,0.043444,0.3872,-0.17254,0.033084,0.38362,-0.15068,0.036556,0.39515,-0.17196,-0.0036473,0.40758,-0.15064,0.021487,0.40866,-0.14079,0.039801,0.41847,-0.15565,-0.00052283,0.42749
-0.1878,0.033787,0.38893,-0.18393,0.01225,0.39036,-0.17629,0.021338,0.38665,-0.18291,-0.00086827,0.39286,-0.19452,0.019013,0.39352,-0.20031,0.0068197,0.39408,-0.16755,0.046043,0.38095,-0.18164,0.045933,0.42646,-0.19314,0.014683,0.43106,-0.19111,0.03041,0.41803,-0.19362,0.039431,0.40219,-0.20059,0.011602,0.40833,-0.18449,0.043628,0.38717,-0.17287,0.032995,0.38345,-0.15099,0.036289,0.39557,-0.17261,-0.004551,0.4077,-0.15121,0.021002,0.40905,-0.14088,0.03948,0.4182,-0.1567,-0.0011301,0.42775
-0.18726,0.034656,0.38939,-0.18401,0.013976,0.39105,-0.1765,0.022297,0.38676,-0.18379,0.0010271,0.39244,-0.19609,0.019856,0.39396,-0.1999,0.0089065,0.39497,-0.16837,0.046068,0.38134,-0.18106,0.045374,0.42598,-0.19064,0.017058,0.43193,-0.18936,0.032017,0.41839,-0.19135,0.041126,0.40274,-0.19983,0.013815,0.40784,-0.18447,0.043671,0.38771,-0.17285,0.033708,0.3846,-0.15151,0.036866,0.3971,-0.18407,0.00015336,0.41472,-0.15187,0.022185,0.41057,-0.14129,0.04005,0.41979,-0.15754,0.00057499,0.4292
-0.18764,0.034637,0.38901,-0.18471,0.013394,0.39145,-0.17631,0.021896,0.38667,-0.1843,0.00037393,0.39328,-0.19661,0.019645,0.39259,-0.19968,0.009211,0.39625,-0.16765,0.046217,0.38126,-0.18107,0.045435,0.42618,-0.19071,0.017323,0.43258,-0.18884,0.032517,0.41911,-0.19252,0.040795,0.40219,-0.20211,0.013573,0.40835,-0.18427,0.043794,0.38745,-0.17322,0.033555,0.38396,-0.15189,0.036546,0.39778,-0.18672,-0.0008379,0.41535,-0.15253,0.021487,0.41123,-0.141,0.039514,0.41823,-0.15835,-0.00036552,0.42871
-0.18777,0.034717,0.38939,-0.18479,0.013597,0.39154,-0.17676,0.021969,0.38688,-0.18454,0.00051501,0.39324,-0.19672,0.019808,0.39348,-0.20021,0.0091438,0.39606,-0.16802,0.046155,0.38142,-0.18127,0.045557,0.42612,-0.19124,0.017265,0.43239,-0.18918,0.03251,0.419,-0.1921,0.041123,0.40256,-0.20161,0.013797,0.40834,-0.18454,0.043818,0.38771,-0.17317,0.033633,0.38439,-0.15198,0.036642,0.39807,-0.18603,-0.00067763,0.41564,-0.15252,0.021667,0.41134,-0.14132,0.039697,0.41937,-0.15853,-0.00016188,0.42951
-0.18781,0.034919,0.38968,-0.18491,0.013969,0.39168,-0.1771,0.022162,0.38704,-0.18488,0.00087388,0.39318,-0.19703,0.02008,0.39411,-0.20062,0.0093969,0.396,-0.16837,0.046117,0.38156,-0.18132,0.045616,0.42602,-0.19136,0.017594,0.43239,-0.18928,0.03275,0.41896,-0.1916,0.041581,0.40286,-0.20121,0.014296,0.40829,-0.1847,0.043857,0.38792,-0.17316,0.03377,0.38479,-0.15208,0.036752,0.39834,-0.18699,1.3163e-05,0.41661,-0.15263,0.021917,0.41155,-0.14157,0.039872,0.42025,-0.15882,0.00019361,0.43017
-0.18762,0.035066,0.38891,-0.1851,0.013877,0.39157,-0.17641,0.022235,0.38674,-0.18496,0.00093804,0.39334,-0.19723,0.020162,0.39249,-0.2002,0.0099415,0.39622,-0.1677,0.046237,0.38122,-0.18086,0.045578,0.42614,-0.19057,0.018319,0.43294,-0.18895,0.033174,0.41914,-0.19249,0.041315,0.40215,-0.20228,0.014489,0.40835,-0.18417,0.043912,0.38737,-0.17339,0.033679,0.38401,-0.15188,0.036504,0.39744,-0.18946,0.00017393,0.41638,-0.15285,0.021611,0.41126,-0.14103,0.039488,0.41802,-0.15897,7.0258e-06,0.42861
-0.18737,0.035158,0.38831,-0.18503,0.013895,0.39125,-0.17587,0.022393,0.38651,-0.1848,0.0011122,0.3932,-0.19709,0.020285,0.39154,-0.20001,0.010154,0.39581,-0.16731,0.046283,0.3809,-0.18048,0.045598,0.42621,-0.19011,0.018705,0.43311,-0.18906,0.033247,0.41897,-0.19305,0.041085,0.40168,-0.20241,0.014616,0.40825,-0.18378,0.043919,0.38692,-0.17345,0.033596,0.38346,-0.15149,0.036344,0.39617,-0.18963,0.0003111,0.41527,-0.15275,0.021504,0.41057,-0.14062,0.039298,0.41647,-0.15876,7.4048e-05,0.42727
-0.18757,0.03553,0.38882,-0.18537,0.014463,0.39129,-0.17666,0.022728,0.38691,-0.18551,0.0016416,0.39311,-0.19744,0.020912,0.39302,-0.20145,0.010287,0.39508,-0.16794,0.04617,0.38106,-0.1807,0.046015,0.42612,-0.19125,0.019057,0.43285,-0.19011,0.033456,0.41863,-0.19255,0.041837,0.40223,-0.20147,0.015466,0.40821,-0.18414,0.044036,0.38721,-0.17346,0.033733,0.38409,-0.15144,0.036412,0.39588,-0.18847,0.000838,0.41527,-0.15279,0.02182,0.41037,-0.14113,0.039562,0.41805,-0.1593,0.00061441,0.42825
-0.18764,0.03574,0.38883,-0.18563,0.014668,0.39138,-0.1768,0.022862,0.38699,-0.18591,0.0018618,0.3932,-0.19777,0.021176,0.3931,-0.20184,0.010597,0.39509,-0.16799,0.046173,0.38106,-0.18066,0.04614,0.42612,-0.1914,0.019491,0.433,-0.19027,0.033772,0.41866,-0.19257,0.042112,0.40226,-0.2016,0.015904,0.40826,-0.18414,0.044109,0.38721,-0.17355,0.033784,0.38415,-0.15147,0.036377,0.39579,-0.18952,0.0011839,0.41571,-0.15298,0.021847,0.41042,-0.14119,0.039544,0.41809,-0.15969,0.00074069,0.42834
-0.18774,0.035907,0.38855,-0.18605,0.014618,0.39156,-0.17667,0.022845,0.38694,-0.18634,0.001836,0.39355,-0.19822,0.021287,0.39232,-0.20186,0.011061,0.39561,-0.16765,0.046254,0.38098,-0.18052,0.046193,0.42619,-0.19122,0.020056,0.43346,-0.19003,0.034262,0.41898,-0.19309,0.042144,0.40194,-0.20267,0.016171,0.40845,-0.18396,0.044201,0.38702,-0.17378,0.033765,0.38383,-0.15159,0.036217,0.39584,-0.19196,0.0012355,0.41637,-0.15338,0.021598,0.41066,-0.14102,0.039287,0.41713,-0.16024,0.00050492,0.42792
