-0.0026134,0.07232,0.59265,-0.049218,0.067173,0.60174,-0.089483,0.05403,0.60799
-0.0034041,0.072036,0.59283,-0.050182,0.066705,0.60151,-0.090519,0.053712,0.60767
-0.0035006,0.071893,0.59244,-0.050199,0.066617,0.60087,-0.090609,0.053433,0.60752
-0.0033508,0.071943,0.59266,-0.050005,0.066314,0.60052,-0.09039,0.052554,0.60693
-0.0036053,0.072098,0.59219,-0.050153,0.066219,0.6001,-0.090174,0.05204,0.60626
-0.0033941,0.072205,0.59217,-0.049886,0.065592,0.60005,-0.089916,0.050982,0.60588
-0.0035512,0.072281,0.59193,-0.049812,0.065191,0.59972,-0.089292,0.050069,0.60564
-0.0034521,0.072069,0.59202,-0.04947,0.064802,0.59919,-0.088749,0.048954,0.60478
-0.0034666,0.071952,0.59186,-0.049254,0.064084,0.59878,-0.088103,0.047468,0.60342
-0.0032926,0.072018,0.59177,-0.049051,0.063635,0.59866,-0.087534,0.046001,0.60275
-0.003229,0.07177,0.59174,-0.048896,0.062918,0.59799,-0.086803,0.044572,0.60122
-0.0032989,0.07171,0.59166,-0.048589,0.062674,0.59752,-0.085908,0.043134,0.59944
-0.0033147,0.071862,0.59165,-0.048382,0.062144,0.59708,-0.084918,0.041217,0.59868
-0.0030448,0.071848,0.59161,-0.047768,0.061538,0.59645,-0.083515,0.039387,0.59703
-0.0032528,0.07173,0.59152,-0.04747,0.060749,0.59624,-0.082325,0.037761,0.59583
-0.0034509,0.07159,0.59098,-0.047131,0.05983,0.59572,-0.081062,0.035785,0.59419
-0.0032777,0.071311,0.5912,-0.046623,0.05921,0.5952,-0.079318,0.034708,0.59235
-0.0028727,0.071546,0.59103,-0.04582,0.058397,0.5946,-0.077667,0.032803,0.59134
-0.00309,0.071301,0.5908,-0.045519,0.057958,0.59395,-0.076087,0.031482,0.58991
-0.0030955,0.071321,0.59091,-0.045023,0.057202,0.5934,-0.074373,0.02962,0.58883
-0.0028701,0.071466,0.59079,-0.044341,0.056508,0.59295,-0.072715,0.028013,0.58776
-0.0026268,0.071305,0.59083,-0.043624,0.055457,0.59229,-0.07062,0.026574,0.58634
-0.0024419,0.070859,0.59074,-0.042914,0.055083,0.59166,-0.068547,0.025337,0.5847
-0.0027314,0.071143,0.59056,-0.042636,0.05415,0.59129,-0.06668,0.023909,0.58388
-0.0026125,0.070984,0.59045,-0.041871,0.053939,0.59092,-0.064778,0.023371,0.58277
-0.0025868,0.070863,0.59047,-0.041353,0.053273,0.59046,-0.062342,0.022228,0.5812
-0.0025518,0.070789,0.59043,-0.040888,0.052781,0.58994,-0.060663,0.021395,0.58059
-0.0027328,0.070652,0.59044,-0.040266,0.052179,0.58978,-0.058629,0.0203,0.57963
-0.0022775,0.070357,0.59067,-0.039359,0.051664,0.5892,-0.056427,0.01971,0.57875
-0.0023121,0.070513,0.59031,-0.038679,0.051101,0.58832,-0.054269,0.018915,0.57829
-0.0024169,0.070604,0.59007,-0.037814,0.050811,0.58805,-0.052137,0.018055,0.57707
-0.0023973,0.070517,0.59012,-0.037285,0.050522,0.5875,-0.050151,0.01763,0.57616
-0.0021845,0.070419,0.58993,-0.036435,0.049609,0.58727,-0.047693,0.0171,0.57524
-0.0020804,0.070427,0.58975,-0.035656,0.049297,0.58662,-0.045582,0.016577,0.57438
-0.0020923,0.07024,0.58986,-0.035167,0.048807,0.5861,-0.043563,0.016135,0.57328
-0.0018426,0.070033,0.58984,-0.034373,0.048396,0.58596,-0.041447,0.015975,0.57264
-0.0020195,0.069802,0.58978,-0.033814,0.047652,0.58503,-0.03947,0.015552,0.57193
-0.0018209,0.069845,0.58967,-0.032995,0.047431,0.58482,-0.037296,0.015619,0.57135
-0.0018834,0.069883,0.58981,-0.032174,0.046757,0.58466,-0.035127,0.015498,0.57072
-0.0015931,0.069738,0.58971,-0.031512,0.046259,0.58472,-0.033132,0.014827,0.57011
-0.0016069,0.069494,0.58932,-0.030946,0.046049,0.58394,-0.03098,0.014827,0.56958
-0.0015712,0.069301,0.58955,-0.030349,0.045832,0.58363,-0.029193,0.014979,0.56938
-0.0011919,0.069317,0.58901,-0.02964,0.044257,0.58293,-0.027102,0.014862,0.56891
-0.00116,0.06897,0.58914,-0.028824,0.044611,0.58274,-0.025065,0.014945,0.56833
-0.0010787,0.068741,0.58886,-0.028023,0.044192,0.58234,-0.023099,0.014581,0.56796
-0.0011494,0.068816,0.58869,-0.027016,0.043267,0.58218,-0.021032,0.014583,0.56713
-0.01095,0.072338,0.59353,-0.057499,0.066711,0.60201,-0.097715,0.053447,0.60822
-0.010519,0.072263,0.59316,-0.057061,0.066423,0.60202,-0.097288,0.05328,0.60787
-0.010344,0.072016,0.59304,-0.056827,0.06652,0.60124,-0.097076,0.05314,0.60738
-0.010257,0.072069,0.59283,-0.05667,0.066157,0.60087,-0.096906,0.052557,0.60682
-0.010306,0.07222,0.59236,-0.056826,0.065926,0.60067,-0.096802,0.051368,0.60686
-0.010191,0.071936,0.59236,-0.056417,0.065306,0.60008,-0.096478,0.050173,0.60636
-0.010177,0.07209,0.59244,-0.056356,0.064907,0.59996,-0.096019,0.049067,0.60575
-0.010239,0.071919,0.59209,-0.056291,0.064376,0.59996,-0.095704,0.048359,0.60506
-0.01013,0.071964,0.5921,-0.056099,0.063934,0.59964,-0.095025,0.046899,0.60372
-0.010158,0.071682,0.59227,-0.055759,0.063329,0.59872,-0.094531,0.045404,0.60296
-0.010043,0.071746,0.59207,-0.055417,0.062864,0.59837,-0.093496,0.043983,0.60129
-0.010026,0.071805,0.59211,-0.055304,0.062341,0.59797,-0.092584,0.042703,0.60062
-0.009946,0.071651,0.5921,-0.054818,0.061741,0.59756,-0.091387,0.040955,0.59882
-0.0099494,0.071555,0.59199,-0.054544,0.061087,0.59705,-0.090154,0.039,0.59723
-0.0098621,0.071186,0.59134,-0.054064,0.060169,0.59644,-0.088946,0.037185,0.59597
-0.0099712,0.071434,0.5917,-0.053454,0.059553,0.59596,-0.087357,0.035493,0.59421
-0.0098698,0.071396,0.59158,-0.053082,0.058768,0.59565,-0.085998,0.033993,0.59289
-0.009752,0.071246,0.5913,-0.05279,0.058447,0.59503,-0.084374,0.032288,0.59205
-0.0098132,0.07142,0.59132,-0.052207,0.057694,0.59477,-0.082571,0.030669,0.59068
-0.0096408,0.071007,0.59144,-0.051635,0.056809,0.59437,-0.081056,0.029332,0.58911
-0.0096635,0.07111,0.59129,-0.050921,0.056331,0.59345,-0.079169,0.028037,0.58787
-0.0097084,0.070771,0.59134,-0.050378,0.055467,0.59279,-0.077618,0.026145,0.58668
-0.0097184,0.070829,0.59113,-0.049763,0.054737,0.59216,-0.075381,0.025118,0.58565
-0.0095465,0.070854,0.59098,-0.049171,0.053985,0.59157,-0.073515,0.023436,0.58453
-0.0094348,0.070579,0.59095,-0.048761,0.053257,0.59146,-0.071641,0.022667,0.58328
-0.0093931,0.070509,0.59084,-0.04801,0.053024,0.59084,-0.069518,0.021775,0.58174
-0.0093462,0.070443,0.59102,-0.047591,0.052568,0.59049,-0.067644,0.021112,0.58081
-0.0093249,0.070454,0.59062,-0.046928,0.052108,0.59003,-0.065443,0.020174,0.5798
-0.0092334,0.070506,0.59072,-0.046318,0.051535,0.58963,-0.063053,0.019429,0.57893
-0.008998,0.070062,0.59058,-0.045637,0.051045,0.58886,-0.061082,0.018793,0.5785
-0.0090309,0.07036,0.59045,-0.045107,0.050525,0.58861,-0.058869,0.01793,0.57762
-0.0089802,0.070124,0.59069,-0.044111,0.049761,0.58778,-0.056765,0.017408,0.57657
-0.0090593,0.070142,0.59046,-0.043428,0.049424,0.58742,-0.054482,0.016833,0.57569
-0.0089068,0.070058,0.5903,-0.042539,0.048943,0.58709,-0.052476,0.01648,0.57488
-0.0086881,0.069701,0.59032,-0.041912,0.048227,0.58669,-0.050256,0.016179,0.57368
-0.0086703,0.069592,0.59036,-0.041227,0.048264,0.5863,-0.048119,0.015488,0.57322
-0.0086442,0.069472,0.59022,-0.04053,0.047522,0.58566,-0.04601,0.015335,0.57247
-0.0087072,0.069554,0.59016,-0.039727,0.047142,0.58558,-0.044073,0.015054,0.57172
-0.0086324,0.069148,0.59014,-0.039164,0.046613,0.5852,-0.042188,0.015122,0.57138
-0.0084614,0.069206,0.58987,-0.038347,0.046309,0.58465,-0.040098,0.014631,0.57059
-0.0082049,0.069332,0.58984,-0.037759,0.046012,0.58401,-0.038072,0.014795,0.57047
-0.0080676,0.069326,0.58955,-0.036872,0.045318,0.58406,-0.036424,0.01473,0.56995
-0.0079795,0.069109,0.58947,-0.036379,0.045106,0.58351,-0.034126,0.014429,0.56949
-0.0077759,0.069173,0.58927,-0.035328,0.044271,0.58335,-0.032104,0.014704,0.56902
-0.0078383,0.068958,0.58902,-0.034455,0.043699,0.58311,-0.029848,0.014277,0.56821
-0.0077446,0.06843,0.58929,-0.033599,0.043282,0.58267,-0.027882,0.014245,0.56783
-0.01948,0.072207,0.59414,-0.066016,0.065952,0.60291,-0.10624,0.052549,0.60873
-0.019189,0.072011,0.59395,-0.065681,0.06589,0.60255,-0.10594,0.052292,0.60853
-0.018924,0.071871,0.59331,-0.06542,0.065748,0.60183,-0.10582,0.052417,0.60823
-0.018956,0.071805,0.59346,-0.065373,0.065396,0.60166,-0.10545,0.051737,0.60702
-0.01894,0.071772,0.59318,-0.065372,0.065176,0.60134,-0.10518,0.05067,0.60698
-0.018834,0.071593,0.59308,-0.065171,0.06464,0.60112,-0.10491,0.049624,0.60614
-0.018796,0.0717,0.59284,-0.064758,0.064307,0.60044,-0.10475,0.048707,0.60583
-0.018826,0.07175,0.5928,-0.064925,0.063726,0.60016,-0.10437,0.047793,0.60491
-0.018634,0.071824,0.59277,-0.064563,0.063526,0.59939,-0.10381,0.046274,0.60427
-0.018693,0.071643,0.59263,-0.064226,0.062992,0.59902,-0.10309,0.044928,0.60318
-0.018638,0.071592,0.59269,-0.063969,0.062337,0.59893,-0.10226,0.043891,0.60198
-0.018703,0.07185,0.59271,-0.063836,0.061888,0.59878,-0.10157,0.041856,0.60055
-0.018585,0.071439,0.59237,-0.063335,0.060909,0.59826,-0.10035,0.040198,0.59907
-0.018625,0.071298,0.59228,-0.063123,0.060436,0.59731,-0.099019,0.038411,0.59751
-0.018406,0.071133,0.59224,-0.062584,0.059717,0.59739,-0.097811,0.036578,0.59656
-0.018574,0.071197,0.59198,-0.062178,0.058678,0.59694,-0.09607,0.0352,0.59498
-0.018357,0.071259,0.59201,-0.061798,0.058242,0.59628,-0.094634,0.033153,0.5937
-0.01825,0.071344,0.59181,-0.061151,0.057529,0.59574,-0.092943,0.031687,0.59197
-0.018199,0.071198,0.59163,-0.060628,0.056801,0.59516,-0.091276,0.030037,0.59048
-0.018185,0.070826,0.59183,-0.060202,0.056382,0.59487,-0.089481,0.028544,0.5898
-0.018208,0.070953,0.59132,-0.059599,0.055475,0.59418,-0.087718,0.027342,0.58825
-0.018256,0.070904,0.59143,-0.059066,0.054759,0.59342,-0.085978,0.025655,0.58708
-0.018101,0.070845,0.59129,-0.05835,0.054086,0.59271,-0.083891,0.02422,0.58577
-0.01808,0.070679,0.59108,-0.057795,0.053777,0.59201,-0.082026,0.023068,0.58473
-0.01784,0.070294,0.59133,-0.057201,0.053363,0.59143,-0.079915,0.021953,0.58389
-0.017919,0.070375,0.59115,-0.05658,0.052598,0.59123,-0.078087,0.021392,0.58284
-0.017897,0.070201,0.59093,-0.056086,0.051887,0.59077,-0.075964,0.020408,0.58156
-0.017962,0.070301,0.59088,-0.055549,0.05163,0.59073,-0.074199,0.019504,0.58033
-0.017795,0.070244,0.59067,-0.054914,0.051047,0.59025,-0.071968,0.018851,0.57931
-0.017589,0.070088,0.59121,-0.054099,0.050551,0.58984,-0.069868,0.018201,0.57893
-0.017669,0.070032,0.59092,-0.053424,0.05014,0.58906,-0.067523,0.017444,0.57791
-0.01758,0.069877,0.59077,-0.052865,0.049653,0.58867,-0.065292,0.016782,0.57696
-0.017596,0.070072,0.59062,-0.052004,0.048933,0.58814,-0.063154,0.016144,0.57655
-0.017432,0.069764,0.59089,-0.051408,0.048427,0.58764,-0.061077,0.015884,0.57567
-0.017472,0.069495,0.59051,-0.050567,0.047842,0.58709,-0.058716,0.015359,0.57453
-0.017162,0.069524,0.59071,-0.049779,0.047632,0.5867,-0.05668,0.014886,0.57384
-0.017176,0.069383,0.59019,-0.049264,0.046815,0.58639,-0.054507,0.014915,0.573
-0.017175,0.069427,0.59028,-0.048558,0.046515,0.58604,-0.052664,0.014801,0.57226
-0.017123,0.069069,0.59051,-0.047813,0.046556,0.58573,-0.050456,0.014549,0.57188
-0.017044,0.069065,0.59045,-0.047111,0.045931,0.58541,-0.048607,0.01444,0.57114
-0.016781,0.068868,0.59027,-0.046582,0.045398,0.58498,-0.04669,0.013925,0.57119
-0.01662,0.068691,0.59025,-0.045933,0.045091,0.58455,-0.044859,0.014644,0.5703
-0.016484,0.068558,0.59022,-0.045014,0.04418,0.58424,-0.042893,0.01414,0.56999
-0.016401,0.06898,0.58991,-0.043876,0.0437,0.58408,-0.041007,0.013784,0.56954
-0.016238,0.068329,0.58962,-0.043186,0.043422,0.58365,-0.03886,0.013746,0.56953
-0.016203,0.068045,0.5896,-0.042225,0.042988,0.58307,-0.036916,0.01395,0.56841
-0.028295,0.071551,0.5946,-0.07489,0.065643,0.60347,-0.11468,0.052077,0.60937
-0.027859,0.071787,0.5946,-0.074418,0.065601,0.60288,-0.11434,0.052166,0.60859
-0.027753,0.071567,0.59454,-0.074364,0.065541,0.6028,-0.11413,0.051796,0.60804
-0.027846,0.071573,0.59389,-0.074292,0.065075,0.60235,-0.11425,0.051403,0.60786
-0.027715,0.071535,0.59382,-0.074215,0.064735,0.60221,-0.1136,0.050585,0.60705
-0.027549,0.071594,0.59378,-0.073803,0.064125,0.60204,-0.1134,0.049192,0.60683
-0.027529,0.071676,0.59364,-0.073645,0.063626,0.60183,-0.11313,0.048322,0.60623
-0.027469,0.071512,0.59353,-0.073586,0.063184,0.60134,-0.11276,0.047214,0.60568
-0.027419,0.071577,0.59355,-0.07329,0.063067,0.60052,-0.11203,0.045864,0.60443
-0.027468,0.071435,0.59343,-0.073148,0.062547,0.60025,-0.11161,0.044184,0.60353
-0.027386,0.071346,0.59333,-0.072805,0.0617,0.59995,-0.11092,0.0427,0.60255
-0.02742,0.071088,0.59311,-0.072424,0.061165,0.59921,-0.10985,0.041218,0.60084
-0.02731,0.071347,0.5931,-0.072044,0.060485,0.59888,-0.10888,0.039498,0.59975
-0.027481,0.071078,0.59309,-0.071678,0.060033,0.59806,-0.1077,0.037724,0.59801
-0.027296,0.07113,0.59294,-0.070942,0.058837,0.5976,-0.10641,0.035738,0.59695
-0.027194,0.070766,0.5929,-0.07059,0.05826,0.59698,-0.10513,0.034475,0.59549
-0.027194,0.070576,0.59264,-0.070192,0.057746,0.59674,-0.10368,0.032909,0.5935
-0.027055,0.070462,0.59241,-0.069635,0.057139,0.59614,-0.1021,0.031008,0.59266
-0.027043,0.070362,0.59248,-0.069344,0.056491,0.59574,-0.10016,0.029809,0.59086
-0.026994,0.070386,0.59232,-0.068876,0.055613,0.59547,-0.0985,0.028435,0.58956
-0.026893,0.070212,0.59231,-0.068161,0.055286,0.59439,-0.096581,0.026721,0.58869
-0.026973,0.070323,0.59235,-0.067501,0.054542,0.59372,-0.094745,0.025272,0.58719
-0.026843,0.070165,0.5921,-0.066936,0.05363,0.59325,-0.092736,0.02418,0.58613
-0.026763,0.069823,0.59226,-0.066347,0.053252,0.59284,-0.090746,0.022779,0.58483
-0.026783,0.069852,0.592,-0.065818,0.052291,0.59234,-0.088629,0.021614,0.58424
-0.026798,0.070042,0.59186,-0.065158,0.051905,0.59185,-0.086728,0.020901,0.58309
-0.026688,0.069779,0.59191,-0.064608,0.051616,0.59127,-0.084704,0.020074,0.58205
-0.026634,0.069616,0.59159,-0.064014,0.05107,0.59124,-0.082734,0.018946,0.58104
-0.026515,0.069435,0.59172,-0.063373,0.050779,0.59085,-0.08062,0.018129,0.58028
-0.026429,0.069461,0.59171,-0.062721,0.049879,0.59036,-0.078579,0.017818,0.57915
-0.026439,0.069518,0.59146,-0.061916,0.049279,0.58956,-0.076193,0.01696,0.57813
-0.026255,0.069587,0.59122,-0.061135,0.048825,0.58931,-0.074101,0.016421,0.57749
-0.026299,0.069233,0.59103,-0.060546,0.048379,0.58921,-0.071833,0.015914,0.57673
-0.026285,0.069558,0.59107,-0.059935,0.047944,0.58852,-0.069915,0.015643,0.57617
-0.02629,0.069321,0.59111,-0.059166,0.047683,0.58799,-0.067464,0.015126,0.57511
-0.026123,0.069215,0.59115,-0.058367,0.04686,0.5875,-0.065212,0.014507,0.57441
-0.026026,0.069364,0.59062,-0.057683,0.046777,0.58704,-0.06325,0.014461,0.57375
-0.025967,0.069324,0.59095,-0.056994,0.046174,0.58678,-0.060957,0.014256,0.57312
-0.025825,0.069379,0.59074,-0.056322,0.045593,0.58598,-0.059033,0.014045,0.57235
-0.0258,0.069184,0.59042,-0.055728,0.045445,0.58562,-0.057104,0.014119,0.57168
-0.025623,0.069056,0.59066,-0.054917,0.044835,0.58539,-0.055152,0.013728,0.57149
-0.025491,0.06884,0.59038,-0.054357,0.044341,0.585,-0.053469,0.013735,0.57098
-0.025584,0.068444,0.59028,-0.053703,0.043883,0.58518,-0.051417,0.013512,0.57053
-0.025243,0.068164,0.59029,-0.052881,0.043523,0.58441,-0.049441,0.013563,0.57014
-0.024959,0.067845,0.59034,-0.052007,0.042504,0.58413,-0.047407,0.013369,0.56976
-0.024939,0.068048,0.58993,-0.051162,0.042298,0.58393,-0.045321,0.013284,0.56905
-0.037005,0.071678,0.59558,-0.083457,0.065268,0.60398,-0.1235,0.052004,0.60947
-0.036452,0.07171,0.59542,-0.082837,0.065057,0.60355,-0.12312,0.05175,0.60889
-0.036407,0.071807,0.59516,-0.08278,0.065114,0.60339,-0.12309,0.051567,0.60848
-0.036271,0.071617,0.59501,-0.082795,0.064647,0.60349,-0.12288,0.051094,0.60815
-0.03629,0.071793,0.59464,-0.082608,0.064273,0.60282,-0.12246,0.049794,0.60748
-0.036196,0.071681,0.59473,-0.08249,0.063861,0.60276,-0.12226,0.04849,0.60706
-0.036225,0.071489,0.59439,-0.08251,0.06339,0.60216,-0.12207,0.048079,0.60625
-0.036104,0.071588,0.59432,-0.082183,0.063131,0.60193,-0.12158,0.04682,0.60571
-0.036097,0.071594,0.59407,-0.08211,0.062582,0.60103,-0.12098,0.045942,0.60459
-0.035991,0.071428,0.59405,-0.081724,0.062269,0.60064,-0.12036,0.044338,0.60358
-0.035975,0.071177,0.59387,-0.081667,0.061352,0.60064,-0.11961,0.04248,0.60209
-0.036093,0.071489,0.59391,-0.081394,0.06078,0.5996,-0.11872,0.040403,0.60133
-0.03596,0.071261,0.59372,-0.080855,0.060045,0.59932,-0.11749,0.039222,0.5998
-0.035888,0.071065,0.59351,-0.080751,0.059479,0.59875,-0.11645,0.037477,0.59854
-0.035825,0.07114,0.59348,-0.08012,0.058751,0.59799,-0.11503,0.035498,0.59711
-0.035839,0.070975,0.59387,-0.079736,0.057948,0.59761,-0.11381,0.033906,0.5955
-0.035859,0.071014,0.59366,-0.079344,0.057285,0.59734,-0.11228,0.032286,0.5942
-0.035681,0.070932,0.59324,-0.078931,0.056792,0.59705,-0.11066,0.030667,0.59291
-0.035722,0.070857,0.59326,-0.07834,0.056145,0.59625,-0.10887,0.029474,0.59136
-0.035677,0.070866,0.59318,-0.077775,0.05523,0.59605,-0.10734,0.02797,0.59017
-0.035626,0.070622,0.59299,-0.077134,0.054544,0.59543,-0.1054,0.026098,0.58892
-0.035495,0.070439,0.59294,-0.076544,0.054243,0.59478,-0.10312,0.024868,0.58768
-0.035537,0.070381,0.59283,-0.076038,0.053668,0.59386,-0.10135,0.023744,0.58633
-0.035477,0.070306,0.5924,-0.075059,0.052817,0.59334,-0.099419,0.022301,0.58515
-0.035304,0.069999,0.59268,-0.074607,0.052317,0.59261,-0.097371,0.021555,0.58436
-0.035264,0.070177,0.59253,-0.073948,0.051865,0.59201,-0.095566,0.020786,0.58369
-0.035317,0.070096,0.59247,-0.073446,0.051203,0.5919,-0.093411,0.019751,0.58217
-0.035254,0.069974,0.59221,-0.072893,0.050907,0.59198,-0.091492,0.01874,0.58145
-0.035286,0.06989,0.59202,-0.072198,0.050314,0.59124,-0.089477,0.018164,0.58018
-0.035119,0.069722,0.59202,-0.071575,0.049765,0.59087,-0.087428,0.017257,0.57963
-0.034928,0.069634,0.59174,-0.070807,0.049127,0.5906,-0.085086,0.016763,0.57878
-0.034825,0.069771,0.59167,-0.070187,0.048572,0.59026,-0.08288,0.016212,0.57793
-0.034862,0.069605,0.59192,-0.069389,0.048042,0.58952,-0.080872,0.015695,0.57732
-0.034822,0.069686,0.59156,-0.068854,0.047446,0.58901,-0.078697,0.015166,0.57643
-0.034628,0.069404,0.59141,-0.067966,0.047004,0.58865,-0.076535,0.014811,0.57573
-0.034614,0.069475,0.59123,-0.067489,0.046456,0.58793,-0.074411,0.014546,0.57501
-0.034371,0.069087,0.5914,-0.066345,0.046695,0.58753,-0.07209,0.014256,0.57402
-0.03445,0.069221,0.59124,-0.06583,0.04566,0.58706,-0.070109,0.014021,0.57368
-0.034392,0.06913,0.59115,-0.065204,0.045134,0.58711,-0.067897,0.014006,0.57292
-0.034401,0.069047,0.59095,-0.064505,0.045129,0.58655,-0.065889,0.013817,0.57229
-0.034308,0.068906,0.59084,-0.063733,0.044392,0.5863,-0.063762,0.013643,0.57191
-0.034184,0.068547,0.59095,-0.063462,0.044537,0.58591,-0.061938,0.01372,0.57146
-0.033962,0.068447,0.59063,-0.062376,0.043699,0.58576,-0.059832,0.014014,0.57076
-0.033774,0.067956,0.59077,-0.061639,0.042738,0.58511,-0.05799,0.013321,0.57053
-0.033647,0.068198,0.59086,-0.061049,0.042557,0.58457,-0.056062,0.013239,0.57037
-0.033526,0.067834,0.59067,-0.059905,0.0419,0.58411,-0.053871,0.013099,0.56965
-0.045645,0.071755,0.59574,-0.092347,0.064778,0.6043,-0.13243,0.051668,0.6097
-0.045229,0.07158,0.59544,-0.091838,0.06482,0.60433,-0.13191,0.05153,0.60881
-0.045135,0.07148,0.59528,-0.091706,0.064824,0.60379,-0.13174,0.051408,0.60877
-0.045253,0.071722,0.59541,-0.091607,0.064476,0.60336,-0.13171,0.050309,0.60828
-0.045208,0.071469,0.59519,-0.091512,0.06399,0.60334,-0.13149,0.049526,0.60754
-0.045181,0.071707,0.595,-0.091291,0.063563,0.60278,-0.13118,0.048636,0.60731
-0.045114,0.071657,0.5952,-0.091184,0.063202,0.60227,-0.13061,0.047545,0.60665
-0.044967,0.071836,0.59491,-0.090867,0.062858,0.60238,-0.12994,0.046566,0.606
-0.044977,0.071684,0.59483,-0.090787,0.062453,0.60206,-0.12946,0.04585,0.60493
-0.044964,0.071381,0.59478,-0.09051,0.061731,0.60128,-0.12884,0.04405,0.6037
-0.044898,0.071298,0.59465,-0.090214,0.061145,0.60102,-0.12824,0.042238,0.60273
-0.044929,0.071197,0.59439,-0.090087,0.060639,0.59992,-0.12744,0.040139,0.60176
-0.044839,0.071304,0.59453,-0.08961,0.060057,0.5997,-0.1262,0.038856,0.59986
-0.044699,0.071094,0.5944,-0.08932,0.059129,0.59925,-0.12502,0.036884,0.59895
-0.044819,0.071076,0.59437,-0.088625,0.058548,0.59833,-0.12378,0.035168,0.59753
-0.044595,0.071069,0.59419,-0.088311,0.057611,0.59799,-0.12213,0.033583,0.59575
-0.044627,0.07089,0.59397,-0.08793,0.056985,0.59739,-0.12083,0.031676,0.59457
-0.044517,0.070684,0.59398,-0.087394,0.05624,0.59704,-0.11932,0.030572,0.59292
-0.04461,0.070604,0.5937,-0.086941,0.055681,0.5967,-0.11774,0.029313,0.59152
-0.044474,0.070651,0.59364,-0.086576,0.055252,0.59654,-0.11586,0.027821,0.59021
-0.044415,0.070417,0.59359,-0.085792,0.05449,0.59608,-0.11399,0.026293,0.58872
-0.044332,0.070242,0.59356,-0.08532,0.053686,0.59514,-0.11211,0.024708,0.58806
-0.044311,0.069979,0.59355,-0.084569,0.053014,0.5945,-0.11021,0.023401,0.58684
-0.044115,0.070025,0.593,-0.084066,0.052616,0.59419,-0.10822,0.021746,0.58557
-0.044158,0.069903,0.59306,-0.083507,0.052111,0.59347,-0.10622,0.021069,0.58436
-0.044126,0.069921,0.5931,-0.082989,0.051401,0.5928,-0.10397,0.020074,0.58337
-0.043947,0.069762,0.59302,-0.082274,0.050973,0.59256,-0.10206,0.019399,0.5824
-0.044051,0.069839,0.59259,-0.081925,0.050171,0.5923,-0.10021,0.01852,0.58162
-0.04383,0.069588,0.59263,-0.081158,0.050159,0.59204,-0.097953,0.017735,0.58069
-0.043897,0.069608,0.59254,-0.080396,0.04913,0.59158,-0.096013,0.016964,0.5798
-0.043842,0.069495,0.5925,-0.07948,0.048749,0.59105,-0.093741,0.016484,0.57875
-0.043678,0.069586,0.59231,-0.078719,0.048304,0.5906,-0.091549,0.015715,0.57818
-0.043703,0.069367,0.59192,-0.077988,0.047826,0.59007,-0.089543,0.01547,0.57779
-0.043785,0.069291,0.59185,-0.077426,0.047251,0.5893,-0.087317,0.015169,0.57668
-0.04362,0.069059,0.5922,-0.076525,0.046811,0.58935,-0.085161,0.014569,0.57609
-0.043624,0.069046,0.59189,-0.07583,0.046334,0.58868,-0.082959,0.01412,0.57558
-0.04347,0.069058,0.59177,-0.075302,0.045928,0.58824,-0.081008,0.01384,0.57444
-0.043455,0.068719,0.59162,-0.07463,0.045457,0.588,-0.07905,0.013832,0.57409
-0.043493,0.068652,0.59155,-0.073912,0.045377,0.58768,-0.077153,0.013416,0.57332
-0.04316,0.068666,0.59149,-0.073272,0.044708,0.58719,-0.074801,0.013491,0.57264
-0.043124,0.06857,0.59154,-0.072318,0.044032,0.58685,-0.073107,0.013498,0.57215
-0.04301,0.068298,0.59138,-0.071617,0.043476,0.58666,-0.071134,0.013582,0.57175
-0.042995,0.067946,0.59137,-0.071109,0.043,0.58615,-0.069173,0.013465,0.57168
-0.042546,0.06767,0.59141,-0.070233,0.042508,0.58579,-0.066635,0.013223,0.5711
-0.042584,0.067877,0.59098,-0.069272,0.042054,0.58511,-0.064453,0.012661,0.57084
-0.042536,0.067554,0.59112,-0.068629,0.041572,0.58496,-0.062576,0.012409,0.57021
-0.054126,0.071635,0.59638,-0.10069,0.064631,0.60464,-0.14115,0.051557,0.60975
-0.053806,0.071657,0.59616,-0.10012,0.064429,0.60416,-0.1406,0.051065,0.60943
-0.05373,0.071607,0.59586,-0.10011,0.064044,0.60444,-0.14039,0.050913,0.60899
-0.053805,0.071572,0.59613,-0.10015,0.063817,0.60409,-0.14037,0.050053,0.60869
-0.053735,0.071522,0.59546,-0.099906,0.063654,0.60351,-0.14008,0.04947,0.60818
-0.053644,0.071649,0.59565,-0.099669,0.063205,0.60331,-0.13969,0.048861,0.60729
-0.053656,0.07162,0.59548,-0.099652,0.062771,0.60309,-0.13947,0.04775,0.60656
-0.053669,0.071351,0.59539,-0.099588,0.062151,0.60276,-0.13883,0.046674,0.60622
-0.053341,0.071369,0.59544,-0.099345,0.061886,0.60261,-0.13827,0.045167,0.60471
-0.053398,0.071359,0.59516,-0.099111,0.0614,0.60213,-0.13678,0.050815,0.60146
-0.053273,0.071332,0.59506,-0.098711,0.060759,0.60165,-0.1358,0.048878,0.59925
-0.053416,0.071174,0.59514,-0.098519,0.060083,0.60111,-0.13525,0.047163,0.59834
-0.053264,0.071068,0.59516,-0.098057,0.059628,0.60028,-0.13463,0.038636,0.60019
-0.053339,0.070898,0.5951,-0.097708,0.058509,0.5995,-0.13356,0.03688,0.59888
-0.053382,0.070806,0.59529,-0.097321,0.057555,0.59931,-0.13217,0.034745,0.59769
-0.053162,0.070534,0.59501,-0.096768,0.0572,0.59833,-0.13076,0.033385,0.59598
-0.053148,0.070284,0.59497,-0.096417,0.056596,0.59787,-0.12944,0.031757,0.59419
-0.053136,0.07032,0.5947,-0.09593,0.055998,0.59737,-0.12789,0.03062,0.59285
-0.053136,0.070288,0.59461,-0.095377,0.055342,0.59679,-0.12607,0.028844,0.59176
-0.053168,0.070299,0.59441,-0.095025,0.054683,0.59672,-0.12452,0.02724,0.59061
-0.053136,0.070147,0.59425,-0.094448,0.054221,0.59622,-0.12269,0.026027,0.58921
-0.052935,0.0698,0.5943,-0.093784,0.053549,0.5958,-0.12054,0.024519,0.5879
-0.052919,0.069754,0.59419,-0.093171,0.052645,0.5951,-0.1189,0.022659,0.58692
-0.05288,0.069777,0.59424,-0.092706,0.052521,0.59415,-0.11686,0.021803,0.58584
-0.052867,0.069802,0.59381,-0.092019,0.051676,0.5937,-0.11479,0.020692,0.58456
-0.05271,0.069597,0.59381,-0.091544,0.050732,0.59314,-0.11284,0.01976,0.58362
-0.052805,0.069765,0.59376,-0.090944,0.050447,0.59252,-0.11096,0.018949,0.58267
-0.052628,0.069573,0.59371,-0.090297,0.049666,0.59259,-0.10899,0.018352,0.58147
-0.052771,0.069503,0.59323,-0.089793,0.049136,0.59236,-0.10694,0.017417,0.58054
-0.052522,0.069328,0.59307,-0.089059,0.048857,0.59201,-0.10438,0.016608,0.58006
-0.052345,0.069178,0.59327,-0.088448,0.048139,0.59195,-0.10227,0.016107,0.57901
-0.052333,0.068952,0.59304,-0.087634,0.047796,0.59106,-0.10023,0.015276,0.57843
-0.052249,0.068981,0.59287,-0.086941,0.047451,0.59051,-0.098051,0.014967,0.57763
-0.052387,0.068959,0.59283,-0.086436,0.047113,0.59029,-0.09597,0.014724,0.57708
-0.052152,0.06866,0.59285,-0.085654,0.046202,0.58978,-0.093773,0.014209,0.57642
-0.052204,0.068985,0.59271,-0.085043,0.046061,0.58942,-0.091825,0.013836,0.5754
-0.051902,0.068475,0.5926,-0.084202,0.045829,0.58871,-0.089695,0.013479,0.5752
-0.052038,0.0687,0.59243,-0.083238,0.044954,0.58842,-0.087396,0.01351,0.57413
-0.052008,0.0681,0.59257,-0.082564,0.044654,0.58792,-0.085605,0.012999,0.57341
-0.051811,0.068055,0.59267,-0.081911,0.044115,0.58747,-0.08364,0.012836,0.57323
-0.051793,0.067889,0.59241,-0.081189,0.043645,0.58738,-0.081821,0.012827,0.57297
-0.05156,0.067778,0.59248,-0.080479,0.043515,0.58675,-0.079847,0.01338,0.57208
-0.051401,0.067761,0.59177,-0.079767,0.04291,0.58652,-0.077836,0.013136,0.57158
-0.051146,0.067299,0.59177,-0.078774,0.042199,0.58612,-0.075866,0.012463,0.57119
-0.051007,0.067424,0.59175,-0.077801,0.041336,0.58575,-0.073693,0.01219,0.57088
-0.050985,0.066889,0.5918,-0.077027,0.040995,0.58543,-0.071973,0.01244,0.57081
-0.06306,0.071182,0.59735,-0.10934,0.064118,0.60527,-0.14961,0.051102,0.61016
-0.062657,0.071224,0.5973,-0.10894,0.064165,0.60493,-0.15087,0.044501,0.61327
-0.062711,0.071415,0.59679,-0.10899,0.064066,0.6045,-0.14894,0.050971,0.60918
-0.062701,0.071241,0.597,-0.10868,0.063681,0.60411,-0.14875,0.050464,0.6087
-0.062682,0.071153,0.59668,-0.1086,0.063295,0.60378,-0.14869,0.049462,0.60824
-0.062513,0.071014,0.59655,-0.10826,0.062572,0.6037,-0.14704,0.055137,0.6043
-0.062433,0.070971,0.59616,-0.10833,0.062363,0.60312,-0.14818,0.047256,0.60707
-0.062392,0.070864,0.59643,-0.10805,0.061891,0.60291,-0.14756,0.046468,0.60613
-0.062426,0.070995,0.59583,-0.10786,0.06145,0.6027,-0.14629,0.052131,0.60272
-0.062387,0.07074,0.59623,-0.10757,0.060485,0.60194,-0.14591,0.050475,0.60103
-0.062253,0.070707,0.59601,-0.1072,0.060244,0.60179,-0.14512,0.049232,0.6004
-0.062403,0.070856,0.5959,-0.1071,0.059758,0.60164,-0.14445,0.04724,0.5986
-0.062328,0.070641,0.59597,-0.10681,0.058983,0.60079,-0.14343,0.045541,0.59735
-0.062247,0.070523,0.59591,-0.10629,0.058104,0.60022,-0.14246,0.043625,0.59631
-0.06236,0.070253,0.59598,-0.10587,0.057365,0.59955,-0.14164,0.034579,0.59761
-0.062096,0.070341,0.59544,-0.10525,0.056429,0.59861,-0.13969,0.032838,0.59612
-0.062002,0.070024,0.59556,-0.10471,0.055792,0.59798,-0.13808,0.031279,0.59459
-0.062031,0.069969,0.5955,-0.1045,0.055406,0.59758,-0.13652,0.030362,0.59283
-0.06191,0.069951,0.59511,-0.10386,0.054885,0.59722,-0.13491,0.028657,0.59182
-0.061839,0.069686,0.59523,-0.10329,0.05397,0.59703,-0.13309,0.026978,0.5903
-0.061774,0.069809,0.59526,-0.10275,0.05362,0.59664,-0.13128,0.025594,0.58915
-0.06171,0.069493,0.59505,-0.10222,0.052856,0.5956,-0.12936,0.02385,0.58799
-0.061726,0.069476,0.59528,-0.10168,0.052053,0.59558,-0.12756,0.022483,0.58703
-0.061663,0.069362,0.59512,-0.10115,0.051525,0.595,-0.12555,0.021708,0.58579
-0.061475,0.06891,0.59465,-0.10064,0.05117,0.59436,-0.12359,0.020573,0.58472
-0.061462,0.068905,0.59481,-0.099866,0.050375,0.5937,-0.12163,0.019332,0.58374
-0.061397,0.068699,0.59479,-0.09929,0.049851,0.59324,-0.11977,0.018397,0.58273
-0.061421,0.069032,0.59442,-0.098828,0.049088,0.59299,-0.11771,0.017681,0.58167
-0.06129,0.06874,0.59407,-0.09824,0.048705,0.5925,-0.11569,0.016882,0.58081
-0.061349,0.068518,0.59426,-0.096556,0.052743,0.59108,-0.1135,0.016306,0.58026
-0.061257,0.068542,0.59419,-0.096988,0.047994,0.59189,-0.11124,0.015645,0.57907
-0.061082,0.068346,0.59401,-0.095289,0.05211,0.59108,-0.10897,0.015273,0.57868
-0.06107,0.068382,0.59391,-0.094524,0.051721,0.59026,-0.10649,0.014802,0.57802
-0.060983,0.068496,0.59373,-0.093824,0.051052,0.58983,-0.1043,0.014421,0.57736
-0.060817,0.068094,0.59374,-0.09318,0.050249,0.58876,-0.10224,0.013789,0.5766
-0.060631,0.068106,0.59319,-0.092396,0.050016,0.58879,-0.10011,0.013494,0.57597
-0.060673,0.068099,0.5932,-0.091814,0.049858,0.58853,-0.098304,0.013349,0.57533
-0.060734,0.067939,0.59321,-0.091946,0.044388,0.58887,-0.096071,0.012838,0.57469
-0.060588,0.067898,0.59316,-0.091233,0.044464,0.58842,-0.094118,0.013008,0.57391
-0.060456,0.067636,0.59293,-0.090623,0.043565,0.58775,-0.092049,0.012536,0.57333
-0.060177,0.067518,0.59303,-0.089971,0.043127,0.58759,-0.090225,0.012476,0.57303
-0.060289,0.067578,0.59299,-0.089165,0.042538,0.58735,-0.088438,0.012811,0.57282
-0.060091,0.067317,0.59252,-0.088522,0.042126,0.58692,-0.086377,0.012329,0.57223
-0.059896,0.066994,0.59259,-0.087687,0.041495,0.58667,-0.084424,0.012018,0.57156
-0.05975,0.067056,0.59252,-0.086691,0.040768,0.58616,-0.082417,0.012026,0.57136
-0.059464,0.066705,0.59228,-0.085742,0.040567,0.58574,-0.080426,0.011901,0.57116
-0.071731,0.071242,0.59784,-0.11817,0.06406,0.60563,-0.15875,0.051893,0.61049
-0.071257,0.071551,0.59747,-0.11778,0.06381,0.60514,-0.15799,0.051437,0.60964
-0.071091,0.071515,0.59739,-0.11762,0.06391,0.6051,-0.15644,0.057853,0.60561
-0.071055,0.071317,0.59745,-0.11744,0.063485,0.60474,-0.15763,0.050707,0.60878
-0.071108,0.071387,0.59702,-0.11734,0.063341,0.60423,-0.15741,0.04979,0.60863
-0.070855,0.071273,0.59693,-0.11716,0.062781,0.60439,-0.15593,0.05565,0.60447
-0.071041,0.071143,0.59678,-0.1172,0.062067,0.60389,-0.15584,0.054397,0.60328
-0.070975,0.070966,0.59697,-0.11698,0.061734,0.60359,-0.15563,0.053844,0.60341
-0.070841,0.070962,0.59653,-0.11688,0.061159,0.60307,-0.15496,0.052424,0.60196
-0.070897,0.070439,0.59665,-0.1167,0.060236,0.60255,-0.15453,0.05073,0.601
-0.070853,0.070388,0.59634,-0.11658,0.059846,0.60186,-0.154,0.049327,0.6005
-0.070652,0.070692,0.5962,-0.11592,0.059128,0.6017,-0.1529,0.04752,0.59823
-0.070877,0.070262,0.59599,-0.11582,0.058358,0.60083,-0.15217,0.045628,0.59744
-0.070805,0.070385,0.59631,-0.11543,0.057582,0.60078,-0.15089,0.043736,0.59637
-0.070707,0.070036,0.59589,-0.11471,0.056816,0.59956,-0.14964,0.041675,0.5947
-0.070377,0.069848,0.59616,-0.11409,0.056088,0.59917,-0.14807,0.040022,0.59381
-0.070388,0.06986,0.59592,-0.11349,0.055652,0.59854,-0.14669,0.031215,0.5946
-0.070211,0.069631,0.59568,-0.11303,0.055085,0.59813,-0.14537,0.029698,0.59362
-0.070398,0.06971,0.59564,-0.11279,0.054699,0.59727,-0.14369,0.028128,0.59172
-0.070403,0.069694,0.59573,-0.11208,0.05409,0.59659,-0.14188,0.026789,0.59041
-0.07034,0.069417,0.59556,-0.11162,0.053293,0.59643,-0.13999,0.024813,0.58937
-0.070268,0.069342,0.59546,-0.1112,0.052401,0.59584,-0.13783,0.023684,0.58797
-0.070144,0.069302,0.59546,-0.1105,0.051815,0.59552,-0.13617,0.022236,0.58692
-0.070167,0.069129,0.59537,-0.10994,0.051308,0.59483,-0.13401,0.021248,0.58567
-0.070144,0.068837,0.59548,-0.1094,0.050591,0.5946,-0.13223,0.019986,0.58491
-0.070087,0.069032,0.59509,-0.10891,0.049873,0.59415,-0.13044,0.019312,0.58366
-0.070149,0.069105,0.59498,-0.10828,0.049474,0.59381,-0.12828,0.018032,0.58259
-0.069981,0.068598,0.5952,-0.10774,0.048787,0.59316,-0.12628,0.017321,0.58156
-0.069938,0.068398,0.59479,-0.10706,0.048126,0.59283,-0.12434,0.016846,0.58067
-0.069841,0.068183,0.5951,-0.10591,0.05274,0.59104,-0.12215,0.01613,0.58046
-0.069761,0.068158,0.59475,-0.10573,0.047238,0.59265,-0.12011,0.015376,0.57928
-0.069703,0.067854,0.59484,-0.10468,0.052238,0.59099,-0.11783,0.014859,0.57869
-0.069663,0.067955,0.59474,-0.10403,0.051729,0.59035,-0.11586,0.01414,0.57791
-0.069523,0.06792,0.59439,-0.10304,0.050883,0.58924,-0.11366,0.013932,0.57764
-0.069587,0.06766,0.59433,-0.10261,0.050794,0.58945,-0.11159,0.013372,0.57701
-0.069523,0.067648,0.59417,-0.10185,0.050009,0.58871,-0.10964,0.013145,0.5763
-0.069451,0.067678,0.59419,-0.10104,0.049474,0.58824,-0.10704,0.013124,0.57536
-0.069279,0.067347,0.59384,-0.10053,0.049298,0.58777,-0.10477,0.012757,0.57488
-0.069348,0.066944,0.59381,-0.099851,0.048541,0.58731,-0.1029,0.012361,0.57448
-0.068995,0.067057,0.59352,-0.098962,0.047941,0.58658,-0.1007,0.012104,0.57386
-0.06901,0.066906,0.59374,-0.098299,0.04761,0.58637,-0.098887,0.012085,0.57333
-0.068849,0.066596,0.59337,-0.097932,0.047375,0.58605,-0.097134,0.01223,0.57318
-0.068807,0.06618,0.59348,-0.097138,0.046613,0.58568,-0.095032,0.011781,0.57246
-0.068747,0.066352,0.59336,-0.096841,0.040919,0.58704,-0.093093,0.011658,0.57208
-0.068566,0.065996,0.59306,-0.095663,0.040405,0.5869,-0.090922,0.011498,0.57155
-0.068554,0.065738,0.59271,-0.095147,0.04002,0.58638,-0.089138,0.011383,0.57117
-0.080336,0.070862,0.59789,-0.12666,0.06342,0.6058,-0.16533,0.057949,0.60577
-0.079933,0.071025,0.59749,-0.12651,0.063327,0.60573,-0.1653,0.05794,0.60567
-0.079762,0.071168,0.5973,-0.12617,0.063339,0.60527,-0.16474,0.057449,0.60539
-0.079787,0.071069,0.59712,-0.12624,0.062975,0.605,-0.16487,0.057093,0.60554
-0.079713,0.071109,0.59685,-0.12608,0.062628,0.6046,-0.16485,0.05647,0.605
-0.079708,0.071119,0.59699,-0.12584,0.062083,0.60412,-0.16446,0.055548,0.60437
-0.079664,0.07073,0.59713,-0.12571,0.06172,0.60375,-0.16419,0.0543,0.60336
-0.079629,0.070386,0.5966,-0.12549,0.060992,0.60351,-0.16422,0.053525,0.60347
-0.079536,0.070406,0.59681,-0.12547,0.060517,0.60317,-0.16409,0.052515,0.603
-0.079614,0.070386,0.59678,-0.12513,0.059679,0.60284,-0.1632,0.051042,0.60183
-0.079668,0.070292,0.59649,-0.12498,0.059091,0.60246,-0.16241,0.049393,0.59997
-0.079644,0.070249,0.59648,-0.12472,0.058778,0.60174,-0.16166,0.047831,0.59878
-0.079607,0.070254,0.59629,-0.12433,0.058094,0.60096,-0.16046,0.045574,0.59673
-0.079566,0.069823,0.59625,-0.12386,0.05712,0.60056,-0.1594,0.04367,0.59596
-0.079491,0.069958,0.59604,-0.12352,0.05658,0.60005,-0.15798,0.041769,0.59459
-0.079364,0.069653,0.59601,-0.12296,0.05566,0.59973,-0.15686,0.040111,0.59317
-0.079513,0.069595,0.59614,-0.1226,0.05535,0.59906,-0.15535,0.031265,0.59457
-0.079302,0.069457,0.596,-0.12224,0.054712,0.5983,-0.15392,0.02961,0.59334
-0.079354,0.069248,0.59584,-0.12154,0.05406,0.59773,-0.15234,0.028052,0.59226
-0.079325,0.069093,0.5961,-0.12116,0.053275,0.59692,-0.15079,0.026496,0.59085
-0.079205,0.069411,0.59587,-0.12045,0.052826,0.59633,-0.14878,0.024935,0.58967
-0.079286,0.069021,0.59575,-0.12005,0.051949,0.59613,-0.14685,0.023622,0.58813
-0.079183,0.06863,0.59592,-0.11932,0.051403,0.59535,-0.14511,0.022003,0.58723
-0.079205,0.068528,0.59574,-0.11899,0.050874,0.5953,-0.14296,0.021061,0.58617
-0.079096,0.068528,0.59571,-0.11808,0.049939,0.59471,-0.14089,0.019936,0.58505
-0.078859,0.068314,0.59583,-0.11742,0.049562,0.59428,-0.13873,0.01866,0.58388
-0.078868,0.068452,0.59528,-0.1168,0.048776,0.59401,-0.13661,0.017929,0.58282
-0.079067,0.068022,0.59563,-0.11642,0.048357,0.59379,-0.13479,0.017073,0.58192
-0.078981,0.067765,0.59564,-0.11571,0.047554,0.59368,-0.13299,0.016547,0.58119
-0.078665,0.067688,0.59552,-0.11505,0.047333,0.59286,-0.13088,0.015727,0.58033
-0.078833,0.068028,0.59526,-0.11424,0.046567,0.5923,-0.1286,0.015019,0.57929
-0.078602,0.067666,0.59521,-0.11376,0.045958,0.59241,-0.12642,0.014176,0.57877
-0.078637,0.067382,0.59512,-0.11251,0.051493,0.59007,-0.1243,0.013768,0.5783
-0.078581,0.067425,0.59482,-0.11187,0.05128,0.59003,-0.12219,0.013396,0.57776
-0.07834,0.067085,0.59502,-0.11079,0.0503,0.58889,-0.11994,0.012912,0.57676
-0.078299,0.06712,0.59484,-0.11051,0.04999,0.58892,-0.11806,0.012674,0.57633
-0.078144,0.066787,0.59466,-0.10938,0.04936,0.58849,-0.11579,0.012408,0.57567
-0.078358,0.066679,0.5946,-0.10891,0.048977,0.58769,-0.11387,0.012263,0.57524
-0.078058,0.06672,0.59443,-0.10801,0.048611,0.58757,-0.11181,0.012022,0.57471
-0.077872,0.066618,0.59439,-0.10757,0.048168,0.58698,-0.10985,0.011882,0.57385
-0.077797,0.066459,0.59425,-0.10656,0.047764,0.58677,-0.10768,0.011745,0.57351
-0.077812,0.066165,0.59408,-0.10623,0.047329,0.58678,-0.1057,0.011597,0.57313
-0.077604,0.066012,0.59395,-0.10525,0.046819,0.5859,-0.10378,0.011161,0.573
-0.077475,0.065852,0.59378,-0.10476,0.046082,0.58558,-0.1017,0.011262,0.57235
-0.077264,0.065676,0.59343,-0.10426,0.039877,0.58692,-0.099593,0.01089,0.5718
-0.077387,0.065573,0.5935,-0.10344,0.039174,0.58649,-0.09735,0.011049,0.5715
-0.08867,0.070923,0.59819,-0.13517,0.063264,0.60611,-0.1757,0.051648,0.61029
-0.088464,0.071182,0.59814,-0.135,0.063202,0.60602,-0.17549,0.051446,0.61055
-0.088372,0.071061,0.59805,-0.13479,0.063337,0.60562,-0.17515,0.051226,0.6098
-0.088326,0.070859,0.59775,-0.13486,0.062926,0.60556,-0.17377,0.05739,0.60597
-0.088434,0.070977,0.5974,-0.13479,0.062375,0.60529,-0.17372,0.056581,0.60503
-0.088116,0.07075,0.59752,-0.13453,0.062007,0.60496,-0.17312,0.055842,0.60493
-0.088203,0.070606,0.59754,-0.13426,0.06116,0.60429,-0.17279,0.054362,0.60404
-0.088051,0.070251,0.59709,-0.13394,0.060566,0.60365,-0.17251,0.053416,0.60345
-0.088194,0.070201,0.59744,-0.13392,0.059974,0.6037,-0.17245,0.052502,0.60286
-0.088119,0.069993,0.59717,-0.1338,0.059304,0.60281,-0.17199,0.050613,0.60124
-0.088145,0.069657,0.59696,-0.13343,0.058859,0.60228,-0.17115,0.049302,0.60036
-0.088099,0.069493,0.59723,-0.13315,0.057986,0.60191,-0.17001,0.047814,0.59836
-0.088273,0.069714,0.59696,-0.13286,0.057487,0.60135,-0.16936,0.045725,0.59766
-0.087936,0.069343,0.59685,-0.13214,0.05681,0.60041,-0.16797,0.043795,0.59614
-0.088021,0.069006,0.59663,-0.13198,0.05603,0.60012,-0.16662,0.041774,0.59452
-0.087897,0.068934,0.59667,-0.13142,0.055418,0.60015,-0.16569,0.040093,0.59322
-0.087743,0.068861,0.59648,-0.13104,0.054922,0.59959,-0.16399,0.038116,0.59126
-0.087695,0.069014,0.5964,-0.13054,0.053997,0.5991,-0.1625,0.036302,0.5898
-0.087795,0.068822,0.59648,-0.12993,0.053414,0.59825,-0.1609,0.034854,0.58936
-0.087747,0.068797,0.59648,-0.12957,0.05281,0.59781,-0.15935,0.033474,0.58861
-0.087601,0.068491,0.59628,-0.12892,0.051952,0.59651,-0.1574,0.031626,0.58562
-0.087555,0.068315,0.59629,-0.12835,0.051367,0.59629,-0.15563,0.030315,0.58471
-0.087523,0.068407,0.59617,-0.12771,0.05051,0.5958,-0.154,0.028865,0.58354
-0.087518,0.068384,0.59595,-0.12729,0.050077,0.59553,-0.15157,0.020533,0.58612
-0.087354,0.06818,0.59603,-0.12662,0.049093,0.59515,-0.14957,0.026277,0.58148
-0.087338,0.068029,0.59579,-0.12621,0.048834,0.59433,-0.14763,0.018661,0.58393
-0.087266,0.068123,0.59567,-0.12551,0.048157,0.59428,-0.14532,0.024187,0.57918
-0.087383,0.067568,0.59577,-0.12508,0.047746,0.59378,-0.14325,0.01695,0.58183
-0.087332,0.06762,0.59593,-0.12447,0.047119,0.59348,-0.1413,0.016312,0.58063
-0.087075,0.067574,0.59569,-0.12348,0.046342,0.59319,-0.13911,0.015432,0.58032
-0.087175,0.067385,0.59573,-0.12301,0.046126,0.59299,-0.13688,0.014842,0.57945
-0.087145,0.067224,0.59566,-0.12135,0.052012,0.58997,-0.1349,0.014407,0.57877
-0.086982,0.067121,0.5958,-0.12067,0.051284,0.58887,-0.13264,0.013764,0.5783
-0.086898,0.067131,0.59539,-0.1198,0.05109,0.58924,-0.13049,0.013195,0.57761
-0.086865,0.066964,0.5956,-0.11925,0.050527,0.58897,-0.12852,0.012919,0.5769
-0.086864,0.066541,0.59531,-0.11886,0.050092,0.58864,-0.12631,0.012367,0.57603
-0.086904,0.066759,0.59497,-0.11797,0.049478,0.58818,-0.12437,0.01174,0.57557
-0.086727,0.066577,0.5949,-0.11753,0.049196,0.58863,-0.12247,0.011775,0.57542
-0.086644,0.066566,0.59499,-0.11677,0.048656,0.58761,-0.12036,0.011552,0.5748
-0.086555,0.066482,0.59482,-0.11616,0.048131,0.58708,-0.11839,0.01144,0.57384
-0.086298,0.065898,0.59497,-0.11534,0.047868,0.58678,-0.11664,0.011249,0.57357
-0.08638,0.065762,0.59476,-0.11444,0.047078,0.586,-0.11465,0.011489,0.5733
-0.086345,0.065586,0.59446,-0.11423,0.046734,0.58588,-0.11284,0.010797,0.57342
-0.086079,0.064984,0.59482,-0.11334,0.046159,0.5855,-0.11066,0.010623,0.57254
-0.085833,0.06502,0.59407,-0.1129,0.039722,0.5872,-0.10839,0.010649,0.57202
-0.085838,0.064908,0.59423,-0.11186,0.038856,0.58693,-0.10651,0.010307,0.57181
-0.097237,0.06993,0.59898,-0.14365,0.062488,0.60684,-0.18231,0.058029,0.60746
-0.096649,0.070008,0.59863,-0.14327,0.062529,0.60622,-0.18183,0.057443,0.60642
-0.096831,0.0703,0.59849,-0.14335,0.062267,0.60607,-0.18172,0.057163,0.60604
-0.096683,0.070132,0.59838,-0.14316,0.061898,0.6058,-0.1818,0.057,0.60603
-0.096792,0.070169,0.59799,-0.14311,0.061635,0.6053,-0.18161,0.056041,0.60503
-0.096723,0.070264,0.59813,-0.14288,0.061016,0.60486,-0.18174,0.055131,0.60477
-0.096604,0.070173,0.59812,-0.14255,0.06085,0.60467,-0.18163,0.054255,0.6044
-0.096587,0.070195,0.59794,-0.1426,0.060201,0.60434,-0.18134,0.053618,0.6033
-0.096556,0.070039,0.59786,-0.14212,0.059867,0.60347,-0.18127,0.053139,0.60357
-0.096538,0.069933,0.59803,-0.14209,0.059837,0.60308,-0.18047,0.051518,0.60269
-0.096679,0.069661,0.59764,-0.142,0.058911,0.60296,-0.18023,0.049826,0.60045
-0.09685,0.069462,0.59775,-0.14163,0.058461,0.60229,-0.17928,0.047963,0.59906
-0.096795,0.069581,0.5975,-0.1412,0.057666,0.60127,-0.17848,0.045729,0.59783
-0.096372,0.069118,0.59755,-0.14072,0.056652,0.60026,-0.1768,0.043698,0.59606
-0.096523,0.069085,0.59725,-0.14061,0.055692,0.60009,-0.17586,0.041696,0.595
-0.09634,0.068495,0.59698,-0.14026,0.055179,0.59979,-0.17447,0.040122,0.59311
-0.096222,0.068556,0.59691,-0.13973,0.054524,0.5999,-0.1731,0.03817,0.59209
-0.096251,0.068522,0.59672,-0.13914,0.054061,0.59893,-0.17123,0.036289,0.59002
-0.096225,0.068417,0.597,-0.13868,0.05324,0.59836,-0.16962,0.034972,0.58929
-0.096184,0.068324,0.59689,-0.13821,0.052372,0.59798,-0.16772,0.033383,0.587
-0.096085,0.068244,0.59669,-0.1377,0.051569,0.5972,-0.16595,0.031764,0.58576
-0.09606,0.068096,0.5965,-0.13722,0.050837,0.59638,-0.16426,0.030241,0.58463
-0.096018,0.067789,0.59639,-0.13666,0.050003,0.5959,-0.16235,0.028955,0.58398
-0.096114,0.067807,0.59621,-0.13599,0.049182,0.59572,-0.15967,0.027253,0.58103
-0.096009,0.067338,0.59651,-0.13557,0.048649,0.59528,-0.15812,0.02623,0.58077
-0.095822,0.067388,0.59641,-0.13488,0.048105,0.59497,-0.15593,0.025216,0.5802
-0.095791,0.06747,0.59631,-0.13438,0.047247,0.59462,-0.15424,0.024257,0.57936
-0.09563,0.067463,0.5961,-0.13364,0.047036,0.59429,-0.15236,0.016486,0.58213
-0.095909,0.066968,0.59624,-0.13327,0.046681,0.59383,-0.15037,0.016147,0.58135
-0.095773,0.067152,0.59613,-0.13259,0.046211,0.5931,-0.14836,0.02171,0.57621
-0.095756,0.067147,0.59623,-0.13196,0.045535,0.59249,-0.14581,0.014416,0.5793
-0.095358,0.06655,0.59599,-0.13065,0.051877,0.58963,-0.14364,0.013729,0.57918
-0.095546,0.066865,0.5956,-0.1298,0.051665,0.58963,-0.14177,0.01328,0.578
-0.095602,0.066458,0.59571,-0.12923,0.051096,0.58961,-0.13939,0.013262,0.57743
-0.095551,0.066337,0.59582,-0.12798,0.050251,0.58924,-0.1371,0.012149,0.57709
-0.095326,0.066466,0.59554,-0.12734,0.049932,0.58781,-0.13492,0.012047,0.57602
-0.095182,0.066228,0.59536,-0.1267,0.049451,0.58787,-0.13283,0.011661,0.57598
-0.095239,0.066162,0.5954,-0.12617,0.049034,0.58748,-0.1311,0.011454,0.57539
-0.095245,0.065716,0.5953,-0.12545,0.048681,0.58733,-0.12883,0.01155,0.57438
-0.094966,0.065348,0.59514,-0.12482,0.048344,0.58705,-0.12694,0.011296,0.57397
-0.094734,0.065277,0.5949,-0.12427,0.047737,0.58676,-0.12483,0.011045,0.5739
-0.094894,0.065426,0.59488,-0.12368,0.046957,0.58605,-0.12328,0.010924,0.57346
-0.094618,0.064946,0.59479,-0.12279,0.046369,0.58543,-0.12107,0.010532,0.57293
-0.094425,0.064656,0.59473,-0.12156,0.046183,0.5858,-0.11886,0.010375,0.57258
-0.094291,0.06439,0.59471,-0.12073,0.045653,0.58545,-0.11683,0.010395,0.57206
-0.094135,0.064206,0.59426,-0.12004,0.044738,0.58434,-0.11497,0.0099777,0.57187
-0.10562,0.069359,0.59948,-0.15268,0.06199,0.60663,-0.19164,0.057452,0.60739
-0.10532,0.069264,0.59888,-0.15206,0.061808,0.60644,-0.19124,0.057217,0.60686
-0.10542,0.069256,0.59885,-0.15208,0.061772,0.60617,-0.19114,0.057075,0.60683
-0.10537,0.068945,0.59878,-0.15227,0.060938,0.60613,-0.19128,0.056527,0.60594
-0.10517,0.069229,0.59836,-0.15179,0.060927,0.60539,-0.19086,0.055911,0.60567
-0.1053,0.069172,0.59843,-0.15189,0.060767,0.60538,-0.19046,0.05468,0.60432
-0.10523,0.069033,0.59843,-0.1514,0.060053,0.60453,-0.19008,0.053894,0.60397
-0.10518,0.069023,0.59816,-0.1514,0.059716,0.60436,-0.19006,0.05301,0.60339
-0.10498,0.069233,0.59799,-0.15089,0.059296,0.60377,-0.18999,0.052452,0.60352
-0.10504,0.069125,0.59829,-0.15074,0.058888,0.60337,-0.18913,0.051078,0.60225
-0.10516,0.069166,0.59805,-0.15045,0.058387,0.60283,-0.18863,0.050078,0.6009
-0.10508,0.069014,0.59801,-0.15023,0.058262,0.60235,-0.18747,0.048336,0.59927
-0.10517,0.068944,0.59792,-0.14986,0.057272,0.60148,-0.18691,0.04631,0.59798
-0.10525,0.06894,0.59782,-0.14953,0.056645,0.60112,-0.18582,0.044448,0.59706
-0.10362,0.069246,0.59748,-0.1475,0.056007,0.59995,-0.18439,0.041835,0.59551
-0.10511,0.067994,0.59786,-0.1484,0.05428,0.60007,-0.18297,0.039666,0.59325
-0.10488,0.068005,0.59746,-0.14815,0.054114,0.59933,-0.18099,0.03763,0.59137
-0.10478,0.067471,0.59726,-0.14774,0.053275,0.59896,-0.17942,0.036301,0.59036
-0.10488,0.067411,0.59733,-0.14748,0.052746,0.59902,-0.1782,0.034903,0.5893
-0.10478,0.067461,0.59713,-0.14667,0.052107,0.5982,-0.17644,0.033373,0.58737
-0.1049,0.067029,0.597,-0.14629,0.051088,0.59738,-0.1747,0.031778,0.58657
-0.10485,0.067128,0.59714,-0.14491,0.057326,0.59372,-0.17294,0.030345,0.58513
-0.10467,0.067142,0.5972,-0.1448,0.049533,0.59626,-0.17059,0.028919,0.58324
-0.10487,0.066932,0.59697,-0.14353,0.055809,0.59202,-0.16853,0.027445,0.5818
-0.10473,0.066972,0.59707,-0.14402,0.048763,0.59512,-0.16671,0.026405,0.58063
-0.10475,0.066989,0.59695,-0.14205,0.054602,0.59063,-0.16451,0.025299,0.58009
-0.10456,0.066604,0.59703,-0.14292,0.047478,0.59378,-0.1625,0.024263,0.5782
-0.10466,0.066801,0.59672,-0.14221,0.047022,0.59371,-0.16114,0.023415,0.5785
-0.1048,0.06619,0.597,-0.14076,0.053326,0.59052,-0.15908,0.015996,0.58123
-0.10458,0.06596,0.59678,-0.14024,0.052866,0.5901,-0.15686,0.015344,0.58031
-0.10459,0.06631,0.5969,-0.13946,0.052445,0.58986,-0.15487,0.014503,0.57983
-0.10451,0.065975,0.59665,-0.13979,0.045026,0.59267,-0.15283,0.020509,0.57523
-0.10446,0.065718,0.59653,-0.13821,0.051371,0.58867,-0.15047,0.01305,0.57829
-0.10437,0.065588,0.59647,-0.1379,0.050846,0.58867,-0.14871,0.019395,0.5742
-0.10426,0.065525,0.59632,-0.13722,0.050303,0.58847,-0.14585,0.012262,0.57704
-0.10436,0.065652,0.59615,-0.13658,0.050339,0.58889,-0.14375,0.011642,0.57616
-0.10422,0.065677,0.59586,-0.13569,0.049388,0.58776,-0.14159,0.011581,0.57538
-0.104,0.065519,0.59602,-0.13514,0.049237,0.58766,-0.13952,0.011285,0.57498
-0.1039,0.064966,0.59589,-0.13431,0.048625,0.58723,-0.13753,0.010868,0.5749
-0.10378,0.064886,0.59581,-0.13352,0.047938,0.58653,-0.13553,0.011017,0.57432
-0.10369,0.064652,0.59526,-0.13282,0.047911,0.5862,-0.13373,0.011219,0.57348
-0.10369,0.064632,0.59519,-0.1323,0.047336,0.58622,-0.13182,0.010929,0.57329
-0.10357,0.06463,0.59535,-0.13131,0.04642,0.58562,-0.12974,0.010404,0.57326
-0.10314,0.06427,0.59525,-0.13072,0.04595,0.58522,-0.12749,0.010374,0.57259
-0.10317,0.064061,0.59497,-0.12976,0.045385,0.58468,-0.12551,0.0099706,0.57216
-0.1031,0.063817,0.59507,-0.12924,0.044933,0.58423,-0.1237,0.010054,0.57183
-0.11435,0.068674,0.59964,-0.16091,0.061324,0.60657,-0.20021,0.057407,0.60805
-0.114,0.068566,0.59927,-0.16072,0.061143,0.6065,-0.19981,0.057138,0.6075
-0.11399,0.068466,0.59887,-0.16071,0.06102,0.60628,-0.19991,0.056918,0.60747
-0.11385,0.068691,0.59862,-0.16068,0.06074,0.60607,-0.1997,0.056036,0.60615
-0.1139,0.068439,0.59891,-0.16053,0.060494,0.60575,-0.19938,0.055828,0.6059
-0.11386,0.068263,0.59839,-0.16035,0.060118,0.60497,-0.1993,0.054666,0.60536
-0.11394,0.068368,0.59837,-0.16024,0.05944,0.60471,-0.19918,0.053985,0.605
-0.11384,0.068408,0.59843,-0.15992,0.059434,0.60413,-0.199,0.053129,0.60474
-0.11371,0.068296,0.59847,-0.15956,0.058943,0.60377,-0.19812,0.051896,0.60333
-0.11384,0.068316,0.59828,-0.15958,0.058326,0.60344,-0.19799,0.050589,0.6022
-0.11389,0.068307,0.59837,-0.15931,0.057743,0.60312,-0.19686,0.049078,0.60049
-0.11376,0.068297,0.59833,-0.15898,0.05736,0.60259,-0.19613,0.04749,0.59973
-0.11367,0.068213,0.5981,-0.15845,0.056936,0.60154,-0.19473,0.045761,0.59812
-0.11349,0.067807,0.59818,-0.15803,0.056004,0.6013,-0.19377,0.043988,0.5969
-0.11337,0.068151,0.59796,-0.15759,0.055458,0.60035,-0.19254,0.041719,0.59532
-0.1136,0.06772,0.59797,-0.15735,0.054473,0.60035,-0.19095,0.04007,0.59335
-0.11371,0.067639,0.5979,-0.15702,0.053923,0.59974,-0.18975,0.038353,0.5926
-0.11361,0.067442,0.5979,-0.1563,0.053153,0.59904,-0.18805,0.036587,0.591
-0.11351,0.067065,0.59746,-0.1559,0.052233,0.59904,-0.18692,0.03494,0.58992
-0.11361,0.066943,0.59746,-0.15539,0.051719,0.59822,-0.18497,0.033362,0.58812
-0.11359,0.06717,0.59733,-0.15468,0.051046,0.59742,-0.18332,0.031808,0.58713
-0.11352,0.066408,0.59719,-0.15398,0.0502,0.59712,-0.18122,0.030363,0.58497
-0.11356,0.066595,0.59732,-0.15305,0.056529,0.5933,-0.17944,0.029115,0.58359
-0.11345,0.066525,0.59722,-0.15173,0.055794,0.59186,-0.17699,0.027596,0.5817
-0.11345,0.066369,0.59727,-0.15097,0.055437,0.59167,-0.17479,0.026611,0.5806
-0.11338,0.066311,0.59721,-0.1507,0.054821,0.59104,-0.17292,0.025418,0.57942
-0.1133,0.066262,0.59712,-0.14984,0.05449,0.59057,-0.17098,0.024466,0.57893
-0.11323,0.066184,0.59699,-0.14954,0.053763,0.58986,-0.16909,0.0234,0.57813
-0.11326,0.065804,0.59714,-0.14911,0.053189,0.59017,-0.16764,0.022793,0.57845
-0.11333,0.065864,0.59692,-0.14876,0.052809,0.5898,-0.16566,0.021995,0.57727
-0.11332,0.065708,0.59669,-0.14788,0.052363,0.58934,-0.16348,0.021434,0.57644
-0.11308,0.065681,0.5968,-0.14732,0.051921,0.58893,-0.1611,0.020584,0.57487
-0.113,0.065502,0.59678,-0.14664,0.051272,0.58873,-0.1591,0.020114,0.57401
-0.113,0.065266,0.59677,-0.14594,0.051043,0.58778,-0.15686,0.019548,0.57417
-0.1129,0.065376,0.59673,-0.14502,0.050562,0.58781,-0.15484,0.018912,0.57353
-0.11298,0.064906,0.5966,-0.14496,0.050425,0.58884,-0.15291,0.018479,0.57283
-0.11284,0.064986,0.59654,-0.14358,0.049408,0.588,-0.1505,0.011253,0.57615
-0.11291,0.064947,0.59649,-0.1435,0.049106,0.58747,-0.1484,0.011243,0.57499
-0.11263,0.064709,0.59636,-0.14262,0.048678,0.58703,-0.14595,0.011202,0.57443
-0.11272,0.064506,0.59645,-0.14198,0.048067,0.5864,-0.14433,0.011044,0.57411
-0.11234,0.064399,0.59601,-0.14152,0.047821,0.58638,-0.14234,0.01104,0.57383
-0.1124,0.064134,0.59611,-0.14093,0.046964,0.58566,-0.14049,0.010602,0.57362
-0.11215,0.063866,0.59572,-0.14014,0.046582,0.58529,-0.13832,0.01037,0.573
-0.11215,0.063807,0.59581,-0.13926,0.046044,0.5851,-0.13637,0.010467,0.57291
-0.11221,0.06372,0.59541,-0.13817,0.045464,0.58531,-0.13445,0.010205,0.57205
-0.1121,0.063368,0.59541,-0.1373,0.045072,0.58442,-0.13246,0.009791,0.57178
-0.12076,0.067943,0.59946,-0.16762,0.061422,0.60695,-0.20774,0.057462,0.60946
-0.12209,0.067572,0.59941,-0.16903,0.06096,0.60681,-0.21002,0.050436,0.61151
-0.12191,0.06791,0.59913,-0.16879,0.060871,0.60664,-0.20945,0.049964,0.61041
-0.12224,0.067938,0.59911,-0.16893,0.060698,0.60623,-0.20947,0.049321,0.61001
-0.12184,0.067702,0.5991,-0.16853,0.060259,0.60589,-0.2077,0.055969,0.60743
-0.12206,0.067794,0.59897,-0.16847,0.06007,0.60522,-0.20875,0.047433,0.60853
-0.12207,0.067823,0.59868,-0.16686,0.06643,0.60204,-0.20782,0.05409,0.60617
-0.12195,0.067461,0.59888,-0.16813,0.059325,0.60478,-0.20752,0.053039,0.6053
-0.12197,0.067388,0.59902,-0.16783,0.058615,0.60429,-0.20678,0.051879,0.60438
-0.12194,0.067668,0.5988,-0.16755,0.058273,0.60334,-0.2064,0.050607,0.60337
-0.12201,0.067409,0.59893,-0.16764,0.057872,0.60347,-0.20572,0.04938,0.60193
-0.12202,0.067615,0.59867,-0.16568,0.064298,0.5994,-0.20457,0.047436,0.60006
-0.12208,0.067719,0.59876,-0.16518,0.063451,0.59828,-0.20346,0.04571,0.59851
-0.12212,0.067197,0.59834,-0.16638,0.056043,0.60117,-0.20295,0.043666,0.59775
-0.12175,0.067487,0.59827,-0.16476,0.061934,0.59725,-0.20166,0.041854,0.59611
-0.12193,0.067361,0.59806,-0.16563,0.054549,0.60028,-0.20057,0.039975,0.5943
-0.12175,0.067237,0.59777,-0.16498,0.053814,0.59967,-0.19866,0.038261,0.59241
-0.12172,0.067067,0.59786,-0.1634,0.060118,0.59617,-0.19734,0.036704,0.59119
-0.12303,0.062026,0.59962,-0.16292,0.059342,0.59565,-0.19587,0.035127,0.59003
-0.12153,0.067029,0.59757,-0.16232,0.058862,0.59532,-0.19371,0.033603,0.58728
-0.1218,0.066825,0.59768,-0.16182,0.057885,0.59417,-0.19187,0.032082,0.58622
-0.12199,0.066681,0.59759,-0.16172,0.057527,0.5947,-0.19025,0.030579,0.5851
-0.12171,0.06645,0.59772,-0.16114,0.056612,0.59379,-0.18824,0.029256,0.58373
-0.12156,0.066471,0.59761,-0.16013,0.056171,0.59272,-0.18581,0.028023,0.58247
-0.12148,0.06612,0.59727,-0.15917,0.055413,0.59109,-0.1838,0.026866,0.58089
-0.12172,0.066348,0.59738,-0.15873,0.054994,0.59145,-0.18183,0.025705,0.57947
-0.12156,0.06581,0.59714,-0.15847,0.054483,0.59081,-0.17977,0.024779,0.57831
-0.12153,0.065941,0.59727,-0.15767,0.054066,0.59021,-0.17849,0.024033,0.57847
-0.12178,0.065632,0.59739,-0.15787,0.053502,0.59097,-0.1767,0.022928,0.57794
-0.1215,0.065289,0.59703,-0.15727,0.053059,0.59007,-0.1749,0.022366,0.57771
-0.12146,0.06548,0.59703,-0.15624,0.052413,0.58889,-0.17199,0.02133,0.57588
-0.12148,0.06517,0.59702,-0.15557,0.052041,0.58877,-0.17015,0.020824,0.57544
-0.12145,0.065084,0.59677,-0.1551,0.051567,0.5885,-0.16783,0.020346,0.57452
-0.12145,0.064975,0.59682,-0.15435,0.051034,0.58859,-0.16531,0.019528,0.5736
-0.12144,0.064939,0.59677,-0.15392,0.05072,0.58843,-0.16344,0.019219,0.57352
-0.12136,0.064759,0.59649,-0.1532,0.050082,0.58746,-0.16142,0.018891,0.5729
-0.12142,0.064522,0.59653,-0.15242,0.04988,0.5872,-0.15922,0.018451,0.57197
-0.1212,0.064463,0.5965,-0.15175,0.049677,0.58703,-0.15712,0.018133,0.57111
-0.12111,0.06438,0.59659,-0.1512,0.048923,0.58738,-0.15534,0.01814,0.57134
-0.12109,0.064272,0.59648,-0.15043,0.048441,0.5868,-0.153,0.011175,0.57425
-0.121,0.063908,0.59636,-0.14967,0.048075,0.58644,-0.15127,0.0038039,0.57763
-0.12079,0.0638,0.59631,-0.14937,0.047619,0.58551,-0.14897,0.0029693,0.57728
-0.12061,0.063859,0.59606,-0.14833,0.047131,0.58542,-0.14675,0.00347,0.57678
-0.12049,0.063233,0.59615,-0.14761,0.046564,0.58506,-0.14455,0.0031603,0.57647
-0.12042,0.063106,0.59579,-0.14686,0.04538,0.58423,-0.14255,0.0025926,0.57613
-0.12047,0.062778,0.59594,-0.14574,0.044989,0.58386,-0.14065,0.0023403,0.57581
-0.12682,0.067543,0.59995,-0.17081,0.068358,0.60474,-0.21222,0.057324,0.60948
-0.12682,0.067588,0.5996,-0.17099,0.067928,0.60388,-0.21203,0.057142,0.60854
-0.12803,0.067277,0.59915,-0.1749,0.061443,0.60644,-0.21466,0.05695,0.60897
-0.12815,0.06761,0.59943,-0.17489,0.06049,0.60661,-0.2141,0.056338,0.6074
-0.12898,0.061746,0.60134,-0.17591,0.052861,0.60884,-0.21298,0.05579,0.607
-0.12773,0.06727,0.59925,-0.17428,0.059966,0.60571,-0.2138,0.054694,0.60687
-0.12759,0.067238,0.59893,-0.17407,0.059361,0.60528,-0.21369,0.054014,0.60653
-0.12755,0.067359,0.5989,-0.17381,0.059302,0.6049,-0.21318,0.053202,0.60557
-0.12768,0.067438,0.59902,-0.17355,0.058855,0.60414,-0.21263,0.052045,0.60506
-0.12793,0.067171,0.59894,-0.17368,0.058259,0.60402,-0.21276,0.050626,0.6036
-0.12828,0.067065,0.5987,-0.1717,0.064699,0.60075,-0.21185,0.049302,0.60322
-0.12824,0.06723,0.59857,-0.17173,0.064066,0.59923,-0.21178,0.047652,0.60143
-0.12843,0.067166,0.59883,-0.17329,0.056584,0.60247,-0.21058,0.045766,0.59924
-0.12859,0.067426,0.59849,-0.17095,0.062812,0.5983,-0.20945,0.043834,0.59808
-0.12736,0.067213,0.59868,-0.17003,0.061986,0.59776,-0.20724,0.04172,0.59649
-0.12765,0.066997,0.59861,-0.16938,0.061425,0.59728,-0.20594,0.040029,0.5951
-0.1279,0.067002,0.59846,-0.17139,0.053702,0.59997,-0.20526,0.038511,0.59381
-0.12804,0.066757,0.59833,-0.17112,0.053258,0.59962,-0.20395,0.036895,0.59199
-0.12754,0.066561,0.5982,-0.16868,0.059295,0.59574,-0.20096,0.034936,0.58986
-0.12833,0.06647,0.59803,-0.16916,0.058544,0.59597,-0.20011,0.033437,0.58851
-0.12817,0.066346,0.59815,-0.16854,0.058067,0.59534,-0.19819,0.032161,0.58664
-0.12763,0.066124,0.59779,-0.16753,0.057666,0.59497,-0.19594,0.030756,0.58591
-0.12803,0.06632,0.59784,-0.16725,0.056877,0.59382,-0.19451,0.029672,0.58439
-0.12792,0.066227,0.59756,-0.16729,0.056221,0.59293,-0.19261,0.02827,0.58275
-0.1277,0.065955,0.59786,-0.16583,0.055736,0.59234,-0.18987,0.027133,0.58131
-0.12794,0.065694,0.59756,-0.16562,0.055519,0.59164,-0.18821,0.026173,0.5801
-0.12778,0.065778,0.59747,-0.16493,0.05495,0.59097,-0.18612,0.025299,0.57907
-0.12742,0.065448,0.59774,-0.16414,0.054116,0.58977,-0.1841,0.024252,0.57792
-0.12789,0.06547,0.5976,-0.16382,0.05363,0.59038,-0.18256,0.023164,0.57827
-0.12781,0.065235,0.59739,-0.16329,0.053094,0.59006,-0.18048,0.022732,0.5769
-0.12807,0.065125,0.59727,-0.16331,0.052936,0.5897,-0.17883,0.021699,0.57644
-0.12787,0.065062,0.59718,-0.16238,0.052208,0.58862,-0.17696,0.02134,0.5751
-0.12768,0.064907,0.59729,-0.16114,0.051796,0.58803,-0.17371,0.020665,0.57467
-0.12767,0.064789,0.59682,-0.16094,0.051206,0.58797,-0.17227,0.020063,0.57383
-0.12769,0.06469,0.597,-0.16032,0.050893,0.588,-0.16987,0.01942,0.57343
-0.12765,0.064773,0.59637,-0.15987,0.050464,0.5879,-0.168,0.018935,0.5729
-0.12773,0.064585,0.59657,-0.15918,0.050202,0.58728,-0.16578,0.018863,0.57205
-0.12767,0.064174,0.59653,-0.15818,0.049713,0.58741,-0.16345,0.018535,0.57139
-0.12679,0.064087,0.59629,-0.15647,0.049497,0.58722,-0.16032,0.018221,0.57117
-0.12723,0.063908,0.59615,-0.15689,0.048914,0.58694,-0.15935,0.018215,0.57097
-0.12691,0.063899,0.59591,-0.1555,0.048065,0.58582,-0.15688,0.017986,0.57017
-0.12671,0.06368,0.59627,-0.15452,0.047724,0.58604,-0.15453,0.017997,0.5705
-0.1272,0.063902,0.59629,-0.15489,0.047267,0.58523,-0.15356,0.017736,0.5696
-0.12685,0.063622,0.59598,-0.15392,0.046769,0.58514,-0.15128,0.017747,0.56902
-0.12691,0.063137,0.59588,-0.1531,0.046155,0.58455,-0.14927,0.017533,0.56868
-0.12668,0.063145,0.59573,-0.1525,0.045382,0.58398,-0.14736,0.01722,0.5684
