-0.078473,0.052114,0.52706,-0.086873,0.11975,0.57372
-0.079996,0.049075,0.52779,-0.087227,0.11636,0.5731
-0.080762,0.047165,0.52542,-0.087075,0.1138,0.57121
-0.081624,0.04497,0.52086,-0.086783,0.11186,0.56948
-0.083372,0.042449,0.51971,-0.086049,0.10956,0.56678
-0.084211,0.040476,0.51551,-0.085667,0.1075,0.56385
-0.085315,0.038233,0.51285,-0.085617,0.10551,0.5614
-0.086513,0.036121,0.51042,-0.085349,0.10342,0.55908
-0.087626,0.034176,0.50809,-0.08506,0.10129,0.5566
-0.089112,0.032129,0.50526,-0.084868,0.098847,0.55412
-0.090378,0.030192,0.50071,-0.084582,0.096733,0.55122
-0.091663,0.028214,0.49894,-0.084883,0.094429,0.54892
-0.092973,0.026273,0.49595,-0.08472,0.092224,0.54644
-0.094535,0.024445,0.49301,-0.084759,0.089208,0.54374
-0.096426,0.022482,0.49053,-0.084696,0.087052,0.54115
-0.097723,0.020615,0.48783,-0.085102,0.085056,0.53839
-0.099837,0.021987,0.48362,-0.085701,0.082422,0.53626
-0.10134,0.020476,0.4805,-0.085523,0.080553,0.53285
-0.10285,0.015275,0.47882,-0.085868,0.079201,0.53019
-0.10486,0.016827,0.47522,-0.086144,0.076037,0.52737
-0.10679,0.014663,0.47248,-0.086582,0.073844,0.52463
-0.10862,0.012932,0.46954,-0.086967,0.072455,0.52185
-0.11067,0.011003,0.46732,-0.087693,0.070188,0.51905
-0.11234,0.0092036,0.46445,-0.088379,0.068145,0.51639
-0.1144,0.0077211,0.46186,-0.088639,0.066204,0.51345
-0.11633,0.0063018,0.45906,-0.08943,0.063953,0.51042
-0.11846,0.0048421,0.45661,-0.089896,0.062261,0.50741
-0.12041,0.0029811,0.45423,-0.090761,0.060187,0.50447
-0.1222,0.001629,0.45133,-0.091495,0.059006,0.50154
-0.12466,6.2067e-05,0.44864,-0.092567,0.056591,0.49849
-0.12657,-0.0013436,0.44571,-0.093591,0.053995,0.4955
-0.12892,-0.0033303,0.44373,-0.094479,0.052688,0.49269
-0.13106,-0.004261,0.44114,-0.095452,0.050857,0.48985
-0.13305,-0.0078944,0.44037,-0.096493,0.048972,0.48672
-0.13555,-0.0070659,0.43657,-0.097424,0.046909,0.48361
-0.079102,0.051531,0.52862,-0.087572,0.11869,0.57539
-0.079339,0.049966,0.52611,-0.086877,0.11682,0.57242
-0.080581,0.047621,0.52424,-0.086647,0.11442,0.57045
-0.081481,0.045388,0.52019,-0.086334,0.11248,0.56812
-0.082947,0.043166,0.51797,-0.085778,0.11074,0.5657
-0.08397,0.04079,0.515,-0.08528,0.10832,0.56332
-0.085078,0.038585,0.51242,-0.085189,0.1064,0.56065
-0.085908,0.036706,0.5092,-0.085023,0.10384,0.5583
-0.087141,0.034651,0.50595,-0.084614,0.10139,0.5557
-0.088836,0.03256,0.50414,-0.084394,0.099269,0.55317
-0.090077,0.030717,0.50053,-0.084431,0.097027,0.55071
-0.091293,0.028757,0.49776,-0.084483,0.094659,0.54812
-0.092549,0.026671,0.4951,-0.084515,0.092144,0.54561
-0.094507,0.024899,0.49259,-0.084409,0.090213,0.5429
-0.095859,0.022887,0.48956,-0.084573,0.087858,0.54036
-0.097539,0.021012,0.48691,-0.084631,0.085856,0.53752
-0.099368,0.022725,0.48282,-0.085191,0.083087,0.5351
-0.10061,0.017343,0.48103,-0.085147,0.081528,0.53203
-0.10304,0.018815,0.47713,-0.085482,0.079371,0.52932
-0.10467,0.017278,0.47441,-0.085814,0.076846,0.52656
-0.1058,0.011874,0.47306,-0.08627,0.07492,0.52385
-0.10784,0.0099653,0.47038,-0.086831,0.072291,0.52105
-0.11053,0.011432,0.46671,-0.087255,0.071104,0.51831
-0.11208,0.0098462,0.46378,-0.087939,0.068615,0.51554
-0.11427,0.0082761,0.46112,-0.088434,0.067322,0.51252
-0.1162,0.0064521,0.45861,-0.089174,0.064697,0.50939
-0.11797,0.0049865,0.4558,-0.089618,0.062711,0.50646
-0.12015,0.0030777,0.45341,-0.090492,0.060555,0.50364
-0.12205,0.0019496,0.45061,-0.091391,0.059167,0.50072
-0.12421,0.00060978,0.44808,-0.092084,0.057253,0.49766
-0.12649,-0.0013752,0.44487,-0.093217,0.054824,0.49464
-0.12883,-0.0025428,0.44293,-0.094295,0.053441,0.49183
-0.13096,-0.0040943,0.44059,-0.095255,0.051334,0.48896
-0.1329,-0.0054681,0.43809,-0.096035,0.04946,0.48575
-0.13467,-0.0090094,0.43723,-0.09731,0.047679,0.48271
-0.080583,0.049435,0.53167,-0.089163,0.11706,0.57804
-0.080631,0.048269,0.52825,-0.088306,0.11568,0.57506
-0.081525,0.046435,0.52671,-0.087701,0.11334,0.57246
-0.08224,0.044126,0.52229,-0.087119,0.11153,0.5699
-0.083663,0.041655,0.51963,-0.08661,0.10948,0.56778
-0.084138,0.040106,0.51574,-0.086298,0.10685,0.56469
-0.085521,0.038111,0.51342,-0.086075,0.10469,0.56238
-0.086379,0.036244,0.51037,-0.085835,0.10245,0.56001
-0.08773,0.034382,0.50711,-0.085208,0.10133,0.55668
-0.089168,0.032347,0.50384,-0.084934,0.098437,0.55416
-0.090439,0.030212,0.50105,-0.084885,0.096323,0.55155
-0.091282,0.028556,0.49745,-0.084624,0.094529,0.54831
-0.09257,0.026677,0.49521,-0.084698,0.091835,0.54608
-0.094353,0.024703,0.49248,-0.084504,0.090202,0.54297
-0.095957,0.02291,0.49006,-0.084623,0.087214,0.54088
-0.097583,0.021021,0.48713,-0.084654,0.085695,0.53751
-0.098792,0.019334,0.4841,-0.085186,0.083114,0.5351
-0.10128,0.020708,0.47981,-0.085633,0.081293,0.53235
-0.10312,0.018614,0.4771,-0.085412,0.079368,0.52946
-0.1047,0.017321,0.47424,-0.085754,0.07726,0.52659
-0.10642,0.015255,0.47167,-0.086235,0.075161,0.52387
-0.10845,0.013354,0.46923,-0.086919,0.072067,0.52118
-0.11044,0.011729,0.46636,-0.087308,0.070749,0.51827
-0.11214,0.0098865,0.46382,-0.08799,0.068268,0.5155
-0.11419,0.0082651,0.4611,-0.088504,0.066127,0.51239
-0.11599,0.0068192,0.45829,-0.089128,0.065009,0.50943
-0.11804,0.0048717,0.45597,-0.089646,0.062569,0.50634
-0.12025,0.0030407,0.45353,-0.090488,0.060324,0.50366
-0.12199,0.0018782,0.45055,-0.091274,0.059341,0.50063
-0.12422,0.0006147,0.44813,-0.092112,0.057072,0.49763
-0.12656,-0.0013135,0.44536,-0.093458,0.054314,0.49459
-0.12873,-0.002742,0.4428,-0.094312,0.053333,0.49181
-0.13082,-0.0039297,0.44063,-0.095236,0.051106,0.48892
-0.1326,-0.0076462,0.43967,-0.096137,0.049296,0.48582
-0.13455,-0.0090015,0.43684,-0.097312,0.04766,0.48271
-0.082385,0.047362,0.53491,-0.091344,0.11461,0.58157
-0.082245,0.046844,0.53136,-0.089952,0.11372,0.57802
-0.082942,0.04433,0.52855,-0.089355,0.11204,0.57543
-0.083651,0.042135,0.52588,-0.088689,0.10969,0.57298
-0.084587,0.040032,0.52296,-0.088272,0.10694,0.57074
-0.0861,0.038178,0.51958,-0.087675,0.10522,0.56769
-0.086891,0.036234,0.51568,-0.087311,0.10319,0.56531
-0.087762,0.03441,0.51274,-0.08681,0.10146,0.56203
-0.089043,0.032389,0.50996,-0.086521,0.099529,0.55962
-0.090095,0.030624,0.50697,-0.086553,0.097103,0.55713
-0.091764,0.028674,0.5039,-0.086097,0.095223,0.55409
-0.092783,0.026523,0.50066,-0.085991,0.092735,0.55128
-0.094142,0.024955,0.49792,-0.086155,0.090595,0.54927
-0.095544,0.022975,0.4955,-0.085936,0.087972,0.54621
-0.097597,0.024392,0.49095,-0.086287,0.085823,0.54379
-0.098647,0.019563,0.48982,-0.085999,0.083546,0.54069
-0.099997,0.017594,0.48617,-0.086454,0.081971,0.53786
-0.1021,0.019364,0.4828,-0.086565,0.079597,0.535
-0.10386,0.017784,0.47951,-0.086708,0.07756,0.53189
-0.10496,0.012137,0.47794,-0.086756,0.075508,0.52905
-0.1074,0.013853,0.47383,-0.0872,0.073688,0.52634
-0.10857,0.008397,0.4729,-0.087716,0.071083,0.52317
-0.11107,0.01059,0.46836,-0.088257,0.069139,0.52036
-0.11291,0.0081288,0.46611,-0.088792,0.06767,0.51769
-0.11469,0.00725,0.46297,-0.089076,0.065718,0.51443
-0.1167,0.0056399,0.45973,-0.089851,0.063281,0.51135
-0.11864,0.0038685,0.45731,-0.090333,0.061763,0.50833
-0.12064,0.0024369,0.45486,-0.091216,0.059608,0.50547
-0.12254,0.00087497,0.45186,-0.092212,0.057142,0.50255
-0.12486,-0.00017113,0.44975,-0.093019,0.056004,0.49963
-0.12599,-0.0041826,0.44713,-0.093974,0.053989,0.49643
-0.12903,-0.0031325,0.44409,-0.094903,0.052053,0.49352
-0.13122,-0.0044384,0.44197,-0.095743,0.049981,0.49053
-0.13344,-0.0065383,0.43927,-0.096691,0.0487,0.48771
-0.13503,-0.0097379,0.43839,-0.09774,0.046301,0.48421
-0.084346,0.044462,0.53852,-0.092895,0.11327,0.58441
-0.084186,0.044128,0.53526,-0.091536,0.11211,0.58058
-0.084661,0.042073,0.53223,-0.09097,0.11026,0.5784
-0.085283,0.040402,0.52901,-0.090195,0.10851,0.57557
-0.086279,0.038258,0.52571,-0.090052,0.10533,0.57349
-0.087496,0.036164,0.52293,-0.089299,0.10386,0.57063
-0.088723,0.034094,0.51929,-0.089213,0.10121,0.56847
-0.089234,0.032484,0.51581,-0.08844,0.099041,0.56546
-0.090762,0.030414,0.51351,-0.088323,0.096947,0.56296
-0.091568,0.028311,0.51033,-0.08799,0.095228,0.5601
-0.093288,0.026416,0.50694,-0.08804,0.092635,0.5575
-0.09463,0.024871,0.50412,-0.087626,0.090697,0.5545
-0.095435,0.023207,0.5005,-0.087561,0.088483,0.55228
-0.097622,0.02426,0.49703,-0.087543,0.086057,0.54942
-0.098302,0.01925,0.49431,-0.08747,0.083813,0.54638
-0.10009,0.017532,0.49175,-0.087673,0.082189,0.54378
-0.10203,0.019093,0.48871,-0.087942,0.079951,0.54152
-0.10279,0.013827,0.48708,-0.087626,0.077833,0.53763
-0.10453,0.011758,0.48339,-0.087985,0.075451,0.53511
-0.10696,0.013402,0.48033,-0.08853,0.073245,0.5329
-0.10869,0.012261,0.47702,-0.088735,0.071529,0.52937
-0.1103,0.010299,0.474,-0.089255,0.069251,0.52661
-0.11225,0.0080327,0.47102,-0.089804,0.066851,0.52418
-0.11403,0.0067185,0.46858,-0.089974,0.065616,0.52064
-0.11595,0.0049922,0.46572,-0.090619,0.062852,0.51814
-0.11758,0.0034399,0.46296,-0.091073,0.061301,0.5151
-0.11999,0.0022091,0.46047,-0.091783,0.059201,0.51188
-0.12174,0.00057508,0.45773,-0.092522,0.058112,0.50894
-0.12369,-0.00081059,0.45488,-0.093185,0.055589,0.50554
-0.12592,-0.0022233,0.45227,-0.094246,0.053714,0.50292
-0.12807,-0.0040648,0.44957,-0.094911,0.052669,0.49978
-0.13004,-0.0050927,0.44699,-0.095959,0.050416,0.49685
-0.13223,-0.0061132,0.44436,-0.096888,0.048314,0.49388
-0.13448,-0.0074057,0.44193,-0.097507,0.046598,0.49037
-0.13654,-0.0090996,0.43951,-0.098609,0.045069,0.48755
-0.085825,0.042409,0.54137,-0.095069,0.11084,0.58759
-0.086157,0.041378,0.53802,-0.093482,0.11028,0.58381
-0.087304,0.039802,0.53621,-0.093117,0.10778,0.58154
-0.087451,0.038054,0.53186,-0.091841,0.10642,0.57857
-0.088611,0.035952,0.53027,-0.09154,0.10432,0.57656
-0.089205,0.033807,0.52607,-0.091251,0.10211,0.57384
-0.090294,0.032031,0.52194,-0.091042,0.099117,0.57166
-0.091619,0.029958,0.51993,-0.090387,0.097247,0.56904
-0.092664,0.028097,0.51644,-0.090166,0.09467,0.56644
-0.093506,0.026101,0.51347,-0.089961,0.092806,0.56365
-0.094899,0.024223,0.5106,-0.089445,0.091216,0.56036
-0.096324,0.022467,0.50802,-0.089347,0.088291,0.55799
-0.097535,0.020686,0.50442,-0.089183,0.0864,0.55519
-0.099409,0.022154,0.50075,-0.08946,0.083626,0.5531
-0.099921,0.017104,0.49818,-0.089098,0.081626,0.54972
-0.10197,0.015018,0.49575,-0.089576,0.079482,0.54755
-0.10321,0.013344,0.49281,-0.089129,0.078026,0.54417
-0.10477,0.011174,0.49022,-0.089309,0.075464,0.54175
-0.10638,0.0095533,0.48795,-0.089755,0.073545,0.53857
-0.10853,0.011534,0.48341,-0.090098,0.071396,0.53593
-0.11028,0.0098091,0.48103,-0.090413,0.069833,0.53286
-0.11162,0.007922,0.4772,-0.090839,0.066833,0.52992
-0.11356,0.0061461,0.47449,-0.091328,0.064767,0.52732
-0.1156,0.0043657,0.47188,-0.091384,0.063223,0.52437
-0.11724,0.0034448,0.46906,-0.091935,0.061007,0.5211
-0.11914,0.0019165,0.46672,-0.092946,0.058176,0.51891
-0.12125,-8.1168e-05,0.46402,-0.09348,0.057365,0.51607
-0.12336,-0.0012898,0.46153,-0.094523,0.054596,0.51338
-0.12531,-0.0030753,0.45852,-0.094956,0.053309,0.50985
-0.12713,-0.0043684,0.45552,-0.095343,0.052839,0.5062
-0.12965,-0.0062261,0.4536,-0.096667,0.04971,0.50414
-0.13167,-0.0072641,0.4505,-0.097358,0.047747,0.50065
-0.13344,-0.0078904,0.44784,-0.098067,0.045706,0.49757
-0.13541,-0.0096063,0.44505,-0.098951,0.044667,0.49452
-0.13785,-0.010933,0.44333,-0.10014,0.042262,0.4915
-0.088385,0.039976,0.54645,-0.096872,0.10964,0.59066
-0.088348,0.039508,0.54372,-0.095583,0.10793,0.58706
-0.089251,0.037719,0.53929,-0.094472,0.10625,0.58388
-0.089337,0.035927,0.53535,-0.094004,0.10406,0.58203
-0.090578,0.033597,0.53349,-0.093755,0.10226,0.57989
-0.091128,0.03196,0.53004,-0.093041,0.10026,0.57685
-0.092462,0.02983,0.52653,-0.092767,0.097143,0.57486
-0.093393,0.028123,0.52206,-0.092491,0.095016,0.57224
-0.094719,0.025789,0.52013,-0.09184,0.093048,0.56923
-0.095453,0.024228,0.51656,-0.092121,0.089892,0.56746
-0.096668,0.021913,0.51419,-0.091454,0.088731,0.56426
-0.098231,0.020033,0.51128,-0.091233,0.086695,0.56173
-0.099978,0.021721,0.50684,-0.091296,0.084529,0.55895
-0.10089,0.01638,0.50496,-0.091484,0.081184,0.55654
-0.10189,0.014744,0.50192,-0.091311,0.07925,0.55368
-0.10401,0.016282,0.49901,-0.091307,0.076958,0.55109
-0.10557,0.014636,0.49549,-0.091436,0.075452,0.54836
-0.10705,0.012531,0.493,-0.091623,0.072579,0.5457
-0.10852,0.011002,0.49007,-0.091712,0.070517,0.54295
-0.10974,0.0094772,0.48688,-0.09163,0.069712,0.53927
-0.11189,0.0071756,0.48429,-0.092334,0.066667,0.53669
-0.1134,0.005554,0.48113,-0.092495,0.064757,0.53385
-0.11537,0.0039375,0.47873,-0.093,0.062518,0.53121
-0.11708,0.0025204,0.47542,-0.093117,0.061183,0.52793
-0.11911,0.00057099,0.47278,-0.093739,0.059388,0.52517
-0.12083,-0.00023987,0.47005,-0.094251,0.056994,0.52192
-0.12281,-0.0018206,0.46769,-0.094993,0.055131,0.51948
-0.12497,-0.0041605,0.46466,-0.095668,0.053336,0.51659
-0.12687,-0.0056387,0.46212,-0.096686,0.050772,0.51432
-0.1288,-0.0064459,0.45942,-0.097105,0.049249,0.51049
-0.13083,-0.007999,0.45678,-0.098227,0.046461,0.50796
-0.13307,-0.0087304,0.45484,-0.098781,0.045593,0.50408
-0.13518,-0.010731,0.45161,-0.099717,0.043612,0.50153
-0.13741,-0.012298,0.44977,-0.10106,0.041209,0.4994
-0.13943,-0.013864,0.44723,-0.10188,0.039808,0.49633
-0.090129,0.038212,0.54886,-0.099182,0.10745,0.59386
-0.090475,0.037065,0.54669,-0.097329,0.1066,0.58999
-0.091078,0.035315,0.54302,-0.096976,0.10393,0.58784
-0.091807,0.033548,0.54005,-0.095746,0.10213,0.58425
-0.092785,0.031402,0.537,-0.095822,0.10001,0.5828
-0.093549,0.029498,0.5332,-0.09547,0.09788,0.58064
-0.094445,0.027567,0.53112,-0.094589,0.095636,0.5779
-0.095444,0.025744,0.52654,-0.094366,0.093212,0.57547
-0.097227,0.023483,0.52464,-0.094141,0.090759,0.573
-0.097725,0.021875,0.51981,-0.093637,0.089196,0.57014
-0.098595,0.020097,0.51707,-0.09367,0.0861,0.56784
-0.10003,0.017977,0.51507,-0.093161,0.083827,0.56475
-0.10151,0.016296,0.51084,-0.093121,0.08217,0.56247
-0.103,0.013968,0.50873,-0.092934,0.079888,0.55939
-0.10395,0.012151,0.50539,-0.093297,0.076978,0.55731
-0.10549,0.010375,0.50242,-0.092826,0.075826,0.55381
-0.10713,0.0083645,0.4995,-0.092927,0.072911,0.55104
-0.10885,0.010377,0.49617,-0.093581,0.070447,0.54932
-0.11005,0.0049942,0.49387,-0.093585,0.068677,0.54601
-0.11188,0.0068855,0.4905,-0.093902,0.066951,0.54332
-0.1139,0.0047889,0.48822,-0.09425,0.064236,0.54117
-0.11563,0.0034072,0.48494,-0.094209,0.062611,0.53726
-0.11713,0.0020325,0.48198,-0.094481,0.060713,0.53437
-0.11893,0.00049889,0.47915,-0.094996,0.058936,0.5316
-0.12105,-0.0012681,0.47682,-0.095622,0.056612,0.52882
-0.1229,-0.0028557,0.47404,-0.09644,0.054573,0.52655
-0.12469,-0.0048841,0.471,-0.096996,0.05205,0.52341
-0.12659,-0.0060373,0.46843,-0.097499,0.051161,0.52027
-0.12893,-0.0079195,0.46639,-0.098513,0.048306,0.5182
-0.13067,-0.0087153,0.46313,-0.098822,0.046601,0.51465
-0.1327,-0.010157,0.46044,-0.099948,0.043824,0.5123
-0.1346,-0.011422,0.45795,-0.10075,0.042803,0.50841
-0.13708,-0.013497,0.45545,-0.1016,0.041078,0.50565
-0.13922,-0.0149,0.45399,-0.10264,0.038936,0.50326
-0.14104,-0.015656,0.45063,-0.10351,0.037791,0.49989
-0.092728,0.035512,0.55137,-0.10104,0.10511,0.59649
-0.092676,0.034889,0.54931,-0.099751,0.10446,0.59322
-0.093335,0.033296,0.54656,-0.098828,0.10305,0.59068
-0.09462,0.03132,0.54357,-0.098377,0.10001,0.58807
-0.095261,0.028832,0.5406,-0.098184,0.097755,0.58618
-0.095957,0.027392,0.53736,-0.097135,0.09608,0.58309
-0.096775,0.025359,0.53456,-0.096606,0.09376,0.58077
-0.097603,0.023821,0.53039,-0.096482,0.0917,0.57864
-0.098896,0.021428,0.52664,-0.096326,0.088904,0.5762
-0.10018,0.019472,0.52477,-0.095505,0.086702,0.5732
-0.10129,0.017457,0.52096,-0.095576,0.084011,0.57118
-0.10225,0.015714,0.51873,-0.095279,0.082349,0.56852
-0.10377,0.013564,0.51503,-0.095029,0.079673,0.5654
-0.10484,0.01177,0.51238,-0.095483,0.077912,0.56308
-0.10627,0.0099602,0.50874,-0.095098,0.075495,0.56035
-0.1079,0.011983,0.5054,-0.095031,0.073025,0.55774
-0.10678,0.016738,0.5015,-0.095028,0.071243,0.5547
-0.10812,0.014683,0.49795,-0.095023,0.069462,0.55165
-0.10716,0.015305,0.49642,-0.095764,0.0666,0.54974
-0.10842,0.013337,0.4925,-0.095865,0.063566,0.54718
-0.11002,0.011436,0.4902,-0.096056,0.062784,0.54409
-0.1116,0.0098414,0.48665,-0.096252,0.060635,0.54142
-0.11339,0.0081021,0.48376,-0.096931,0.057569,0.53863
-0.11527,0.0060726,0.48141,-0.097321,0.056166,0.53546
-0.1171,0.0047634,0.47942,-0.097694,0.054506,0.53279
-0.11872,0.0035484,0.475,-0.09856,0.051624,0.53016
-0.12065,0.0020663,0.47357,-0.098955,0.050471,0.52719
-0.12221,0.00046041,0.46986,-0.099568,0.047842,0.52422
-0.12378,-0.00063307,0.46646,-0.0999,0.04606,0.52126
-0.12639,-0.0024634,0.46513,-0.10076,0.044545,0.51889
-0.12816,-0.0038248,0.46187,-0.10189,0.041652,0.51591
-0.13006,-0.0047936,0.45983,-0.10276,0.039897,0.51292
-0.13196,-0.005978,0.45621,-0.10363,0.0386,0.50999
-0.13421,-0.0074202,0.45472,-0.10408,0.037336,0.50638
-0.13606,-0.0086664,0.45194,-0.10541,0.03537,0.50399
-0.09513,0.033726,0.55579,-0.1035,0.10319,0.59963
-0.094677,0.032884,0.55166,-0.10198,0.1023,0.59646
-0.095121,0.031387,0.54984,-0.10116,0.10071,0.59403
-0.096503,0.029128,0.54799,-0.1005,0.098962,0.59156
-0.097441,0.027217,0.54307,-0.10013,0.096227,0.58895
-0.098396,0.025053,0.54032,-0.099423,0.093624,0.58651
-0.098973,0.023415,0.53784,-0.098964,0.091734,0.58422
-0.099906,0.021346,0.53446,-0.0988,0.089136,0.58201
-0.10129,0.019222,0.53119,-0.09812,0.087344,0.57888
-0.10261,0.017119,0.52776,-0.097839,0.084168,0.57652
-0.10352,0.0153,0.52471,-0.09762,0.08204,0.57422
-0.10427,0.01338,0.52121,-0.09768,0.080149,0.57184
-0.10559,0.011268,0.51877,-0.097347,0.077532,0.56917
-0.10752,0.0093742,0.51549,-0.097301,0.075548,0.56679
-0.1086,0.0078297,0.51201,-0.097226,0.073744,0.56363
-0.11033,0.0056114,0.50986,-0.096827,0.071467,0.56048
-0.11153,0.007336,0.50603,-0.097449,0.068668,0.5583
-0.11318,0.0053208,0.50317,-0.097613,0.066515,0.55595
-0.11471,0.0036732,0.50047,-0.098023,0.063864,0.55346
-0.11588,0.0024836,0.49733,-0.097664,0.061715,0.55015
-0.11762,0.00058188,0.49474,-0.097965,0.059996,0.54783
-0.11889,-0.0038552,0.49196,-0.098248,0.057866,0.5444
-0.12137,-0.0025152,0.48978,-0.099075,0.054887,0.54236
-0.12302,-0.0039264,0.48677,-0.099483,0.053533,0.53961
-0.12491,-0.0062304,0.48331,-0.099913,0.051818,0.5363
-0.12692,-0.0078753,0.48096,-0.10061,0.049256,0.53409
-0.12883,-0.0093521,0.47855,-0.10102,0.047693,0.53115
-0.13068,-0.010596,0.47536,-0.10133,0.045713,0.52784
-0.13255,-0.011915,0.47311,-0.10227,0.04338,0.52543
-0.13465,-0.013594,0.47104,-0.10294,0.041769,0.52261
-0.13656,-0.014569,0.46785,-0.10368,0.04039,0.51964
-0.1385,-0.016343,0.46483,-0.10467,0.037987,0.5166
-0.1408,-0.017646,0.46318,-0.10573,0.035482,0.51408
-0.14272,-0.018602,0.46015,-0.10636,0.034587,0.51139
-0.14493,-0.019919,0.45849,-0.10744,0.032744,0.5081
-0.097974,0.031333,0.5594,-0.10544,0.10245,0.60215
-0.097338,0.030832,0.55577,-0.10447,0.10005,0.59969
-0.098065,0.029293,0.55483,-0.10384,0.097968,0.59735
-0.098784,0.027002,0.55055,-0.10291,0.096486,0.59464
-0.10022,0.02488,0.54712,-0.10243,0.094182,0.5926
-0.10074,0.023111,0.54426,-0.10193,0.091543,0.59006
-0.1018,0.020756,0.5415,-0.10151,0.089167,0.58758
-0.10254,0.018988,0.53839,-0.10085,0.087788,0.58461
-0.10347,0.016963,0.5343,-0.10049,0.084897,0.58236
-0.10462,0.014884,0.53139,-0.10011,0.082924,0.57991
-0.10596,0.012717,0.52893,-0.10004,0.080149,0.5776
-0.10709,0.011053,0.52554,-0.1001,0.077251,0.57528
-0.10829,0.0088284,0.52242,-0.099728,0.075576,0.57251
-0.1093,0.0071952,0.51999,-0.099342,0.073193,0.56944
-0.11121,0.0084429,0.5156,-0.099609,0.070118,0.56763
-0.11217,0.0070291,0.51256,-0.099257,0.069047,0.56412
-0.11364,0.0053413,0.5095,-0.099645,0.066817,0.5616
-0.11252,0.0095626,0.50631,-0.099643,0.064397,0.55892
-0.11145,0.01016,0.50241,-0.09979,0.063021,0.55624
-0.1127,0.0084464,0.49977,-0.10034,0.059474,0.55412
-0.11403,0.0067913,0.49622,-0.10072,0.05698,0.5515
-0.11575,0.005178,0.4945,-0.10084,0.0559,0.54894
-0.11721,0.0035086,0.49076,-0.10127,0.053649,0.54611
-0.11955,0.0018194,0.48903,-0.10175,0.051012,0.54342
-0.12102,0.00040179,0.48586,-0.10221,0.049361,0.54063
-0.12227,-0.0011524,0.48259,-0.10226,0.047669,0.53689
-0.12454,-0.0030317,0.48068,-0.10323,0.044792,0.53486
-0.12627,-0.0042072,0.47716,-0.10333,0.043598,0.53148
-0.1281,-0.0057202,0.47542,-0.10403,0.04247,0.52875
-0.13004,-0.0071348,0.47269,-0.10519,0.039556,0.52667
-0.13178,-0.0081644,0.46949,-0.10568,0.037733,0.52289
-0.1336,-0.0092435,0.46593,-0.10667,0.03607,0.52041
-0.13569,-0.010573,0.46479,-0.10787,0.033266,0.51795
-0.1373,-0.011896,0.46099,-0.10874,0.031601,0.51551
-0.13997,-0.013557,0.45993,-0.10945,0.029811,0.51246
-0.10092,0.02928,0.56412,-0.10771,0.10013,0.60523
-0.10004,0.028627,0.55924,-0.10685,0.098701,0.60259
-0.10078,0.026706,0.55667,-0.10564,0.096567,0.59968
-0.10141,0.024779,0.5536,-0.10516,0.094931,0.59738
-0.10241,0.022891,0.551,-0.10444,0.092355,0.59512
-0.10336,0.020904,0.54754,-0.10409,0.089805,0.59312
-0.10356,0.019071,0.5431,-0.10357,0.087531,0.59038
-0.10473,0.017039,0.54016,-0.10318,0.085596,0.58765
-0.10606,0.01457,0.53807,-0.10273,0.083554,0.58534
-0.10745,0.012484,0.53586,-0.10261,0.080516,0.58332
-0.1089,0.01042,0.53221,-0.10186,0.078568,0.57995
-0.10931,0.0089347,0.52871,-0.10217,0.076427,0.57822
-0.11087,0.0067136,0.52591,-0.10214,0.073531,0.57584
-0.1117,0.0049846,0.52189,-0.10171,0.071517,0.57308
-0.1133,0.0068195,0.51878,-0.10165,0.068823,0.57049
-0.11455,0.0051818,0.51591,-0.10198,0.066,0.56798
-0.11607,0.003266,0.51297,-0.10166,0.064837,0.565
-0.11471,0.0075811,0.50969,-0.10203,0.062547,0.56226
-0.1133,0.0077452,0.50644,-0.10222,0.060317,0.55996
-0.11494,0.0061891,0.50286,-0.10247,0.057681,0.55764
-0.11615,0.0048746,0.49962,-0.10248,0.055881,0.5545
-0.1181,0.0030781,0.49768,-0.10332,0.053489,0.55262
-0.11952,0.00093926,0.49475,-0.10349,0.051591,0.54923
-0.1214,-0.00064842,0.49271,-0.10386,0.049165,0.54659
-0.12295,-0.0019552,0.48943,-0.10458,0.04665,0.54433
-0.12461,-0.0032483,0.48669,-0.1049,0.045164,0.5413
-0.12602,-0.004777,0.48307,-0.10539,0.042793,0.53881
-0.12825,-0.0062465,0.48063,-0.10603,0.041254,0.53566
-0.13015,-0.0078047,0.47828,-0.10658,0.039376,0.53291
-0.13202,-0.0092936,0.47579,-0.10689,0.038359,0.52972
-0.13385,-0.010512,0.47324,-0.10843,0.035023,0.52729
-0.13584,-0.011667,0.47033,-0.10923,0.032753,0.52462
-0.13789,-0.013072,0.46764,-0.10989,0.031688,0.52181
-0.13982,-0.014821,0.46525,-0.11101,0.028814,0.51923
-0.142,-0.016428,0.46344,-0.11133,0.028054,0.51605
-0.10267,0.027734,0.56546,-0.11049,0.097936,0.6082
-0.10256,0.026899,0.56249,-0.10919,0.096948,0.60528
-0.10313,0.024653,0.55972,-0.10813,0.094841,0.60269
-0.10401,0.02252,0.55643,-0.10744,0.092621,0.60037
-0.10454,0.020957,0.55329,-0.10692,0.090056,0.59837
-0.10545,0.019017,0.54994,-0.10685,0.087715,0.5963
-0.10665,0.016579,0.54728,-0.10621,0.085303,0.59383
-0.10742,0.014717,0.54349,-0.10581,0.083327,0.59124
-0.10852,0.012638,0.54174,-0.10522,0.081378,0.58861
-0.10966,0.010259,0.53878,-0.10491,0.078895,0.58604
-0.11128,0.0084756,0.53548,-0.10461,0.076959,0.58351
-0.11225,0.0067974,0.53246,-0.10449,0.073964,0.58114
-0.11341,0.0082903,0.52809,-0.10471,0.071052,0.57909
-0.11449,0.0062164,0.52544,-0.10426,0.068975,0.57642
-0.11306,0.010597,0.52163,-0.1042,0.06671,0.57396
-0.11456,0.0087505,0.51884,-0.10421,0.064434,0.5711
-0.11589,0.0068261,0.51615,-0.10433,0.062454,0.56864
-0.11431,0.0075523,0.51176,-0.10425,0.061192,0.5658
-0.11565,0.005605,0.50922,-0.10462,0.057824,0.56326
-0.1169,0.0041525,0.50586,-0.10496,0.054961,0.56097
-0.11897,0.0021199,0.50479,-0.10532,0.0538,0.55872
-0.12035,0.00041472,0.5015,-0.10554,0.051317,0.5555
-0.12133,-0.0011888,0.49783,-0.10628,0.048523,0.55326
-0.12332,-0.0027013,0.49571,-0.10619,0.047257,0.54993
-0.12497,-0.0042607,0.49177,-0.10711,0.043952,0.54801
-0.12729,-0.0059076,0.49099,-0.10694,0.042462,0.54471
-0.12868,-0.0074295,0.48728,-0.1075,0.040672,0.54187
-0.13019,-0.008436,0.48511,-0.108,0.039567,0.53888
-0.1325,-0.0099974,0.48163,-0.1093,0.036494,0.53662
-0.13447,-0.011586,0.48023,-0.10966,0.034456,0.53342
-0.13599,-0.012817,0.47681,-0.11061,0.032929,0.53077
-0.13784,-0.014369,0.47349,-0.1118,0.030299,0.52854
-0.14003,-0.015497,0.47155,-0.1125,0.028559,0.526
-0.14236,-0.017296,0.46955,-0.11327,0.026594,0.52292
-0.1438,-0.018177,0.46638,-0.11412,0.024781,0.5202
-0.1053,0.025489,0.5675,-0.11305,0.096314,0.61106
-0.10544,0.024658,0.5664,-0.11171,0.094836,0.60823
-0.10582,0.022781,0.56285,-0.1109,0.092818,0.60579
-0.1067,0.02065,0.55958,-0.11054,0.090406,0.60376
-0.10721,0.018866,0.55668,-0.10972,0.08816,0.60155
-0.10814,0.016637,0.55246,-0.10901,0.086294,0.59925
-0.10964,0.014248,0.55024,-0.10889,0.083492,0.59687
-0.11024,0.012241,0.54737,-0.10847,0.081498,0.59478
-0.11106,0.010363,0.54423,-0.10767,0.078718,0.59178
-0.11228,0.0083591,0.54157,-0.10742,0.076763,0.58912
-0.11334,0.0064269,0.53853,-0.10698,0.074634,0.58647
-0.11453,0.0047375,0.53455,-0.10726,0.071887,0.58438
-0.11587,0.0026394,0.53227,-0.10678,0.069545,0.58166
-0.11723,0.00051773,0.52921,-0.1066,0.066747,0.57937
-0.11831,0.0024961,0.52568,-0.10701,0.064209,0.57725
-0.11976,0.00074134,0.5229,-0.10672,0.062352,0.57459
-0.11845,0.0047094,0.51911,-0.107,0.059227,0.57208
-0.11661,0.0049233,0.51537,-0.1072,0.057354,0.56982
-0.11777,0.0033291,0.51286,-0.10709,0.055901,0.56686
-0.11916,0.0019502,0.50952,-0.10772,0.052939,0.56443
-0.12124,-6.9655e-05,0.50735,-0.10731,0.051857,0.56113
-0.12257,-0.0017436,0.50402,-0.10796,0.049302,0.55904
-0.12451,-0.0033508,0.50205,-0.10853,0.046952,0.55657
-0.12592,-0.0049356,0.49911,-0.10887,0.044616,0.55386
-0.12756,-0.0064461,0.49599,-0.10932,0.043309,0.55146
-0.12925,-0.008052,0.49343,-0.10956,0.040263,0.54816
-0.13086,-0.0095819,0.49055,-0.11053,0.038182,0.54628
-0.13267,-0.010732,0.48824,-0.11118,0.036187,0.54348
-0.13468,-0.012657,0.4855,-0.11166,0.03396,0.54038
-0.13692,-0.014092,0.4834,-0.11228,0.032456,0.53717
-0.1387,-0.015377,0.48039,-0.11326,0.029878,0.53476
-0.14016,-0.016655,0.47782,-0.11421,0.028236,0.53233
-0.14234,-0.018112,0.47442,-0.11504,0.026221,0.52942
-0.14438,-0.019371,0.47286,-0.11545,0.024926,0.52635
-0.14623,-0.020505,0.46983,-0.11647,0.022453,0.52393
-0.10825,0.023413,0.57092,-0.11511,0.095071,0.61334
-0.10816,0.022414,0.56884,-0.11459,0.092644,0.61105
-0.10869,0.020455,0.56523,-0.11342,0.091146,0.60838
-0.10922,0.018774,0.56328,-0.11233,0.088768,0.60596
-0.10987,0.016452,0.55959,-0.11185,0.086815,0.60374
-0.11128,0.014096,0.55731,-0.11188,0.083764,0.60211
-0.11201,0.012373,0.55325,-0.11139,0.08178,0.59978
-0.11317,0.010405,0.55085,-0.111,0.07918,0.5975
-0.11415,0.0080841,0.54784,-0.11043,0.07667,0.59519
-0.11485,0.0062806,0.5442,-0.11009,0.074725,0.59253
-0.11616,0.0045506,0.54104,-0.10973,0.073026,0.5897
-0.1177,0.0021759,0.53859,-0.10971,0.070434,0.58741
-0.11891,0.00073009,0.53622,-0.10937,0.067691,0.58487
-0.1199,-0.0012732,0.53297,-0.1093,0.065157,0.58275
-0.12123,0.00047455,0.52934,-0.10945,0.06227,0.58028
-0.12259,-0.0014286,0.52615,-0.10947,0.060453,0.5778
-0.12391,-0.0030342,0.52292,-0.10961,0.057958,0.57534
-0.12211,0.00097215,0.51941,-0.10964,0.055259,0.57266
-0.12043,0.0012545,0.51528,-0.1097,0.053206,0.57038
-0.12222,-0.00059845,0.5144,-0.11032,0.050705,0.568
-0.12363,-0.0023381,0.51134,-0.11027,0.048926,0.56462
-0.12493,-0.0038235,0.50768,-0.11076,0.047071,0.56258
-0.12664,-0.0054649,0.50565,-0.11093,0.045254,0.55951
-0.12797,-0.0071144,0.50189,-0.11136,0.042154,0.55708
-0.12967,-0.0086977,0.50016,-0.11176,0.040728,0.55443
-0.13194,-0.010232,0.4966,-0.11222,0.038957,0.55202
-0.13328,-0.011495,0.49368,-0.1133,0.035344,0.54962
-0.13509,-0.012763,0.49158,-0.11378,0.033858,0.5469
-0.13692,-0.014795,0.48914,-0.11451,0.031318,0.54428
-0.13904,-0.016179,0.48608,-0.11528,0.029481,0.54153
-0.14068,-0.017707,0.48278,-0.11612,0.027751,0.53895
-0.14269,-0.018834,0.48117,-0.11629,0.026324,0.5352
-0.14479,-0.020377,0.47865,-0.11721,0.025404,0.53297
-0.14697,-0.021466,0.4767,-0.11848,0.021811,0.53066
-0.14865,-0.022765,0.47329,-0.11909,0.019819,0.52737
-0.11096,0.021767,0.57375,-0.11809,0.092593,0.61652
-0.1109,0.020699,0.57199,-0.11682,0.09147,0.61356
-0.11142,0.01885,0.56904,-0.11605,0.089248,0.61121
-0.11207,0.016525,0.56551,-0.11535,0.086835,0.60909
-0.11274,0.014336,0.56281,-0.11417,0.084991,0.60657
-0.11364,0.012393,0.56066,-0.11428,0.082183,0.60481
-0.11507,0.0103,0.55658,-0.11394,0.079928,0.60257
-0.11595,0.008488,0.55506,-0.11333,0.07774,0.6002
-0.11677,0.0063537,0.55054,-0.11261,0.075377,0.59761
-0.11773,0.0044738,0.54736,-0.11268,0.072474,0.59563
-0.11877,0.0061875,0.54392,-0.11257,0.070088,0.59312
-0.11696,0.0099541,0.54029,-0.11228,0.067591,0.59053
-0.11516,0.01021,0.53614,-0.11216,0.065441,0.5881
-0.11941,0.0062365,0.53428,-0.11151,0.063471,0.58513
-0.12059,0.0046422,0.5315,-0.11161,0.061357,0.58278
-0.11879,0.0043973,0.52802,-0.11181,0.058892,0.58043
-0.12027,0.0026826,0.52463,-0.11217,0.056153,0.57842
-0.12502,-0.0011951,0.5228,-0.11213,0.053998,0.57566
-0.12239,-0.00068202,0.51812,-0.11246,0.051222,0.57356
-0.12429,-0.0023417,0.51679,-0.11257,0.049314,0.57084
-0.12585,-0.0039823,0.51412,-0.1128,0.047227,0.56839
-0.12724,-0.0055869,0.50973,-0.11363,0.044333,0.56598
-0.12936,-0.0073671,0.50873,-0.11369,0.042507,0.56305
-0.13048,-0.009053,0.50503,-0.11393,0.040326,0.56013
-0.13228,-0.010633,0.50296,-0.1143,0.038155,0.5578
-0.13415,-0.012251,0.50025,-0.11517,0.036576,0.55549
-0.13603,-0.013638,0.49792,-0.11585,0.033234,0.55274
-0.13793,-0.015515,0.49498,-0.1161,0.031633,0.54973
-0.13929,-0.017238,0.49153,-0.11686,0.030259,0.54742
-0.14115,-0.018394,0.4889,-0.11823,0.027174,0.5451
-0.14353,-0.01992,0.48627,-0.11885,0.025057,0.54264
-0.14506,-0.021131,0.48419,-0.11908,0.023896,0.53908
-0.14727,-0.022573,0.48173,-0.12,0.021541,0.53641
-0.14925,-0.023803,0.47969,-0.12098,0.020082,0.53414
-0.15141,-0.024889,0.47665,-0.12224,0.01735,0.53162
-0.11409,0.019497,0.57725,-0.12069,0.090796,0.61936
-0.11377,0.018929,0.57408,-0.11937,0.089847,0.61616
-0.11427,0.01667,0.57045,-0.11843,0.087598,0.61377
-0.11517,0.01449,0.56886,-0.11758,0.085492,0.61136
-0.11597,0.012311,0.56676,-0.11699,0.083273,0.60937
-0.11612,0.010494,0.56164,-0.11649,0.081209,0.60709
-0.11754,0.0083387,0.56059,-0.11607,0.078314,0.60497
-0.11844,0.0065041,0.55616,-0.11585,0.075651,0.60295
-0.11935,0.0045129,0.55213,-0.11536,0.073903,0.60049
-0.12089,0.0023103,0.55104,-0.11526,0.070834,0.59827
-0.12134,0.00074443,0.54717,-0.11481,0.068801,0.59563
-0.12266,-0.001345,0.54373,-0.11445,0.066293,0.59301
-0.12439,-0.0031787,0.54134,-0.11456,0.063495,0.59093
-0.12539,-0.0053223,0.53814,-0.11435,0.061088,0.5883
-0.12652,-0.0034863,0.53527,-0.11448,0.058787,0.58617
-0.12793,-0.005362,0.53219,-0.1143,0.056883,0.58347
-0.12606,-0.0014509,0.52853,-0.11453,0.054329,0.58102
-0.12394,-0.0009702,0.52388,-0.11477,0.051105,0.57874
-0.12576,-0.0029296,0.5229,-0.11479,0.049304,0.57609
-0.12728,-0.0045845,0.51993,-0.11563,0.046222,0.57397
-0.12872,-0.0062179,0.51678,-0.11534,0.045008,0.5711
-0.13062,-0.0082857,0.51544,-0.11602,0.041908,0.56885
-0.13175,-0.0094403,0.51135,-0.11668,0.040128,0.56662
-0.13329,-0.011398,0.50824,-0.11668,0.039039,0.56361
-0.13506,-0.012874,0.5063,-0.11744,0.035209,0.56132
-0.13667,-0.014808,0.50344,-0.11826,0.033308,0.55882
-0.13867,-0.016252,0.50133,-0.11858,0.031665,0.55619
-0.14,-0.017782,0.49727,-0.119,0.029457,0.55312
-0.14235,-0.019247,0.49579,-0.12003,0.027371,0.55093
-0.14387,-0.020716,0.49281,-0.12045,0.025384,0.54811
-0.14616,-0.022002,0.49082,-0.12148,0.022487,0.54557
-0.1478,-0.023011,0.48711,-0.12213,0.021147,0.54318
-0.14964,-0.024117,0.48534,-0.1226,0.019266,0.54014
-0.15186,-0.025994,0.48295,-0.12387,0.017321,0.53777
-0.15402,-0.027126,0.48095,-0.12499,0.015522,0.53487
-0.11658,0.017676,0.57917,-0.12336,0.089161,0.62168
-0.11666,0.016754,0.57666,-0.12193,0.088195,0.61883
-0.1169,0.014591,0.57283,-0.12086,0.086048,0.6163
-0.11786,0.012652,0.57239,-0.12032,0.083539,0.61433
-0.11854,0.010731,0.56808,-0.11972,0.081167,0.61205
-0.11915,0.0088594,0.56522,-0.11923,0.078909,0.60979
-0.12017,0.0064892,0.56229,-0.11873,0.07627,0.60763
-0.12095,0.0047346,0.55835,-0.11809,0.074192,0.60519
-0.12277,0.0025458,0.55632,-0.11785,0.071568,0.60304
-0.12328,0.0005408,0.55271,-0.11758,0.069649,0.6008
-0.12448,-0.0013158,0.55071,-0.11728,0.067088,0.59828
-0.12558,-0.0030698,0.54778,-0.11726,0.064346,0.59636
-0.12719,-0.0051919,0.54462,-0.11682,0.062296,0.59364
-0.12821,-0.0070969,0.54152,-0.11697,0.059467,0.59108
-0.12963,-0.0087764,0.53777,-0.11704,0.057079,0.58853
-0.13104,-0.010678,0.53538,-0.11712,0.055312,0.58635
-0.13199,-0.0090847,0.53168,-0.11757,0.051919,0.58414
-0.13359,-0.011344,0.52931,-0.1171,0.050248,0.5813
-0.13536,-0.01312,0.5267,-0.11781,0.047188,0.57937
-0.13688,-0.014741,0.52447,-0.11817,0.045144,0.57705
-0.13839,-0.016446,0.52123,-0.11863,0.042514,0.57462
-0.14004,-0.018071,0.51895,-0.11857,0.041008,0.57188
-0.14192,-0.020099,0.51647,-0.11957,0.037902,0.56998
-0.1433,-0.021746,0.5136,-0.11957,0.036182,0.56698
-0.14514,-0.023639,0.51109,-0.12042,0.033136,0.56458
-0.14706,-0.025226,0.50838,-0.12087,0.031616,0.56204
-0.14865,-0.026642,0.50504,-0.12104,0.030628,0.55889
-0.15067,-0.028059,0.50294,-0.12209,0.027326,0.55681
-0.15231,-0.029136,0.49991,-0.12256,0.025097,0.55401
-0.15413,-0.030183,0.49726,-0.12333,0.023462,0.55165
-0.15676,-0.032542,0.49523,-0.12424,0.020505,0.54891
-0.15851,-0.033859,0.49224,-0.12511,0.018297,0.54659
-0.16088,-0.035002,0.49069,-0.12615,0.016067,0.544
-0.16241,-0.036296,0.48756,-0.12719,0.014444,0.54168
-0.16454,-0.03687,0.48494,-0.12743,0.01369,0.53814
-0.11913,0.016178,0.5821,-0.12615,0.087212,0.62442
-0.11923,0.014766,0.5797,-0.12475,0.086021,0.62163
-0.12006,0.012932,0.57706,-0.12328,0.084583,0.61884
-0.12085,0.010778,0.57409,-0.12316,0.081789,0.61693
-0.12154,0.0087183,0.57012,-0.12226,0.079751,0.61453
-0.12206,0.0070149,0.56826,-0.12188,0.07727,0.61249
-0.12325,0.004635,0.56472,-0.12156,0.074292,0.61039
-0.12432,0.0027927,0.56189,-0.12108,0.071899,0.60815
-0.12508,0.00097293,0.55809,-0.1205,0.070057,0.60574
-0.12603,-0.0011668,0.55554,-0.12019,0.067713,0.60346
-0.12745,-0.0031008,0.55332,-0.1202,0.065124,0.60131
-0.12841,-0.0048278,0.54941,-0.11986,0.062784,0.59887
-0.12997,-0.0069262,0.54745,-0.11988,0.059562,0.59667
-0.1311,-0.008876,0.54389,-0.11954,0.057827,0.59395
-0.13247,-0.0075724,0.54137,-0.11986,0.055184,0.59151
-0.13361,-0.0093739,0.53796,-0.11995,0.052166,0.58922
-0.1348,-0.010907,0.53492,-0.11981,0.050918,0.58657
-0.13633,-0.012846,0.53184,-0.11982,0.047754,0.58426
-0.13799,-0.014895,0.52981,-0.12019,0.045367,0.58185
-0.13952,-0.016769,0.52668,-0.12086,0.043682,0.57996
-0.14106,-0.018574,0.52398,-0.12127,0.040364,0.57733
-0.14284,-0.019979,0.52167,-0.12138,0.037953,0.57487
-0.14453,-0.021361,0.51888,-0.12187,0.035721,0.5724
-0.14633,-0.023576,0.51638,-0.1228,0.032859,0.57036
-0.14834,-0.025297,0.51425,-0.12325,0.031196,0.56771
-0.14976,-0.026589,0.51131,-0.12369,0.0296,0.56478
-0.15219,-0.028668,0.50918,-0.12454,0.027329,0.56278
-0.1536,-0.029537,0.50595,-0.12527,0.025354,0.56047
-0.15522,-0.031034,0.5027,-0.12574,0.022342,0.55745
-0.1576,-0.032462,0.50113,-0.12668,0.020598,0.55507
-0.15958,-0.034299,0.49776,-0.12714,0.018332,0.55205
-0.16185,-0.035276,0.49617,-0.12822,0.016328,0.54996
-0.16376,-0.037092,0.49323,-0.12925,0.014448,0.54726
-0.16524,-0.037725,0.49031,-0.12972,0.013268,0.54478
-0.16759,-0.039226,0.4883,-0.13111,0.010714,0.54243
-0.12223,0.014152,0.58513,-0.12872,0.086049,0.62666
-0.12272,0.012867,0.58213,-0.1277,0.08438,0.62439
-0.12289,0.011033,0.57939,-0.12641,0.082244,0.62179
-0.12391,0.008976,0.57687,-0.12569,0.080123,0.61959
-0.12399,0.0072266,0.57296,-0.12536,0.077577,0.61734
-0.12536,0.0052831,0.57143,-0.12479,0.075265,0.61524
-0.12656,0.0028243,0.56829,-0.12453,0.072215,0.61317
-0.12736,0.0010687,0.56345,-0.1239,0.0702,0.61097
-0.12852,-0.0010412,0.56191,-0.12342,0.067778,0.60849
-0.12919,-0.0030462,0.55884,-0.12332,0.065415,0.60639
-0.13016,-0.0048924,0.55477,-0.12304,0.063009,0.60407
-0.13128,-0.0066425,0.552,-0.12273,0.060175,0.60171
-0.13278,-0.0054809,0.54977,-0.12268,0.057751,0.59953
-0.13398,-0.0076702,0.5467,-0.12257,0.055399,0.59702
-0.13535,-0.009391,0.54343,-0.12238,0.053758,0.59434
-0.13666,-0.011102,0.54082,-0.12297,0.050179,0.592
-0.13773,-0.01317,0.53776,-0.1226,0.04825,0.58953
-0.13951,-0.015028,0.53491,-0.12263,0.046464,0.58691
-0.14095,-0.016666,0.53223,-0.12332,0.043484,0.58482
-0.1424,-0.018221,0.52936,-0.1234,0.04139,0.58251
-0.14411,-0.019928,0.52717,-0.12422,0.038667,0.58026
-0.14559,-0.021505,0.52426,-0.12427,0.036561,0.57789
-0.14786,-0.024266,0.52161,-0.12512,0.034166,0.57571
-0.14945,-0.02539,0.51964,-0.12557,0.031284,0.57346
-0.15114,-0.026894,0.51695,-0.12628,0.029138,0.57109
-0.1529,-0.028893,0.51446,-0.12667,0.027532,0.56813
-0.15476,-0.030466,0.51185,-0.1276,0.025046,0.56573
-0.15661,-0.031583,0.509,-0.12829,0.023001,0.56317
-0.15862,-0.033052,0.50673,-0.12873,0.020827,0.56067
-0.16052,-0.034924,0.50374,-0.12932,0.018702,0.55768
-0.16275,-0.036391,0.5011,-0.13021,0.016556,0.55528
-0.16448,-0.037298,0.49859,-0.13115,0.01371,0.55288
-0.16642,-0.038833,0.49572,-0.13241,0.011913,0.5507
-0.16881,-0.039905,0.49419,-0.13321,0.010088,0.54822
-0.17052,-0.040902,0.49126,-0.13419,0.0082282,0.54542
-0.1249,0.012564,0.58694,-0.13118,0.084257,0.6289
-0.12593,0.011137,0.58486,-0.12992,0.083163,0.62627
-0.12612,0.0095373,0.58284,-0.12929,0.080634,0.62432
-0.12714,0.0072206,0.57951,-0.1285,0.078366,0.62236
-0.12715,0.0054148,0.57616,-0.12818,0.075913,0.61998
-0.12833,0.0034596,0.57374,-0.12767,0.073457,0.61785
-0.12911,0.0011695,0.57061,-0.12687,0.071132,0.61536
-0.13052,-0.00079632,0.56778,-0.1268,0.068141,0.61355
-0.13119,-0.0025581,0.56433,-0.12623,0.066063,0.61113
-0.13208,-0.00097762,0.56094,-0.12612,0.063876,0.60886
-0.1298,0.003071,0.55725,-0.12586,0.061493,0.60667
-0.12755,0.0022433,0.55505,-0.12522,0.058242,0.60417
-0.12849,0.00045595,0.55145,-0.1257,0.056022,0.60222
-0.12973,-0.0012494,0.54777,-0.12557,0.053216,0.59984
-0.13107,-0.0034577,0.54424,-0.1255,0.051296,0.59743
-0.13288,-0.0053681,0.54283,-0.12577,0.048511,0.59511
-0.13379,-0.0070692,0.53948,-0.12519,0.046874,0.59219
-0.13544,-0.008883,0.5373,-0.12567,0.044287,0.58989
-0.13663,-0.01057,0.5342,-0.12603,0.041942,0.58763
-0.13803,-0.012241,0.53099,-0.12658,0.039361,0.58542
-0.13986,-0.014409,0.52906,-0.12686,0.037325,0.58293
-0.14094,-0.016048,0.52562,-0.12705,0.034912,0.58041
-0.14274,-0.01808,0.52352,-0.12747,0.031488,0.57796
-0.14465,-0.019641,0.5203,-0.12847,0.029174,0.57607
-0.14617,-0.021211,0.51779,-0.12944,0.026779,0.57391
-0.14814,-0.022795,0.51596,-0.13006,0.024357,0.5715
-0.14939,-0.024297,0.51265,-0.13006,0.023584,0.56842
-0.15106,-0.025262,0.50996,-0.13131,0.021091,0.56613
-0.15312,-0.026735,0.5068,-0.13178,0.018737,0.56351
-0.1554,-0.028366,0.50541,-0.13255,0.016238,0.56082
-0.15673,-0.029511,0.50206,-0.13356,0.014604,0.55861
-0.15932,-0.031241,0.50068,-0.13406,0.012527,0.5558
-0.16139,-0.032453,0.49741,-0.13551,0.0098861,0.55369
-0.16363,-0.033597,0.49586,-0.13634,0.0079328,0.55108
-0.16519,-0.034881,0.49259,-0.13732,0.0053769,0.5485
-0.12877,0.01065,0.5916,-0.13407,0.082946,0.63132
-0.12882,0.0095679,0.58767,-0.13291,0.081652,0.62878
-0.1291,0.01145,0.58349,-0.13212,0.079043,0.62682
-0.12669,0.015262,0.57993,-0.13125,0.076939,0.62471
-0.12753,0.01298,0.5778,-0.13102,0.074173,0.62293
-0.12476,0.012769,0.57367,-0.13043,0.072058,0.62034
-0.12868,0.0091835,0.57126,-0.12987,0.069233,0.61788
-0.12981,0.0066366,0.56898,-0.12975,0.066508,0.61612
-0.13055,0.0049949,0.56567,-0.12912,0.064054,0.6136
-0.12853,0.0046799,0.56197,-0.12881,0.061554,0.6113
-0.12977,0.0025649,0.56037,-0.12865,0.058818,0.60928
-0.13097,0.00058032,0.55747,-0.12856,0.056169,0.60719
-0.13192,-0.0016205,0.55425,-0.12838,0.053911,0.60464
-0.13265,-0.0030833,0.55031,-0.12814,0.05175,0.60224
-0.13442,-0.0053398,0.54844,-0.12834,0.048946,0.60011
-0.13554,-0.0073406,0.54532,-0.12871,0.045729,0.59782
-0.13677,-0.0088461,0.54209,-0.12865,0.044417,0.59532
-0.13841,-0.011046,0.54008,-0.12902,0.042202,0.59287
-0.13905,-0.0122,0.53632,-0.12877,0.040188,0.59009
-0.14076,-0.014614,0.53302,-0.12966,0.037168,0.58821
-0.14266,-0.016446,0.53158,-0.1296,0.034685,0.58554
-0.14409,-0.01825,0.52846,-0.13049,0.032602,0.58347
-0.1457,-0.019861,0.52612,-0.13071,0.02992,0.58109
-0.14697,-0.021127,0.52259,-0.13143,0.027431,0.57881
-0.14937,-0.023026,0.52119,-0.13181,0.025469,0.57619
-0.15081,-0.024626,0.51794,-0.13286,0.022882,0.57411
-0.15238,-0.026081,0.51534,-0.13333,0.020894,0.57137
-0.15466,-0.027652,0.51375,-0.13377,0.018848,0.56873
-0.15661,-0.028829,0.51022,-0.13501,0.016678,0.5665
-0.15827,-0.030143,0.50801,-0.13538,0.014814,0.56349
-0.16,-0.031482,0.50454,-0.13638,0.012113,0.5612
-0.16186,-0.032717,0.50276,-0.13727,0.010068,0.55869
-0.16425,-0.033939,0.49988,-0.13885,0.0076588,0.5567
-0.16669,-0.035389,0.49866,-0.13952,0.0058885,0.55398
-0.16824,-0.036584,0.49561,-0.14044,0.0036922,0.55126
-0.13189,0.0090941,0.59474,-0.13664,0.081797,0.63348
-0.13167,0.011423,0.58941,-0.1357,0.079762,0.63133
-0.13287,0.0058387,0.5878,-0.13435,0.077593,0.62891
-0.13351,0.0039313,0.58509,-0.13419,0.075164,0.62711
-0.13361,0.0055408,0.5807,-0.13366,0.072871,0.62505
-0.13116,0.009348,0.57714,-0.13315,0.069857,0.62303
-0.13193,0.0074063,0.57453,-0.13252,0.067429,0.62039
-0.12952,0.0070811,0.57108,-0.13223,0.065219,0.61832
-0.13384,0.0032357,0.56824,-0.13187,0.062888,0.61602
-0.1316,0.0028878,0.56479,-0.13171,0.060221,0.61388
-0.13282,0.00046484,0.56225,-0.13143,0.057164,0.61154
-0.13415,-0.001338,0.56027,-0.1312,0.054902,0.6093
-0.13488,-0.0034172,0.55668,-0.1312,0.052262,0.60707
-0.13591,-0.0053775,0.55379,-0.1313,0.05009,0.60487
-0.13738,-0.0071342,0.55086,-0.13135,0.047323,0.60279
-0.13894,-0.0089487,0.54837,-0.13181,0.04468,0.60062
-0.13964,-0.010631,0.54425,-0.13104,0.042482,0.59765
-0.14132,-0.012745,0.54206,-0.1317,0.040213,0.59553
-0.1419,-0.014041,0.53858,-0.13189,0.037949,0.59285
-0.14404,-0.016401,0.53716,-0.13214,0.035572,0.59046
-0.14563,-0.018446,0.53412,-0.13313,0.033028,0.58852
-0.14706,-0.020047,0.53103,-0.13342,0.030272,0.586
-0.14857,-0.021747,0.52889,-0.13378,0.028126,0.58379
-0.15033,-0.022998,0.52565,-0.13435,0.025558,0.5814
-0.15215,-0.024791,0.52307,-0.13493,0.023984,0.57894
-0.15404,-0.026365,0.52096,-0.13596,0.020783,0.57676
-0.15561,-0.027921,0.51874,-0.1366,0.018698,0.57439
-0.15721,-0.029128,0.51552,-0.13751,0.017094,0.57209
-0.15943,-0.030573,0.51251,-0.13781,0.014626,0.56891
-0.16181,-0.032182,0.51137,-0.13867,0.012065,0.56634
-0.16317,-0.033309,0.50767,-0.13976,0.010104,0.56418
-0.16493,-0.034572,0.505,-0.14082,0.008284,0.56187
-0.16746,-0.035897,0.50274,-0.14184,0.0057137,0.55926
-0.16981,-0.037308,0.50131,-0.1429,0.0037464,0.55694
-0.17125,-0.038461,0.49794,-0.14407,0.0013545,0.55454
-0.13508,0.0078568,0.59758,-0.13944,0.080327,0.63567
-0.13553,0.0062469,0.5944,-0.13845,0.077824,0.63357
-0.13616,0.0042754,0.59212,-0.13702,0.076233,0.63097
-0.13639,0.0058504,0.58625,-0.13701,0.073836,0.62953
-0.13378,0.009594,0.58275,-0.13659,0.071292,0.62737
-0.13426,0.0074586,0.5793,-0.13606,0.068346,0.62545
-0.13517,0.0057896,0.57712,-0.13554,0.065539,0.62306
-0.13612,0.0034071,0.57438,-0.13534,0.063475,0.62069
-0.13325,0.0031165,0.56969,-0.13487,0.060452,0.61843
-0.13483,0.0010787,0.56821,-0.13478,0.057913,0.61645
-0.13571,-0.00086447,0.56477,-0.13454,0.055149,0.61426
-0.13676,-0.003267,0.56163,-0.13404,0.052928,0.61166
-0.13759,-0.0049346,0.55963,-0.13436,0.050022,0.60977
-0.13861,-0.0066958,0.55647,-0.13383,0.048348,0.60711
-0.14044,-0.0089955,0.55412,-0.13439,0.045422,0.60521
-0.14174,-0.010746,0.55012,-0.13436,0.042595,0.60264
-0.14268,-0.012442,0.54695,-0.13419,0.040774,0.60034
-0.14359,-0.014116,0.54372,-0.13498,0.037643,0.59818
-0.14536,-0.016205,0.54273,-0.13469,0.036455,0.59509
-0.14706,-0.018523,0.53915,-0.13543,0.033035,0.59315
-0.14872,-0.020097,0.53672,-0.13628,0.030976,0.59118
-0.15039,-0.021907,0.53477,-0.13606,0.029171,0.58828
-0.15178,-0.023486,0.53161,-0.13716,0.02543,0.58652
-0.15318,-0.025068,0.52773,-0.13763,0.023799,0.58412
-0.15541,-0.02654,0.52599,-0.138,0.022175,0.58153
-0.15692,-0.028156,0.52311,-0.13923,0.018372,0.57952
-0.15874,-0.029373,0.52142,-0.14009,0.016384,0.5773
-0.16041,-0.030742,0.51808,-0.14037,0.01497,0.57454
-0.1626,-0.032486,0.5162,-0.14088,0.012741,0.57189
-0.16469,-0.03364,0.51364,-0.14206,0.010485,0.5693
-0.16655,-0.035276,0.51137,-0.14258,0.0084257,0.56659
-0.16831,-0.036249,0.50815,-0.14427,0.0054728,0.56463
-0.1707,-0.037854,0.50662,-0.14457,0.0045849,0.56169
-0.17295,-0.039058,0.50361,-0.14605,0.0014317,0.55963
-0.17473,-0.040184,0.50181,-0.14773,-0.00039489,0.55747
-0.13845,0.0059711,0.60111,-0.14279,0.078466,0.63817
-0.13871,0.0046589,0.59805,-0.14148,0.07665,0.63591
-0.13924,0.0026711,0.59454,-0.14032,0.073901,0.63366
-0.13996,0.0042677,0.589,-0.14,0.07175,0.63182
-0.13709,0.0073799,0.58522,-0.13991,0.068866,0.63004
-0.13779,0.005522,0.58275,-0.13914,0.066424,0.62777
-0.13822,0.0037611,0.57971,-0.13836,0.064224,0.6254
-0.13606,0.003071,0.5765,-0.13839,0.061201,0.62351
-0.13686,0.0010874,0.57289,-0.13783,0.059242,0.62095
-0.1383,-0.00087325,0.57048,-0.1374,0.057451,0.61835
-0.1389,-0.0027429,0.56707,-0.13734,0.053937,0.61647
-0.13942,-0.0049785,0.56462,-0.13704,0.051512,0.614
-0.1412,-0.0067629,0.56206,-0.13702,0.04877,0.61193
-0.14187,-0.0087038,0.55962,-0.13716,0.046002,0.60974
-0.14336,-0.010558,0.55574,-0.13725,0.043713,0.6074
-0.14485,-0.012579,0.55298,-0.13744,0.041032,0.60525
-0.14566,-0.014263,0.54934,-0.13785,0.038379,0.60325
-0.14734,-0.016541,0.54684,-0.13756,0.036242,0.60055
-0.14879,-0.018614,0.54462,-0.13834,0.033512,0.59837
-0.15035,-0.020168,0.54195,-0.13875,0.031826,0.59565
-0.15157,-0.021654,0.53866,-0.13913,0.028819,0.5936
-0.15336,-0.023307,0.53686,-0.13958,0.027135,0.59106
-0.15465,-0.02487,0.53336,-0.13977,0.024118,0.58872
-0.15631,-0.026506,0.53179,-0.14075,0.022086,0.58651
-0.15809,-0.02785,0.52793,-0.14138,0.01941,0.58421
-0.16013,-0.0297,0.52564,-0.1423,0.016973,0.5819
-0.16185,-0.031207,0.52369,-0.14295,0.014594,0.57947
-0.16383,-0.032652,0.52075,-0.14346,0.012615,0.57703
-0.16609,-0.034247,0.51944,-0.14426,0.010443,0.57465
-0.16788,-0.035475,0.51544,-0.14512,0.0083754,0.57229
-0.17011,-0.037018,0.51385,-0.14584,0.0063559,0.56923
-0.17146,-0.037956,0.51083,-0.14751,0.0033596,0.56697
-0.17397,-0.039399,0.50904,-0.14824,0.0014303,0.56442
-0.17547,-0.040478,0.50549,-0.14979,-0.00059078,0.56234
-0.17842,-0.041861,0.50438,-0.15049,-0.002734,0.55954
-0.14251,0.0042895,0.60409,-0.14554,0.076876,0.64028
-0.14244,0.0030748,0.60162,-0.1443,0.075029,0.63801
-0.14324,0.00095146,0.59845,-0.14297,0.073438,0.63557
-0.14385,-0.00087585,0.59472,-0.14261,0.070378,0.63376
-0.14412,-0.002768,0.59059,-0.14278,0.067672,0.63225
-0.14478,-0.0050875,0.58701,-0.1419,0.065349,0.6299
-0.1455,-0.0039301,0.58329,-0.14172,0.06189,0.62804
-0.14648,-0.0064454,0.58011,-0.14141,0.059714,0.62607
-0.14719,-0.0076637,0.577,-0.14058,0.057039,0.62324
-0.14802,-0.0098857,0.57355,-0.14059,0.054771,0.62119
-0.14904,-0.01199,0.57117,-0.13994,0.052545,0.6185
-0.15048,-0.014035,0.56814,-0.14012,0.049597,0.61652
-0.15158,-0.015754,0.56563,-0.13986,0.047488,0.61413
-0.15311,-0.017931,0.56284,-0.14033,0.044691,0.61212
-0.15423,-0.019367,0.5599,-0.14021,0.041664,0.6098
-0.1558,-0.022212,0.5567,-0.14015,0.038957,0.60753
-0.15755,-0.024274,0.55414,-0.14075,0.036282,0.60543
-0.15876,-0.025846,0.55153,-0.14099,0.033732,0.60322
-0.16039,-0.027549,0.54888,-0.14135,0.0316,0.60096
-0.16195,-0.029064,0.54603,-0.14172,0.029895,0.59815
-0.16305,-0.030546,0.54248,-0.14207,0.0275,0.596
-0.1651,-0.032495,0.54055,-0.14276,0.025228,0.59352
-0.16641,-0.034132,0.53727,-0.14285,0.023143,0.59107
-0.16897,-0.036469,0.5354,-0.14397,0.019531,0.58898
-0.17042,-0.037681,0.53175,-0.14484,0.017426,0.58695
-0.17202,-0.038726,0.52959,-0.14502,0.015489,0.58407
-0.17413,-0.041037,0.52709,-0.14589,0.013125,0.58175
-0.17589,-0.042021,0.52398,-0.14683,0.010964,0.57952
-0.17836,-0.043867,0.52231,-0.14791,0.0086269,0.57718
-0.18015,-0.045077,0.51926,-0.14858,0.0060813,0.57478
-0.18184,-0.046725,0.516,-0.1496,0.0038704,0.57225
-0.18431,-0.047927,0.51485,-0.15101,0.00083151,0.5699
-0.18623,-0.048638,0.51179,-0.15187,-0.00079115,0.56718
-0.1878,-0.049733,0.50919,-0.15283,-0.0022815,0.56456
-0.19211,-0.052641,0.50907,-0.15402,-0.0047828,0.56231
-0.14514,0.0030982,0.60618,-0.14689,0.076691,0.64118
-0.14512,0.0047236,0.60044,-0.14668,0.074293,0.63981
-0.14616,-0.00036166,0.59838,-0.14614,0.070948,0.63795
-0.14653,0.00087526,0.59472,-0.14567,0.068746,0.63609
-0.14761,-0.004274,0.59264,-0.14523,0.066546,0.63387
-0.14799,-0.0035232,0.58855,-0.14461,0.063972,0.63202
-0.14905,-0.0054164,0.58587,-0.14454,0.060791,0.63024
-0.14962,-0.0075593,0.58217,-0.14423,0.058154,0.62794
-0.15079,-0.0099004,0.57966,-0.14408,0.05599,0.6259
-0.15153,-0.011373,0.57642,-0.14355,0.054031,0.62313
-0.15275,-0.013762,0.5744,-0.14313,0.050624,0.62096
-0.15393,-0.015613,0.57127,-0.14344,0.047613,0.61908
-0.15502,-0.017358,0.56796,-0.14342,0.044997,0.61683
-0.1569,-0.020486,0.56543,-0.14357,0.042478,0.61452
-0.15751,-0.021963,0.56149,-0.14306,0.04009,0.61195
-0.15922,-0.02406,0.55922,-0.1435,0.036976,0.61001
-0.16064,-0.025445,0.55649,-0.14386,0.03486,0.60784
-0.16167,-0.027037,0.5537,-0.14364,0.03297,0.60511
-0.16386,-0.028959,0.55116,-0.1446,0.030034,0.60336
-0.16528,-0.03086,0.54823,-0.1452,0.027679,0.60111
-0.1668,-0.031721,0.54588,-0.14539,0.024803,0.59845
-0.16822,-0.033618,0.5426,-0.14529,0.022875,0.59554
-0.17038,-0.035456,0.54049,-0.14662,0.02021,0.59383
-0.17197,-0.037839,0.53689,-0.14714,0.01781,0.59127
-0.17409,-0.039494,0.53431,-0.14802,0.015957,0.58923
-0.17556,-0.040592,0.53209,-0.14834,0.014101,0.58659
-0.17723,-0.041791,0.52879,-0.14975,0.01058,0.58473
-0.17948,-0.043304,0.52676,-0.15041,0.0088775,0.58216
-0.18161,-0.045234,0.52452,-0.15133,0.0056768,0.57984
-0.18353,-0.046623,0.52166,-0.15223,0.0034612,0.57733
-0.18589,-0.047848,0.51963,-0.15375,0.0007403,0.57515
-0.18767,-0.049626,0.51626,-0.15441,-0.00083483,0.57261
-0.18994,-0.05025,0.51425,-0.15546,-0.0024641,0.56988
-0.1919,-0.051431,0.51202,-0.15617,-0.0043775,0.56715
-0.19387,-0.052602,0.50898,-0.15771,-0.0064845,0.56507
-0.14627,0.0025732,0.60495,-0.14724,0.076341,0.64128
-0.1477,0.00082319,0.6047,-0.14703,0.073849,0.6399
-0.14865,0.00097641,0.59967,-0.14712,0.070585,0.63839
-0.14948,-0.00063209,0.59646,-0.14719,0.068079,0.63691
-0.15051,-0.0030524,0.59418,-0.14733,0.064815,0.63542
-0.15164,-0.0052113,0.59182,-0.1473,0.062203,0.63387
-0.15225,-0.0071941,0.58867,-0.14722,0.059188,0.63222
-0.15292,-0.0090862,0.58491,-0.14676,0.056772,0.63001
-0.15434,-0.011442,0.58312,-0.14693,0.054291,0.62805
-0.15517,-0.013287,0.57976,-0.1465,0.051792,0.62556
-0.15618,-0.014981,0.57744,-0.14633,0.049752,0.6232
-0.15743,-0.017392,0.57399,-0.14658,0.04592,0.62137
-0.15839,-0.019592,0.57072,-0.14611,0.043856,0.61877
-0.15958,-0.021285,0.56725,-0.14617,0.041462,0.61648
-0.16126,-0.023529,0.56473,-0.14642,0.038308,0.61459
-0.16266,-0.025172,0.56171,-0.14667,0.035346,0.61225
-0.16417,-0.027183,0.55911,-0.147,0.032997,0.61015
-0.16551,-0.029297,0.55618,-0.14739,0.030432,0.60781
-0.16705,-0.030629,0.55386,-0.14749,0.028289,0.60552
-0.16866,-0.03217,0.55015,-0.14838,0.025404,0.60351
-0.17016,-0.033977,0.5475,-0.14843,0.023652,0.6007
-0.17209,-0.03626,0.54543,-0.14906,0.020981,0.59839
-0.17356,-0.037444,0.54206,-0.14955,0.018442,0.59575
-0.17579,-0.03932,0.53952,-0.15052,0.016077,0.59387
-0.17781,-0.040623,0.5375,-0.1517,0.013014,0.5917
-0.17916,-0.042302,0.53373,-0.15202,0.011592,0.58892
-0.18122,-0.043743,0.53177,-0.1532,0.0089681,0.58696
-0.1827,-0.045432,0.52877,-0.15353,0.0067884,0.58421
-0.18504,-0.046579,0.52615,-0.15456,0.0049537,0.58211
-0.18739,-0.048521,0.5246,-0.15589,0.0010076,0.57982
-0.18915,-0.049439,0.52122,-0.1533,0.0016417,0.57536
-0.19123,-0.050818,0.51892,-0.15803,-0.0031821,0.57503
-0.19309,-0.051659,0.51633,-0.15582,-0.0027576,0.57233
-0.1954,-0.052555,0.51389,-0.15735,-0.0049862,0.56976
-0.19725,-0.054713,0.51087,-0.15817,-0.0077471,0.56655
-0.14696,0.0021223,0.60562,-0.14766,0.075548,0.64158
-0.14849,0.0004994,0.60527,-0.14747,0.072929,0.64016
-0.15014,-0.0017632,0.60279,-0.14732,0.070561,0.63844
-0.15135,-0.0016052,0.59795,-0.14756,0.067437,0.63701
-0.1531,-0.004131,0.59569,-0.14808,0.064245,0.63572
-0.15386,-0.006252,0.59275,-0.14776,0.061682,0.63387
-0.15502,-0.0082722,0.58994,-0.14806,0.058835,0.63243
-0.15618,-0.01035,0.58755,-0.14831,0.055764,0.6308
-0.15724,-0.012819,0.58442,-0.14876,0.052815,0.6293
-0.15409,-0.0093444,0.58072,-0.14893,0.050507,0.62753
-0.15202,-0.0094321,0.578,-0.14934,0.046864,0.62575
-0.15283,-0.01166,0.5744,-0.14932,0.044435,0.62324
-0.15339,-0.013308,0.57156,-0.14951,0.041245,0.62114
-0.1549,-0.015663,0.56813,-0.14988,0.038769,0.61909
-0.15584,-0.01755,0.56472,-0.14972,0.036402,0.61674
-0.15758,-0.019727,0.56249,-0.14912,0.033742,0.61421
-0.15847,-0.021271,0.55893,-0.15039,0.03103,0.6123
-0.16057,-0.023421,0.55715,-0.15057,0.0294,0.61006
-0.16124,-0.025142,0.55374,-0.15093,0.026481,0.60774
-0.16305,-0.026676,0.55041,-0.15105,0.023632,0.60535
-0.1647,-0.028323,0.54804,-0.15165,0.021691,0.60304
-0.16628,-0.029948,0.54555,-0.15209,0.019413,0.60044
-0.16794,-0.031573,0.54332,-0.15332,0.016232,0.59834
-0.16952,-0.033024,0.54121,-0.15401,0.014195,0.59595
-0.17168,-0.034764,0.53864,-0.1542,0.012436,0.59335
-0.17408,-0.036332,0.53624,-0.15569,0.0097329,0.59147
-0.17526,-0.037639,0.53311,-0.15643,0.007022,0.58913
-0.17701,-0.039081,0.53064,-0.1573,0.0053907,0.58675
-0.17838,-0.040216,0.52689,-0.15792,0.0025927,0.58413
-0.18166,-0.042139,0.52593,-0.15617,0.0013545,0.58095
-0.18396,-0.043492,0.52323,-0.15639,-2.2937e-05,0.57818
-0.18538,-0.044666,0.52082,-0.15678,-0.0022263,0.57542
-0.18703,-0.046092,0.51766,-0.15773,-0.0040367,0.57303
-0.19003,-0.047829,0.5162,-0.15883,-0.0057944,0.57138
-0.19143,-0.048599,0.5124,-0.16156,-0.0095899,0.56332
